elapsed_ms,rss_mb_decimal,pss_mb_decimal,gpu_memory_mb_decimal,total_memory_mb_decimal,cgroup_memory_mb_decimal
0.0,820.44928,815.142912,0.0,820.44928,46124.670976
97.545653,820.44928,815.142912,0.0,820.44928,46124.916736
196.373127,820.44928,815.142912,0.0,820.44928,46124.941312
297.585388,820.44928,815.142912,0.0,820.44928,46124.662784
401.045733,820.44928,815.142912,0.0,820.44928,46124.908544
502.617124,820.44928,815.142912,0.0,820.44928,46124.89216
604.263631,820.44928,815.142912,0.0,820.44928,46124.875776
704.866272,820.44928,815.142912,0.0,820.44928,46124.597248
805.981836,820.44928,815.142912,0.0,820.44928,46124.580864
906.802284,820.44928,815.142912,0.0,820.44928,46124.56448
1007.250111,820.44928,815.142912,0.0,820.44928,46124.548096
1108.505284,820.44928,815.142912,0.0,820.44928,46124.531712
1211.740828,820.44928,815.142912,0.0,820.44928,46124.515328
1316.700773,820.44928,815.142912,0.0,820.44928,46124.761088
1423.898406,820.44928,815.142912,0.0,820.44928,46124.744704
1525.970471,820.44928,815.142912,0.0,820.44928,46124.72832
1627.384409,820.44928,815.142912,0.0,820.44928,46124.19584
1729.490542,820.44928,815.142912,0.0,820.44928,46124.17536
1831.95872,820.44928,815.142912,0.0,820.44928,46124.158976
1935.239156,820.44928,815.142912,0.0,820.44928,46124.142592
2035.4372,820.44928,815.142912,0.0,820.44928,46124.126208
2142.828894,820.44928,815.142912,0.0,820.44928,46124.109824
2250.918123,820.44928,815.142912,0.0,820.44928,46124.158976
2360.567712,820.44928,815.142912,0.0,820.44928,46124.11392
2466.409064,820.44928,815.142912,0.0,820.44928,46124.35968
2589.978442,820.457472,815.151104,0.0,820.457472,46124.8512
2703.669174,821.661696,816.347136,0.0,821.661696,46125.699072
2801.49083,821.661696,816.355328,0.0,821.661696,46125.682688
2899.187759,821.661696,816.355328,0.0,821.661696,46125.666304
3001.407852,821.661696,816.355328,0.0,821.661696,46125.912064
3101.943068,821.661696,816.355328,0.0,821.661696,46125.674496
3199.951796,821.661696,816.355328,0.0,821.661696,46125.920256
3296.585188,821.661696,816.355328,0.0,821.661696,46125.641728
3396.948774,821.661696,816.355328,0.0,821.661696,46125.481984
3492.393749,821.661696,816.355328,0.0,821.661696,46125.727744
3589.02091,821.661696,816.355328,0.0,821.661696,46125.71136
3684.4617,821.661696,816.355328,0.0,821.661696,46125.694976
3787.542496,821.661696,816.355328,0.0,821.661696,46125.678592
3888.984301,821.661696,816.355328,0.0,821.661696,46125.662208
3989.818141,821.661696,816.355328,0.0,821.661696,46125.645824
4089.864387,821.661696,816.355328,0.0,821.661696,46125.62944
4190.681155,821.661696,816.355328,0.0,821.661696,46125.613056
4291.507601,821.661696,816.355328,0.0,821.661696,46125.596672
4392.527999,821.661696,816.355328,0.0,821.661696,46125.842432
4497.806359,821.661696,816.355328,0.0,821.661696,46125.826048
4600.038988,821.661696,816.355328,0.0,821.661696,46125.809664
4702.649011,821.661696,816.355328,0.0,821.661696,46125.79328
4805.068711,821.661696,816.355328,0.0,821.661696,46125.776896
4906.678585,821.661696,816.355328,0.0,821.661696,46125.760512
5006.850909,821.661696,816.355328,0.0,821.661696,46125.744128
5109.299521,821.661696,816.355328,0.0,821.661696,46125.727744
5216.035051,821.673984,816.367616,0.0,821.673984,46126.36672
5316.729754,822.8864,817.580032,0.0,822.8864,46127.398912
5414.500028,822.8864,817.580032,0.0,822.8864,46127.382528
5509.672576,822.8864,817.580032,0.0,822.8864,46127.366144
5608.188769,822.8864,817.580032,0.0,822.8864,46127.34976
5704.95247,822.8864,817.580032,0.0,822.8864,46127.333376
5800.35605,822.8864,817.580032,0.0,822.8864,46127.316992
5904.284538,822.8864,817.580032,0.0,822.8864,46127.300608
6001.773305,822.8864,817.580032,0.0,822.8864,46127.284224
6099.098031,822.8864,817.580032,0.0,822.8864,46127.26784
6194.324945,822.8864,817.580032,0.0,822.8864,46127.251456
6296.365172,822.8864,817.580032,0.0,822.8864,46127.22688
6396.834015,822.8864,817.580032,0.0,822.8864,46127.128576
6501.078606,822.8864,817.580032,0.0,822.8864,46127.374336
6599.219693,822.8864,817.580032,0.0,822.8864,46127.357952
6703.389801,822.8864,817.580032,0.0,822.8864,46127.067136
6801.532293,822.8864,817.580032,0.0,822.8864,46127.050752
6906.769253,822.8864,817.580032,0.0,822.8864,46127.034368
7009.248658,822.8864,817.580032,0.0,822.8864,46126.75584
7110.346366,822.8864,817.580032,0.0,822.8864,46126.739456
7213.194511,822.8864,817.580032,0.0,822.8864,46126.71488
7314.296362,822.8864,817.580032,0.0,822.8864,46126.698496
7415.372607,822.8864,817.580032,0.0,822.8864,46126.682112
7516.7899,822.8864,817.580032,0.0,822.8864,46126.931968
7617.427976,822.8864,817.580032,0.0,822.8864,46126.649344
7724.256787,822.8864,817.580032,0.0,822.8864,46126.63296
7828.339078,822.8864,817.580032,0.0,822.8864,46129.119232
7928.98926,824.123392,818.817024,0.0,824.123392,46130.286592
8030.394046,824.123392,818.817024,0.0,824.123392,46129.426432
8129.594768,824.123392,818.816,0.0,824.123392,46129.524736
8227.710765,824.123392,818.817024,0.0,824.123392,46130.03264
8322.454056,824.123392,818.817024,0.0,824.123392,46129.754112
8424.789687,824.123392,818.817024,0.0,824.123392,46129.229824
8522.533617,824.123392,818.817024,0.0,824.123392,46129.21344
8621.147883,824.123392,818.817024,0.0,824.123392,46129.364992
8716.968256,824.123392,818.817024,0.0,824.123392,46129.364992
8814.472331,824.123392,818.817024,0.0,824.123392,46129.23392
8912.558108,824.123392,818.817024,0.0,824.123392,46129.491968
9007.366307,824.123392,818.817024,0.0,824.123392,46129.475584
9108.380441,824.123392,818.817024,0.0,824.123392,46129.4592
9209.683303,824.123392,818.817024,0.0,824.123392,46129.70496
9311.628555,824.123392,818.817024,0.0,824.123392,46129.426432
9415.110954,824.123392,818.817024,0.0,824.123392,46129.410048
9517.563561,824.123392,818.817024,0.0,824.123392,46129.655808
9618.653429,824.123392,818.817024,0.0,824.123392,46129.901568
9718.069258,824.123392,818.817024,0.0,824.123392,46129.885184
9817.198035,824.123392,818.817024,0.0,824.123392,46129.8688
9915.350666,824.123392,818.817024,0.0,824.123392,46129.852416
10016.014874,824.123392,818.817024,0.0,824.123392,46129.836032
10116.832444,824.123392,818.817024,0.0,824.123392,46129.819648
10218.897086,824.123392,818.817024,0.0,824.123392,46129.012736
10325.547955,824.123392,818.817024,0.0,824.123392,46129.258496
10431.310363,824.123392,818.817024,0.0,824.123392,46129.52064
10527.810658,825.339904,820.033536,0.0,825.339904,46131.32288
10627.906514,825.339904,820.033536,0.0,825.339904,46131.56864
10727.61745,825.339904,820.033536,0.0,825.339904,46131.552256
10826.25634,825.339904,820.033536,0.0,825.339904,46131.28192
10923.783463,825.339904,820.033536,0.0,825.339904,46131.265536
11023.631246,825.339904,820.033536,0.0,825.339904,46131.249152
11124.678669,825.339904,820.033536,0.0,825.339904,46131.494912
11224.345175,825.339904,820.033536,0.0,825.339904,46131.740672
11325.333883,825.339904,820.033536,0.0,825.339904,46131.724288
11426.102903,825.339904,820.033536,0.0,825.339904,46131.707904
11528.393639,825.339904,820.033536,0.0,825.339904,46131.69152
11636.056879,825.339904,820.033536,0.0,825.339904,46131.412992
11743.652727,825.339904,820.033536,0.0,825.339904,46130.8928
11847.670936,825.339904,820.033536,0.0,825.339904,46130.876416
11948.937958,825.339904,820.033536,0.0,825.339904,46130.352128
12049.780431,825.339904,820.033536,0.0,825.339904,46130.343936
12151.460745,825.339904,820.033536,0.0,825.339904,46130.622464
12260.61062,825.339904,820.033536,0.0,825.339904,46130.36032
12364.706466,825.339904,820.033536,0.0,825.339904,46130.54464
12468.746712,825.339904,820.033536,0.0,825.339904,46130.528256
12568.470723,825.339904,820.033536,0.0,825.339904,46130.25792
12667.830519,825.339904,820.033536,0.0,825.339904,46130.987008
12768.958286,825.339904,820.033536,0.0,825.339904,46130.548736
12868.901634,825.339904,820.033536,0.0,825.339904,46130.724864
12969.323351,825.339904,820.033536,0.0,825.339904,46130.700288
13075.082755,825.348096,820.041728,0.0,825.348096,46131.707904
13170.023339,826.556416,821.250048,0.0,826.556416,46132.740096
13272.517063,826.556416,821.250048,0.0,826.556416,46132.785152
13370.334492,826.556416,821.250048,0.0,826.556416,46132.768768
13468.932635,826.556416,821.250048,0.0,826.556416,46132.752384
13565.08306,826.556416,821.250048,0.0,826.556416,46132.473856
13662.637695,826.556416,821.250048,0.0,826.556416,46132.719616
13760.466657,826.556416,821.250048,0.0,826.556416,46132.703232
13855.314209,826.556416,821.250048,0.0,826.556416,46132.441088
13953.827304,826.556416,821.250048,0.0,826.556416,46132.424704
14053.021009,826.556416,821.250048,0.0,826.556416,46132.40832
14147.861086,826.556416,821.250048,0.0,826.556416,46132.391936
14247.41271,826.556416,821.250048,0.0,826.556416,46132.637696
14349.989089,826.556416,821.250048,0.0,826.556416,46132.359168
14451.874022,826.556416,821.250048,0.0,826.556416,46132.342784
14553.436266,826.556416,821.250048,0.0,826.556416,46132.3264
14651.99902,826.556416,821.250048,0.0,826.556416,46132.310016
14753.311133,826.556416,821.250048,0.0,826.556416,46132.555776
14854.233731,826.556416,821.250048,0.0,826.556416,46132.539392
14954.957773,826.556416,821.250048,0.0,826.556416,46132.260864
15057.4642,826.556416,821.250048,0.0,826.556416,46132.24448
15160.715121,826.556416,821.250048,0.0,826.556416,46132.482048
15263.44633,826.556416,821.250048,0.0,826.556416,46132.465664
15364.933711,826.556416,821.250048,0.0,826.556416,46132.371456
15466.51762,826.556416,821.250048,0.0,826.556416,46132.34688
15569.049024,826.556416,821.250048,0.0,826.556416,46132.068352
15671.229056,826.556416,821.250048,0.0,826.556416,46132.30592
15784.400927,826.568704,821.262336,0.0,826.568704,46133.051392
15880.114419,827.789312,822.482944,0.0,827.789312,46133.88288
15978.935462,827.789312,822.482944,0.0,827.789312,46133.866496
16075.053507,827.789312,822.482944,0.0,827.789312,46133.850112
16170.684256,827.789312,822.482944,0.0,827.789312,46133.833728
16267.496547,827.789312,822.482944,0.0,827.789312,46133.571584
16362.866268,827.789312,822.482944,0.0,827.789312,46133.5552
16460.716011,827.789312,822.482944,0.0,827.789312,46133.538816
16555.769521,827.789312,822.482944,0.0,827.789312,46133.522432
16654.455616,827.789312,822.482944,0.0,827.789312,46133.501952
16751.418873,827.789312,822.482944,0.0,827.789312,46133.747712
16846.890086,827.789312,822.482944,0.0,827.789312,46133.731328
16945.461851,827.789312,822.482944,0.0,827.789312,46133.714944
17043.775588,827.789312,822.482944,0.0,827.789312,46133.69856
17144.857957,827.789312,822.482944,0.0,827.789312,46133.682176
17249.861862,827.789312,822.482944,0.0,827.789312,46133.927936
17355.449491,827.789312,822.482944,0.0,827.789312,46133.649408
17455.406728,827.789312,822.482944,0.0,827.789312,46133.633024
17554.884907,827.789312,822.482944,0.0,827.789312,46133.61664
17656.456071,827.789312,822.482944,0.0,827.789312,46133.600256
17755.231775,827.789312,822.482944,0.0,827.789312,46132.494336
17856.540657,827.789312,822.482944,0.0,827.789312,46132.477952
17959.198879,827.789312,822.482944,0.0,827.789312,46132.461568
18058.00316,827.789312,822.482944,0.0,827.789312,46132.46976
18160.85671,827.789312,822.482944,0.0,827.789312,46132.453376
18264.344274,827.789312,822.482944,0.0,827.789312,46132.174848
18365.789354,827.789312,822.482944,0.0,827.789312,46133.129216
18459.674855,829.014016,823.707648,0.0,829.014016,46135.86944
18558.337642,829.014016,823.707648,0.0,829.014016,46135.615488
18654.631799,829.014016,823.707648,0.0,829.014016,46135.123968
18750.420067,829.014016,823.707648,0.0,829.014016,46135.631872
18846.973791,829.014016,823.707648,0.0,829.014016,46135.615488
18942.512529,829.014016,823.707648,0.0,829.014016,46135.599104
19039.950212,829.014016,823.707648,0.0,829.014016,46135.58272
19135.225701,829.014016,823.707648,0.0,829.014016,46135.566336
19235.738251,829.014016,823.707648,0.0,829.014016,46135.554048
19334.390669,829.014016,823.707648,0.0,829.014016,46135.533568
19430.621083,829.014016,823.707648,0.0,829.014016,46135.517184
19526.4864,829.014016,823.707648,0.0,829.014016,46135.246848
19625.68731,829.014016,823.707648,0.0,829.014016,46135.230464
19723.833778,829.014016,823.707648,0.0,829.014016,46135.476224
19824.247094,829.014016,823.707648,0.0,829.014016,46135.721984
19927.601846,829.014016,823.707648,0.0,829.014016,46135.7056
20030.042845,829.014016,823.707648,0.0,829.014016,46135.689216
20130.545185,829.014016,823.707648,0.0,829.014016,46135.672832
20229.941872,829.014016,823.707648,0.0,829.014016,46135.918592
20329.285037,829.014016,823.707648,0.0,829.014016,46135.640064
20427.922347,829.014016,823.707648,0.0,829.014016,46135.62368
20528.641421,829.014016,823.707648,0.0,829.014016,46135.607296
20628.67082,829.014016,823.707648,0.0,829.014016,46135.590912
20732.911593,829.014016,823.707648,0.0,829.014016,46135.574528
20830.857054,829.014016,823.707648,0.0,829.014016,46135.308288
20934.633348,829.014016,823.707648,0.0,829.014016,46135.54176
21037.378157,829.014016,823.707648,0.0,829.014016,46135.779328
21130.852148,830.246912,824.940544,0.0,830.246912,46137.05728
21233.045317,830.246912,824.940544,0.0,830.246912,46137.044992
21331.59571,830.246912,824.940544,0.0,830.246912,46137.028608
21429.638519,830.246912,824.940544,0.0,830.246912,46137.274368
21524.921159,830.246912,824.940544,0.0,830.246912,46137.257984
21623.504879,830.246912,824.940544,0.0,830.246912,46137.2416
21720.484023,830.246912,824.940544,0.0,830.246912,46137.225216
21815.96447,830.246912,824.940544,0.0,830.246912,46137.470976
21914.506439,830.246912,824.940544,0.0,830.246912,46137.454592
22010.603531,830.246912,824.940544,0.0,830.246912,46136.672256
22106.702869,830.246912,824.940544,0.0,830.246912,46136.655872
22203.733781,830.246912,824.940544,0.0,830.246912,46136.901632
22302.153516,830.246912,824.940544,0.0,830.246912,46136.885248
22403.2029,830.246912,824.940544,0.0,830.246912,46136.868864
22503.687437,830.246912,824.940544,0.0,830.246912,46136.85248
22609.539592,830.246912,824.940544,0.0,830.246912,46136.836096
22712.47352,830.246912,824.940544,0.0,830.246912,46136.815616
22814.770755,830.246912,824.940544,0.0,830.246912,46137.061376
22916.731094,830.246912,824.940544,0.0,830.246912,46137.044992
23018.909332,830.246912,824.940544,0.0,830.246912,46137.290752
23117.598184,830.246912,824.940544,0.0,830.246912,46137.274368
23219.054595,830.246912,824.940544,0.0,830.246912,46136.99584
23319.927917,830.246912,824.940544,0.0,830.246912,46136.983552
23420.978814,830.246912,824.940544,0.0,830.246912,46136.967168
23522.148634,830.246912,824.940544,0.0,830.246912,46136.950784
23627.397371,830.246912,824.940544,0.0,830.246912,46136.9344
23722.106434,831.471616,826.165248,0.0,831.471616,46138.73664
23820.918261,831.471616,826.165248,0.0,831.471616,46138.433536
23918.370695,831.471616,826.165248,0.0,831.471616,46138.40896
24013.618554,831.471616,826.165248,0.0,831.471616,46138.392576
24112.338671,831.471616,826.165248,0.0,831.471616,46138.138624
24208.249819,831.471616,826.165248,0.0,831.471616,46138.384384
24304.200419,831.471616,826.165248,0.0,831.471616,46138.372096
24400.686226,831.471616,826.165248,0.0,831.471616,46138.355712
24496.352667,831.471616,826.165248,0.0,831.471616,46138.339328
24593.260331,831.471616,826.165248,0.0,831.471616,46138.585088
24688.642061,831.471616,826.165248,0.0,831.471616,46138.568704
24787.168558,831.471616,826.165248,0.0,831.471616,46138.55232
24886.356037,831.471616,826.165248,0.0,831.471616,46136.32
24984.605036,831.471616,826.165248,0.0,831.471616,46136.29952
25083.191007,831.471616,826.165248,0.0,831.471616,46136.283136
25184.572404,831.471616,826.165248,0.0,831.471616,46136.266752
25285.321731,831.471616,826.165248,0.0,831.471616,46136.246272
25386.419582,831.471616,826.165248,0.0,831.471616,46136.229888
25487.344849,831.471616,826.165248,0.0,831.471616,46136.213504
25593.1488,831.471616,826.165248,0.0,831.471616,46136.19712
25696.236448,831.471616,826.165248,0.0,831.471616,46136.180736
25799.317794,831.471616,826.165248,0.0,831.471616,46136.426496
25900.944798,831.471616,826.165248,0.0,831.471616,46136.410112
26002.396973,831.471616,826.165248,0.0,831.471616,46136.393728
26101.007902,831.471616,826.165248,0.0,831.471616,46136.377344
26202.369721,831.471616,826.165248,0.0,831.471616,46136.619008
26303.359657,831.471616,826.165248,0.0,831.471616,46136.864768
26403.105044,831.483904,826.177536,0.0,831.483904,46137.094144
26501.584458,832.708608,827.40224,0.0,832.708608,46138.126336
26598.125493,832.708608,827.40224,0.0,832.708608,46138.109952
26696.807521,832.708608,827.40224,0.0,832.708608,46137.110528
26794.848672,832.708608,827.40224,0.0,832.708608,46137.094144
26893.283771,832.708608,827.40224,0.0,832.708608,46137.339904
26989.047158,832.708608,827.40224,0.0,832.708608,46137.32352
27086.792639,832.708608,827.40224,0.0,832.708608,46137.307136
27185.066268,832.708608,827.40224,0.0,832.708608,46137.290752
27280.463329,832.708608,827.40224,0.0,832.708608,46137.274368
27378.67015,832.708608,827.40224,0.0,832.708608,46137.004032
27476.279602,832.708608,827.40224,0.0,832.708608,46136.987648
27576.972465,832.708608,827.40224,0.0,832.708608,46136.971264
27676.78011,832.708608,827.40224,0.0,832.708608,46136.95488
27777.750488,832.708608,827.40224,0.0,832.708608,46137.20064
27877.254634,832.708608,827.40224,0.0,832.708608,46136.971264
27975.884032,832.708608,827.40224,0.0,832.708608,46136.95488
28077.060087,832.708608,827.40224,0.0,832.708608,46137.20064
28177.808711,832.708608,827.40224,0.0,832.708608,46137.184256
28278.89426,832.708608,827.40224,0.0,832.708608,46136.909824
28379.353632,832.708608,827.40224,0.0,832.708608,46136.89344
28484.677183,832.708608,827.40224,0.0,832.708608,46136.877056
28586.861528,832.708608,827.40224,0.0,832.708608,46136.860672
28689.298942,832.708608,827.40224,0.0,832.708608,46136.848384
28794.148242,832.708608,827.40224,0.0,832.708608,46136.832
28893.688486,832.708608,827.40224,0.0,832.708608,46136.602624
29018.885569,832.7168,827.410432,0.0,832.7168,46136.832
29113.907566,833.921024,828.614656,0.0,833.921024,46138.130432
29212.372878,833.921024,828.614656,0.0,833.921024,46138.134528
29309.677796,833.921024,828.614656,0.0,833.921024,46138.28608
29405.148853,833.921024,828.614656,0.0,833.921024,46138.53184
29503.727822,833.921024,828.614656,0.0,833.921024,46138.515456
29600.092144,833.921024,828.614656,0.0,833.921024,46138.499072
29695.981689,833.921024,828.614656,0.0,833.921024,46138.482688
29793.480018,833.921024,828.614656,0.0,833.921024,46138.466304
29889.126829,833.921024,828.614656,0.0,833.921024,46138.44992
29987.78275,833.921024,828.614656,0.0,833.921024,46138.433536
30084.696825,833.921024,828.614656,0.0,833.921024,46138.417152
30181.760992,833.921024,828.614656,0.0,833.921024,46138.400768
30286.517008,833.921024,828.614656,0.0,833.921024,46138.384384
30388.857394,833.921024,828.614656,0.0,833.921024,46138.368
30491.847505,833.921024,828.614656,0.0,833.921024,46137.827328
30593.897804,833.921024,828.614656,0.0,833.921024,46137.810944
30695.620672,833.921024,828.614656,0.0,833.921024,46137.778176
30797.700894,833.921024,828.614656,0.0,833.921024,46137.761792
30899.161855,833.921024,828.614656,0.0,833.921024,46138.003456
30997.947879,833.921024,828.614656,0.0,833.921024,46138.249216
31098.974432,833.921024,828.614656,0.0,833.921024,46138.232832
31200.469656,833.921024,828.614656,0.0,833.921024,46138.028032
31306.487157,833.921024,828.614656,0.0,833.921024,46138.011648
31408.725527,833.921024,828.614656,0.0,833.921024,46137.995264
31512.452565,833.921024,828.614656,0.0,833.921024,46137.716736
31620.733368,833.933312,828.626944,0.0,833.933312,46137.93792
31717.161971,835.145728,829.83936,0.0,835.145728,46138.970112
31812.860853,835.145728,829.83936,0.0,835.145728,46138.953728
31913.518257,835.145728,829.83936,0.0,835.145728,46139.26912
32014.862311,835.145728,829.83936,0.0,835.145728,46139.080704
32111.22832,835.145728,829.83936,0.0,835.145728,46138.621952
32211.666033,835.145728,829.83936,0.0,835.145728,46138.585088
32307.719907,835.145728,829.83936,0.0,835.145728,46138.527744
32419.128404,835.145728,829.837312,0.0,835.145728,46138.527744
32535.176172,835.145728,829.83936,0.0,835.145728,46138.769408
32637.654669,835.145728,829.83936,0.0,835.145728,46138.753024
32740.300075,835.145728,829.83936,0.0,835.145728,46138.73664
32841.826834,835.145728,829.83936,0.0,835.145728,46138.720256
32947.155608,835.145728,829.83936,0.0,835.145728,46139.179008
33050.19433,835.145728,829.83936,0.0,835.145728,46139.211776
33154.613852,835.145728,829.83936,0.0,835.145728,46139.191296
33259.951572,835.145728,829.83936,0.0,835.145728,46139.437056
33360.401818,835.145728,829.83936,0.0,835.145728,46139.420672
33460.285836,835.145728,829.83936,0.0,835.145728,46139.404288
33560.389704,835.145728,829.83936,0.0,835.145728,46139.224064
33660.569217,835.145728,829.83936,0.0,835.145728,46139.20768
33765.235181,835.145728,829.83936,0.0,835.145728,46139.191296
33863.728303,835.145728,829.83936,0.0,835.145728,46139.174912
33962.909381,835.145728,829.83936,0.0,835.145728,46139.158528
34069.245785,835.145728,829.83936,0.0,835.145728,46138.617856
34173.515612,835.145728,829.83936,0.0,835.145728,46139.12576
34280.592535,835.158016,829.851648,0.0,835.158016,46139.641856
34376.602372,836.374528,831.06816,0.0,836.374528,46141.198336
34475.025532,836.374528,831.06816,0.0,836.374528,46141.181952
34576.650284,836.374528,831.06816,0.0,836.374528,46141.165568
34677.757714,836.374528,831.06816,0.0,836.374528,46140.895232
34779.482003,836.374528,831.06816,0.0,836.374528,46140.358656
34877.827621,836.374528,831.06816,0.0,836.374528,46140.342272
34980.770304,836.374528,831.06816,0.0,836.374528,46139.232256
35079.55179,836.374528,831.06816,0.0,836.374528,46139.215872
35181.725469,836.374528,831.06816,0.0,836.374528,46139.199488
35280.354489,836.374528,831.06816,0.0,836.374528,46139.441152
35381.26461,836.374528,831.06816,0.0,836.374528,46139.424768
35486.852801,836.374528,831.06816,0.0,836.374528,46139.408384
35587.293692,836.374528,831.06816,0.0,836.374528,46139.392
35689.150829,836.374528,831.06816,0.0,836.374528,46139.375616
35793.646263,836.374528,831.06816,0.0,836.374528,46139.37152
35895.008315,836.374528,831.06816,0.0,836.374528,46139.355136
35996.915513,836.374528,831.06816,0.0,836.374528,46139.600896
36098.870423,836.374528,831.06816,0.0,836.374528,46139.383808
36200.623778,836.374528,831.06816,0.0,836.374528,46139.363328
36306.738324,836.374528,831.06816,0.0,836.374528,46139.088896
36411.751512,836.374528,831.06816,0.0,836.374528,46139.072512
36514.88689,836.374528,831.06816,0.0,836.374528,46139.056128
36620.202504,836.374528,831.06816,0.0,836.374528,46139.039744
36725.94491,836.374528,831.06816,0.0,836.374528,46138.63424
36830.592652,836.374528,831.06816,0.0,836.374528,46138.617856
36924.700341,836.386816,831.080448,0.0,836.386816,46139.37152
37023.656645,837.603328,832.29696,0.0,837.603328,46140.665856
37121.98141,837.603328,832.29696,0.0,837.603328,46140.649472
37220.944499,837.603328,832.29696,0.0,837.603328,46140.637184
37317.971664,837.603328,832.29696,0.0,837.603328,46140.6208
37417.027494,837.603328,832.29696,0.0,837.603328,46140.604416
37516.374931,837.603328,832.29696,0.0,837.603328,46140.391424
37619.27954,837.603328,832.29696,0.0,837.603328,46140.37504
37718.442392,837.603328,832.29696,0.0,837.603328,46140.358656
37817.511261,837.603328,832.29696,0.0,837.603328,46140.33408
37916.709675,837.603328,832.29696,0.0,837.603328,46140.317696
38012.497229,837.603328,832.29696,0.0,837.603328,46140.305408
38117.012358,837.603328,832.29696,0.0,837.603328,46140.256256
38217.014059,837.603328,832.29696,0.0,837.603328,46140.264448
38315.925339,837.603328,832.29696,0.0,837.603328,46140.243968
38417.957333,837.603328,832.29696,0.0,837.603328,46139.715584
38519.954919,837.603328,832.29696,0.0,837.603328,46139.695104
38626.412791,837.603328,832.295936,0.0,837.603328,46139.67872
38733.873027,837.603328,832.29696,0.0,837.603328,46139.662336
38836.950717,837.603328,832.29696,0.0,837.603328,46139.645952
38938.292962,837.603328,832.29696,0.0,837.603328,46139.629568
39040.616553,837.603328,832.29696,0.0,837.603328,46139.875328
39142.684073,837.603328,832.29696,0.0,837.603328,46139.854848
39243.532522,837.603328,832.29696,0.0,837.603328,46140.100608
39344.562189,837.603328,832.29696,0.0,837.603328,46139.82208
39446.093518,837.603328,832.29696,0.0,837.603328,46139.805696
39543.241374,838.815744,833.509376,0.0,838.815744,46141.3376
39642.631023,838.815744,833.509376,0.0,838.815744,46141.321216
39743.46741,838.815744,833.509376,0.0,838.815744,46141.304832
39846.367504,838.815744,833.509376,0.0,838.815744,46141.308928
39947.721283,838.815744,833.509376,0.0,838.815744,46141.292544
40046.695258,838.815744,833.509376,0.0,838.815744,46141.27616
40145.969446,838.815744,833.509376,0.0,838.815744,46141.259776
40243.066005,838.815744,833.509376,0.0,838.815744,46140.977152
40339.113819,838.815744,833.509376,0.0,838.815744,46140.960768
40438.14838,838.815744,833.509376,0.0,838.815744,46140.944384
40535.377596,838.815744,833.509376,0.0,838.815744,46140.928
40633.730502,838.815744,833.509376,0.0,838.815744,46140.911616
40738.845078,838.815744,833.509376,0.0,838.815744,46140.895232
40841.603907,838.815744,833.509376,0.0,838.815744,46140.878848
40946.227963,838.815744,833.509376,0.0,838.815744,46140.862464
41047.47321,838.815744,833.509376,0.0,838.815744,46140.84608
41151.200988,838.815744,833.509376,0.0,838.815744,46140.817408
41250.053532,838.815744,833.509376,0.0,838.815744,46140.772352
41349.25716,838.815744,833.509376,0.0,838.815744,46140.755968
41455.338646,838.815744,833.509376,0.0,838.815744,46141.001728
41564.589811,838.815744,833.509376,0.0,838.815744,46140.985344
41665.007519,838.815744,833.509376,0.0,838.815744,46140.96896
41764.649196,838.815744,833.509376,0.0,838.815744,46140.690432
41865.966567,838.815744,833.509376,0.0,838.815744,46140.674048
41969.160168,838.815744,833.509376,0.0,838.815744,46140.919808
42068.518184,838.815744,833.509376,0.0,838.815744,46142.824448
42167.723012,838.828032,833.521664,0.0,838.828032,46143.328256
42263.799177,840.040448,834.73408,0.0,840.040448,46144.364544
42363.225902,840.040448,834.73408,0.0,840.040448,46143.905792
42461.281776,840.040448,834.73408,0.0,840.040448,46143.889408
42559.528783,840.040448,834.73408,0.0,840.040448,46143.873024
42656.016351,840.040448,834.73408,0.0,840.040448,46143.85664
42756.72415,840.040448,834.73408,0.0,840.040448,46143.844352
42854.43691,840.040448,834.73408,0.0,840.040448,46143.827968
42950.707002,840.040448,834.73408,0.0,840.040448,46143.811584
43049.932,840.040448,834.73408,0.0,840.040448,46144.311296
43151.397323,840.040448,834.73408,0.0,840.040448,46143.135744
43254.260021,840.040448,834.73408,0.0,840.040448,46143.381504
43355.779455,840.040448,834.73408,0.0,840.040448,46143.102976
43456.87841,840.040448,834.73408,0.0,840.040448,46143.086592
43558.029227,840.040448,834.73408,0.0,840.040448,46143.070208
43658.889757,840.040448,834.73408,0.0,840.040448,46143.053824
43762.056398,840.040448,834.73408,0.0,840.040448,46143.03744
43865.574063,840.040448,834.73408,0.0,840.040448,46143.021056
43969.237204,840.040448,834.73408,0.0,840.040448,46143.004672
44073.522774,840.040448,834.73408,0.0,840.040448,46142.988288
44173.885064,840.040448,834.73408,0.0,840.040448,46142.971904
44274.358681,840.040448,834.73408,0.0,840.040448,46142.95552
44373.068816,840.040448,834.73408,0.0,840.040448,46142.03392
44474.830646,840.040448,834.73408,0.0,840.040448,46142.017536
44584.301894,840.052736,834.746368,0.0,840.052736,46142.783488
44683.236478,841.064448,835.75808,0.0,841.064448,46143.81568
44781.712896,841.064448,835.75808,0.0,841.064448,46143.594496
44877.575304,841.064448,835.75808,0.0,841.064448,46143.578112
44979.196943,841.064448,835.75808,0.0,841.064448,46143.561728
45077.784867,841.064448,835.75808,0.0,841.064448,46143.545344
45177.168173,841.064448,835.75808,0.0,841.064448,46143.791104
45275.17798,841.064448,835.75808,0.0,841.064448,46143.77472
45371.194091,841.064448,835.75808,0.0,841.064448,46143.758336
45478.94572,841.064448,835.75808,0.0,841.064448,46143.741952
45580.988919,841.064448,835.75808,0.0,841.064448,46143.725568
45683.623363,841.064448,835.75808,0.0,841.064448,46143.709184
45785.942809,841.064448,835.75808,0.0,841.064448,46143.6928
45885.671945,841.064448,835.75808,0.0,841.064448,46143.676416
45989.671389,841.064448,835.75808,0.0,841.064448,46143.660032
46088.71535,841.064448,835.75808,0.0,841.064448,46143.643648
46188.012071,841.064448,835.75808,0.0,841.064448,46143.627264
46293.75477,841.064448,835.75808,0.0,841.064448,46143.614976
46396.841012,841.064448,835.75808,0.0,841.064448,46143.598592
46501.240971,841.064448,835.75808,0.0,841.064448,46143.582208
46601.67001,841.064448,835.75808,0.0,841.064448,46143.565824
46703.43956,841.064448,835.75808,0.0,841.064448,46143.54944
46804.436756,841.064448,835.75808,0.0,841.064448,46143.533056
46928.153563,841.076736,835.770368,0.0,841.076736,46144.024576
47026.766122,842.027008,836.72064,0.0,842.027008,46145.343488
47123.299203,842.027008,836.72064,0.0,842.027008,46145.069056
47222.882791,842.027008,836.72064,0.0,842.027008,46145.57696
47323.422424,842.027008,836.72064,0.0,842.027008,46147.8912
47427.096865,842.027008,836.72064,0.0,842.027008,46147.956736
47529.146249,842.027008,836.72064,0.0,842.027008,46146.813952
47626.059651,842.027008,836.72064,0.0,842.027008,46146.322432
47724.633432,842.027008,836.72064,0.0,842.027008,46148.325376
47821.046462,842.027008,836.72064,0.0,842.027008,46147.592192
47919.845883,842.027008,836.72064,0.0,842.027008,46147.837952
48018.949031,842.027008,836.72064,0.0,842.027008,46147.821568
48122.565936,842.027008,836.72064,0.0,842.027008,46147.805184
48224.241859,842.027008,836.72064,0.0,842.027008,46148.079616
48325.50729,842.027008,836.72064,0.0,842.027008,46147.551232
48424.705244,842.027008,836.72064,0.0,842.027008,46147.538944
48526.491874,842.027008,836.72064,0.0,842.027008,46147.21536
48630.95531,842.027008,836.72064,0.0,842.027008,46147.19488
48734.732273,842.027008,836.72064,0.0,842.027008,46147.149824
48840.227435,842.027008,836.72064,0.0,842.027008,46147.121152
48940.93916,842.027008,836.72064,0.0,842.027008,46147.166208
49041.017511,842.027008,836.72064,0.0,842.027008,46147.149824
49142.826966,842.027008,836.72064,0.0,842.027008,46147.395584
49242.520376,842.027008,836.72064,0.0,842.027008,46147.584
49341.936694,842.027008,836.72064,0.0,842.027008,46146.768896
49443.242495,842.027008,836.72064,0.0,842.027008,46146.748416
49543.539685,842.039296,836.732928,0.0,842.039296,46147.50208
49642.30324,843.22304,837.916672,0.0,843.22304,46148.534272
49740.974645,843.22304,837.916672,0.0,843.22304,46148.517888
49840.113482,843.22304,837.916672,0.0,843.22304,46147.985408
49936.965393,843.22304,837.916672,0.0,843.22304,46147.969024
50036.029745,843.22304,837.916672,0.0,843.22304,46147.95264
50135.51132,843.22304,837.916672,0.0,843.22304,46147.936256
50233.401226,843.22304,837.916672,0.0,843.22304,46147.674112
50329.264026,843.22304,837.916672,0.0,843.22304,46147.919872
50428.957057,843.22304,837.916672,0.0,843.22304,46147.637248
50531.385728,843.22304,837.916672,0.0,843.22304,46147.620864
50637.891864,843.22304,837.916672,0.0,843.22304,46147.600384
50740.757216,843.22304,837.916672,0.0,843.22304,46147.584
50843.638481,843.22304,837.916672,0.0,843.22304,46147.567616
50946.940864,843.22304,837.916672,0.0,843.22304,46147.547136
51046.790026,843.22304,837.916672,0.0,843.22304,46147.7888
51148.435461,843.22304,837.916672,0.0,843.22304,46147.76832
51247.654468,843.22304,837.916672,0.0,843.22304,46147.756032
51349.002166,843.22304,837.916672,0.0,843.22304,46148.001792
51450.533468,843.22304,837.916672,0.0,843.22304,46147.985408
51552.226046,843.22304,837.916672,0.0,843.22304,46147.969024
51655.884335,843.22304,837.916672,0.0,843.22304,46147.95264
51762.356261,843.22304,837.916672,0.0,843.22304,46147.268608
51864.257214,843.22304,837.916672,0.0,843.22304,46147.252224
51965.648922,843.22304,837.916672,0.0,843.22304,46147.23584
52090.796565,843.235328,837.92896,0.0,843.235328,46147.497984
52191.387427,844.365824,839.059456,0.0,844.365824,46148.530176
52292.505479,844.365824,839.059456,0.0,844.365824,46148.243456
52394.283134,844.365824,839.059456,0.0,844.365824,46148.75136
52493.524246,844.365824,839.059456,0.0,844.365824,46148.734976
52594.253732,844.365824,839.059456,0.0,844.365824,46148.718592
52692.915621,844.365824,839.059456,0.0,844.365824,46148.702208
52788.636171,844.365824,839.059456,0.0,844.365824,46148.685824
52887.728673,844.365824,839.059456,0.0,844.365824,46148.66944
52992.825083,844.365824,839.059456,0.0,844.365824,46148.653056
53093.552395,844.365824,839.059456,0.0,844.365824,46148.644864
53192.810265,844.365824,839.059456,0.0,844.365824,46148.939776
53293.542332,844.365824,839.059456,0.0,844.365824,46148.780032
53399.811802,844.365824,839.059456,0.0,844.365824,46150.402048
53505.11206,844.365824,839.059456,0.0,844.365824,46150.385664
53608.945187,844.365824,839.059456,0.0,844.365824,46150.36928
53709.508284,844.365824,839.059456,0.0,844.365824,46150.22592
53811.576868,844.365824,839.059456,0.0,844.365824,46150.20544
53911.659931,844.365824,839.059456,0.0,844.365824,46150.189056
54010.659431,844.365824,839.059456,0.0,844.365824,46150.434816
54109.740917,844.365824,839.059456,0.0,844.365824,46150.672384
54209.215879,844.365824,839.059456,0.0,844.365824,46150.381568
54316.328749,844.365824,839.059456,0.0,844.365824,46150.356992
54415.834857,845.299712,839.993344,0.0,845.299712,46151.12704
54512.208145,845.299712,839.993344,0.0,845.299712,46151.110656
54613.323423,845.299712,839.993344,0.0,845.299712,46150.71744
54710.239607,845.299712,839.993344,0.0,845.299712,46150.701056
54811.059537,845.299712,839.993344,0.0,845.299712,46150.541312
54910.049875,845.299712,839.993344,0.0,845.299712,46150.606848
55006.137023,845.299712,839.993344,0.0,845.299712,46150.590464
55105.091755,845.299712,839.993344,0.0,845.299712,46150.459392
55206.851384,845.299712,839.993344,0.0,845.299712,46150.443008
55310.692198,845.299712,839.993344,0.0,845.299712,46150.688768
55407.806528,845.299712,839.993344,0.0,845.299712,46150.672384
55506.910509,845.299712,839.993344,0.0,845.299712,46150.656
55608.456366,845.299712,839.993344,0.0,845.299712,46150.639616
55712.195111,845.299712,839.993344,0.0,845.299712,46150.623232
55818.235777,845.299712,839.993344,0.0,845.299712,46150.43072
55920.730512,845.299712,839.993344,0.0,845.299712,46150.316032
56024.200722,845.299712,839.993344,0.0,845.299712,46150.299648
56124.773829,845.299712,839.993344,0.0,845.299712,46150.807552
56225.991055,845.299712,839.993344,0.0,845.299712,46150.791168
56329.575412,845.299712,839.993344,0.0,845.299712,46150.51264
56431.0628,845.299712,839.993344,0.0,845.299712,46150.7584
56529.698065,845.299712,839.993344,0.0,845.299712,46150.742016
56629.952312,845.299712,839.993344,0.0,845.299712,46150.725632
56733.939198,845.299712,839.993344,0.0,845.299712,46150.463488
56840.724961,845.299712,839.993344,0.0,845.299712,46150.189056
56942.586978,845.299712,839.993344,0.0,845.299712,46150.172672
57047.079203,845.312,840.005632,0.0,845.312,46150.172672
57144.177149,846.536704,841.230336,0.0,846.536704,46151.204864
57242.494426,846.536704,841.230336,0.0,846.536704,46151.18848
57349.012908,846.536704,841.230336,0.0,846.536704,46151.438336
57449.807018,846.536704,841.230336,0.0,846.536704,46151.421952
57547.928134,846.536704,841.230336,0.0,846.536704,46151.139328
57645.085665,846.536704,841.230336,0.0,846.536704,46150.873088
57745.269341,846.536704,841.230336,0.0,846.536704,46151.016448
57845.394386,846.536704,841.229312,0.0,846.536704,46151.262208
57949.2835,846.536704,841.230336,0.0,846.536704,46150.98368
58045.929227,846.536704,841.230336,0.0,846.536704,46150.971392
58147.343094,846.536704,841.230336,0.0,846.536704,46150.955008
58250.697375,846.536704,841.230336,0.0,846.536704,46151.200768
58359.299111,846.536704,841.230336,0.0,846.536704,46151.446528
58464.239243,846.536704,841.230336,0.0,846.536704,46151.430144
58563.126601,846.536704,841.230336,0.0,846.536704,46151.41376
58664.642679,846.536704,841.230336,0.0,846.536704,46151.397376
58766.316499,846.536704,841.230336,0.0,846.536704,46151.380992
58869.984652,846.536704,841.230336,0.0,846.536704,46151.364608
58976.78493,846.536704,841.230336,0.0,846.536704,46151.348224
59077.708543,846.536704,841.230336,0.0,846.536704,46151.33184
59177.746429,846.536704,841.230336,0.0,846.536704,46151.315456
59278.276047,846.536704,841.230336,0.0,846.536704,46151.299072
59387.767117,846.536704,841.230336,0.0,846.536704,46151.544832
59489.418658,846.536704,841.230336,0.0,846.536704,46151.528448
59590.904875,846.536704,841.230336,0.0,846.536704,46150.98368
59686.101538,846.62272,841.316352,0.0,846.62272,46152.261632
59785.960938,847.720448,842.41408,0.0,847.720448,46152.773632
59884.945003,847.720448,842.41408,0.0,847.720448,46152.503296
59984.909736,847.720448,842.41408,0.0,847.720448,46152.486912
60086.409657,847.720448,842.41408,0.0,847.720448,46152.470528
60189.012268,847.720448,842.41408,0.0,847.720448,46152.716288
60291.995878,847.720448,842.41408,0.0,847.720448,46152.257536
60401.787013,847.720448,842.41408,0.0,847.720448,46152.769536
60498.974454,847.720448,842.41408,0.0,847.720448,46152.753152
60595.074886,847.720448,842.41408,0.0,847.720448,46152.736768
60694.463824,847.720448,842.41408,0.0,847.720448,46152.720384
60792.039549,847.720448,842.41408,0.0,847.720448,46152.704
60888.225834,847.720448,842.41408,0.0,847.720448,46152.687616
60987.345804,847.720448,842.41408,0.0,847.720448,46152.667136
61086.227647,847.720448,842.41408,0.0,847.720448,46152.650752
61182.879538,847.720448,842.41408,0.0,847.720448,46152.634368
61279.631989,847.720448,842.41408,0.0,847.720448,46152.617984
61383.524548,847.720448,842.41408,0.0,847.720448,46152.6016
61492.763473,847.720448,842.41408,0.0,847.720448,46152.585216
61598.526327,847.720448,842.41408,0.0,847.720448,46152.568832
61698.973004,847.720448,842.41408,0.0,847.720448,46152.552448
61800.723359,847.720448,842.41408,0.0,847.720448,46152.278016
61900.493123,847.720448,842.41408,0.0,847.720448,46152.51968
61999.236205,847.720448,842.41408,0.0,847.720448,46152.503296
62098.594502,847.720448,842.41408,0.0,847.720448,46152.486912
62200.397195,847.720448,842.41408,0.0,847.720448,46152.470528
62301.631782,847.720448,842.41408,0.0,847.720448,46152.716288
62406.290235,847.720448,842.41408,0.0,847.720448,46152.962048
62513.024401,847.720448,842.41408,0.0,847.720448,46152.691712
62616.829903,847.720448,842.41408,0.0,847.720448,46152.675328
62715.934096,847.720448,842.41408,0.0,847.720448,46152.921088
62820.300105,849.28512,843.978752,0.0,849.28512,46154.723328
62917.424532,849.28512,843.978752,0.0,849.28512,46154.706944
63013.73445,849.28512,843.978752,0.0,849.28512,46154.694656
63113.025217,849.28512,843.978752,0.0,849.28512,46154.678272
63215.446528,849.28512,843.978752,0.0,849.28512,46154.6496
63318.511145,849.28512,843.978752,0.0,849.28512,46154.625024
63423.834422,849.28512,843.978752,0.0,849.28512,46155.661312
63522.803562,849.28512,843.978752,0.0,849.28512,46155.907072
63618.941314,849.28512,843.978752,0.0,849.28512,46155.890688
63718.055384,849.28512,843.978752,0.0,849.28512,46155.874304
63818.349299,849.28512,843.978752,0.0,849.28512,46155.599872
63915.452694,849.28512,843.978752,0.0,849.28512,46155.583488
64011.59121,849.28512,843.978752,0.0,849.28512,46155.567104
64110.637795,849.28512,843.978752,0.0,849.28512,46155.55072
64207.199827,849.28512,843.978752,0.0,849.28512,46155.534336
64304.315518,849.28512,843.978752,0.0,849.28512,46155.112448
64410.379269,849.28512,843.978752,0.0,849.28512,46154.788864
64510.783503,849.28512,843.978752,0.0,849.28512,46154.776576
64610.562585,849.28512,843.978752,0.0,849.28512,46154.764288
64712.225479,849.28512,843.978752,0.0,849.28512,46154.747904
64813.802848,849.28512,843.978752,0.0,849.28512,46154.371072
64913.122962,849.28512,843.978752,0.0,849.28512,46154.420224
65013.724521,849.28512,843.978752,0.0,849.28512,46154.665984
65113.011253,849.28512,843.978752,0.0,849.28512,46154.911744
65214.551501,849.28512,843.978752,0.0,849.28512,46154.87488
65317.643753,849.28512,843.978752,0.0,849.28512,46155.12064
65421.335109,849.28512,843.978752,0.0,849.28512,46155.3664
65527.653277,849.28512,843.978752,0.0,849.28512,46155.350016
65628.505322,849.28512,843.978752,0.0,849.28512,46155.333632
65729.615456,849.28512,843.978752,0.0,849.28512,46155.317248
65857.395967,849.289216,843.982848,0.0,849.289216,46155.55072
65958.991812,850.866176,845.559808,0.0,850.866176,46157.1072
66061.517576,850.866176,845.559808,0.0,850.866176,46157.23008
66159.271317,850.866176,845.559808,0.0,850.866176,46157.213696
66260.960372,850.866176,845.559808,0.0,850.866176,46157.197312
66359.615441,850.866176,845.559808,0.0,850.866176,46157.180928
66461.613517,850.866176,845.559808,0.0,850.866176,46157.164544
66560.714053,850.866176,845.559808,0.0,850.866176,46157.14816
66662.535893,850.866176,845.559808,0.0,850.866176,46157.131776
66764.216935,850.866176,845.559808,0.0,850.866176,46156.853248
66865.607378,850.866176,845.559808,0.0,850.866176,46160.498688
66967.180306,850.866176,845.559808,0.0,850.866176,46157.520896
67067.062595,850.866176,845.559808,0.0,850.866176,46156.865536
67171.848412,850.866176,845.559808,0.0,850.866176,46156.591104
67274.4247,850.866176,845.559808,0.0,850.866176,46156.570624
67380.858921,850.866176,845.559808,0.0,850.866176,46156.550144
67484.582715,850.866176,845.559808,0.0,850.866176,46156.53376
67587.144298,850.866176,845.559808,0.0,850.866176,46156.77952
67693.288491,850.866176,845.559808,0.0,850.866176,46156.763136
67799.122214,850.866176,845.559808,0.0,850.866176,46156.742656
67903.506795,850.866176,845.559808,0.0,850.866176,46156.726272
68006.23051,850.866176,845.559808,0.0,850.866176,46156.259328
68107.048776,850.866176,845.559808,0.0,850.866176,46155.948032
68206.747938,850.866176,845.559808,0.0,850.866176,46156.197888
68310.795734,850.866176,845.559808,0.0,850.866176,46156.435456
68413.497643,850.866176,845.559808,0.0,850.866176,46156.41088
68521.006005,850.866176,845.563904,0.0,850.866176,46156.652544
68616.050191,852.119552,846.813184,0.0,852.119552,46158.454784
68715.43707,852.119552,846.813184,0.0,852.119552,46157.963264
68815.486568,852.119552,846.813184,0.0,852.119552,46157.950976
68914.039671,852.119552,846.813184,0.0,852.119552,46158.528512
69010.111085,852.119552,846.813184,0.0,852.119552,46158.25408
69109.376659,852.119552,846.813184,0.0,852.119552,46158.2336
69208.519296,852.119552,846.813184,0.0,852.119552,46158.47936
69306.28445,852.119552,846.813184,0.0,852.119552,46157.553664
69402.415457,852.119552,846.813184,0.0,852.119552,46157.53728
69501.698527,852.119552,846.813184,0.0,852.119552,46157.787136
69602.136893,852.119552,846.813184,0.0,852.119552,46157.770752
69699.937728,852.119552,846.813184,0.0,852.119552,46157.754368
69799.312407,852.119552,846.813184,0.0,852.119552,46157.213696
69903.002731,852.119552,846.813184,0.0,852.119552,46157.033472
70006.834555,852.119552,846.813184,0.0,852.119552,46157.021184
70118.321801,852.119552,846.813184,0.0,852.119552,46157.0048
70231.646726,852.119552,846.813184,0.0,852.119552,46157.25056
70336.895255,852.119552,846.813184,0.0,852.119552,46156.980224
70436.462241,852.119552,846.813184,0.0,852.119552,46156.959744
70535.35399,852.119552,846.813184,0.0,852.119552,46157.205504
70637.884653,852.119552,846.813184,0.0,852.119552,46157.185024
70741.363448,852.119552,846.813184,0.0,852.119552,46157.164544
70849.638187,852.119552,846.813184,0.0,852.119552,46157.406208
70952.399202,852.119552,846.813184,0.0,852.119552,46157.6192
71053.249242,852.119552,846.813184,0.0,852.119552,46157.627392
71157.942994,852.119552,846.813184,0.0,852.119552,46157.934592
71259.19695,852.119552,846.813184,0.0,852.119552,46158.467072
71365.55044,852.119552,846.813184,0.0,852.119552,46159.95392
71461.249712,853.4016,848.095232,0.0,853.4016,46159.785984
71559.338804,853.4016,848.095232,0.0,853.4016,46160.027648
71658.189816,853.4016,848.095232,0.0,853.4016,46160.011264
71761.028777,853.4016,848.095232,0.0,853.4016,46159.282176
71859.888879,853.4016,848.095232,0.0,853.4016,46159.527936
71957.116252,853.4016,848.095232,0.0,853.4016,46159.253504
72054.089035,853.4016,848.095232,0.0,853.4016,46159.23712
72154.466046,853.4016,848.095232,0.0,853.4016,46158.962688
72255.533288,853.4016,848.095232,0.0,853.4016,46158.942208
72354.217495,853.4016,848.095232,0.0,853.4016,46158.925824
72451.719752,853.4016,848.095232,0.0,853.4016,46158.90944
72547.306571,853.4016,848.095232,0.0,853.4016,46159.1552
72646.289662,853.4016,848.095232,0.0,853.4016,46159.138816
72743.249689,853.4016,848.095232,0.0,853.4016,46159.536128
72839.31532,853.4016,848.095232,0.0,853.4016,46159.761408
72943.761862,853.4016,848.095232,0.0,853.4016,46159.745024
73043.410475,853.4016,848.095232,0.0,853.4016,46159.581184
73144.245864,853.4016,848.095232,0.0,853.4016,46159.5648
73245.236335,853.4016,848.095232,0.0,853.4016,46159.548416
73346.344418,853.4016,848.095232,0.0,853.4016,46159.532032
73447.199598,853.4016,848.095232,0.0,853.4016,46159.253504
73546.202284,853.4016,848.095232,0.0,853.4016,46159.23712
73655.019179,853.4016,848.095232,0.0,853.4016,46159.48288
73760.682697,853.4016,848.095232,0.0,853.4016,46159.466496
73862.187081,853.4016,848.095232,0.0,853.4016,46159.450112
73963.629208,853.4016,848.095232,0.0,853.4016,46159.433728
74063.111624,853.4016,848.095232,0.0,853.4016,46159.417344
74161.466696,853.4016,848.095232,0.0,853.4016,46159.40096
74261.966298,853.4016,848.095232,0.0,853.4016,46159.384576
74379.35387,853.4016,848.095232,0.0,853.4016,46159.876096
74475.718605,854.8352,849.528832,0.0,854.8352,46161.432576
74571.730747,854.8352,849.528832,0.0,854.8352,46161.416192
74670.780374,854.8352,849.528832,0.0,854.8352,46161.399808
74767.116414,854.8352,849.528832,0.0,854.8352,46161.133568
74864.848045,854.8352,849.528832,0.0,854.8352,46160.859136
74963.670684,854.8352,849.528832,0.0,854.8352,46160.842752
75060.652612,854.8352,849.528832,0.0,854.8352,46160.785408
75156.42125,854.8352,849.528832,0.0,854.8352,46160.572416
75255.466334,854.8352,849.528832,0.0,854.8352,46160.556032
75355.723428,854.8352,849.528832,0.0,854.8352,46160.539648
75455.739574,854.8352,849.528832,0.0,854.8352,46160.523264
75555.203861,854.8352,849.528832,0.0,854.8352,46160.50688
75653.433417,854.8352,849.528832,0.0,854.8352,46160.490496
75754.290803,854.8352,849.528832,0.0,854.8352,46160.474112
75854.906326,854.8352,849.528832,0.0,854.8352,46160.457728
75955.990622,854.8352,849.528832,0.0,854.8352,46160.441344
76056.211291,854.8352,849.528832,0.0,854.8352,46160.42496
76163.855646,854.8352,849.528832,0.0,854.8352,46160.408576
76268.660892,854.8352,849.528832,0.0,854.8352,46160.474112
76369.18997,854.8352,849.528832,0.0,854.8352,46160.400384
76469.234422,854.8352,849.528832,0.0,854.8352,46160.572416
76569.918087,854.8352,849.528832,0.0,854.8352,46160.560128
76670.764636,854.8352,849.528832,0.0,854.8352,46160.75264
76773.39894,854.839296,849.532928,0.0,854.839296,46160.478208
76871.071633,854.851584,849.545216,0.0,854.851584,46160.986112
76971.230861,854.851584,849.545216,0.0,854.851584,46160.236544
77074.472213,854.851584,849.545216,0.0,854.851584,46160.003072
77171.177458,854.851584,849.545216,0.0,854.851584,46159.978496
77271.849692,854.851584,849.545216,0.0,854.851584,46160.478208
77373.100138,854.851584,849.545216,0.0,854.851584,46160.461824
77472.166874,854.851584,849.545216,0.0,854.851584,46160.44544
77568.770631,854.851584,849.545216,0.0,854.851584,46160.175104
77665.02489,854.851584,849.545216,0.0,854.851584,46160.420864
77764.065805,854.851584,849.545216,0.0,854.851584,46160.142336
77863.619325,854.851584,849.545216,0.0,854.851584,46160.125952
77959.151904,854.851584,849.545216,0.0,854.851584,46160.109568
78059.296388,854.851584,849.545216,0.0,854.851584,46160.093184
78165.444561,854.851584,849.545216,0.0,854.851584,46160.0768
78268.213199,854.851584,849.545216,0.0,854.851584,46160.32256
78371.59906,854.851584,849.545216,0.0,854.851584,46160.306176
78474.0965,854.851584,849.545216,0.0,854.851584,46160.54784
78574.116824,854.851584,849.545216,0.0,854.851584,46160.531456
78675.009474,854.851584,849.545216,0.0,854.851584,46160.777216
78775.729422,854.851584,849.545216,0.0,854.851584,46160.760832
78877.080575,854.851584,849.545216,0.0,854.851584,46160.515072
78975.984737,854.851584,849.545216,0.0,854.851584,46160.498688
79080.165462,854.851584,849.545216,0.0,854.851584,46160.482304
79183.480702,854.851584,849.545216,0.0,854.851584,46160.46592
79286.365558,854.851584,849.545216,0.0,854.851584,46160.420864
79388.606575,854.851584,849.545216,0.0,854.851584,46160.142336
79502.441349,854.851584,849.545216,0.0,854.851584,46160.105472
79602.28503,856.04352,850.737152,0.0,856.04352,46161.399808
79700.406964,856.04352,850.737152,0.0,856.04352,46161.645568
79799.455241,856.04352,850.737152,0.0,856.04352,46161.38752
79896.293005,856.04352,850.737152,0.0,856.04352,46161.371136
79992.110967,856.04352,850.737152,0.0,856.04352,46161.354752
80093.279716,856.04352,850.737152,0.0,856.04352,46161.133568
80194.58285,856.04352,850.737152,0.0,856.04352,46161.117184
80293.611371,856.04352,850.737152,0.0,856.04352,46161.092608
80391.325654,856.04352,850.737152,0.0,856.04352,46161.076224
80490.338761,856.04352,850.737152,0.0,856.04352,46161.05984
80595.42948,856.04352,850.737152,0.0,856.04352,46161.043456
80699.415053,856.04352,850.737152,0.0,856.04352,46161.289216
80802.392441,856.04352,850.737152,0.0,856.04352,46161.272832
80902.332368,856.04352,850.737152,0.0,856.04352,46161.256448
81002.604613,856.04352,850.737152,0.0,856.04352,46161.240064
81103.204994,856.04352,850.737152,0.0,856.04352,46161.22368
81203.771656,856.04352,850.737152,0.0,856.04352,46161.207296
81305.122856,856.04352,850.737152,0.0,856.04352,46161.190912
81405.932414,856.04352,850.737152,0.0,856.04352,46161.174528
81507.694197,856.04352,850.737152,0.0,856.04352,46161.145856
81611.313415,856.04352,850.737152,0.0,856.04352,46161.129472
81714.340347,856.04352,850.737152,0.0,856.04352,46161.375232
81815.658159,856.04352,850.737152,0.0,856.04352,46161.866752
81913.211951,856.932352,851.625984,0.0,856.932352,46163.161088
82008.597504,856.932352,851.625984,0.0,856.932352,46163.144704
82107.490395,856.932352,851.625984,0.0,856.932352,46163.12832
82205.115839,856.932352,851.625984,0.0,856.932352,46162.849792
82301.222495,856.932352,851.625984,0.0,856.932352,46162.833408
82401.819679,856.932352,851.625984,0.0,856.932352,46162.567168
82500.51758,856.932352,851.625984,0.0,856.932352,46162.550784
82598.582677,856.932352,851.625984,0.0,856.932352,46162.276352
82693.967441,856.932352,851.625984,0.0,856.932352,46162.259968
82794.892992,856.932352,851.625984,0.0,856.932352,46162.505728
82893.471716,856.932352,851.625984,0.0,856.932352,46162.489344
82991.735673,856.932352,851.625984,0.0,856.932352,46162.47296
83090.92724,856.932352,851.625984,0.0,856.932352,46162.456576
83190.121984,856.932352,851.625984,0.0,856.932352,46162.440192
83289.945582,856.932352,851.625984,0.0,856.932352,46162.685952
83393.828751,856.932352,851.625984,0.0,856.932352,46161.854464
83494.781965,856.932352,851.625984,0.0,856.932352,46161.83808
83595.90329,856.932352,851.625984,0.0,856.932352,46161.821696
83697.478532,856.932352,851.625984,0.0,856.932352,46161.805312
83801.347395,856.932352,851.625984,0.0,856.932352,46161.788928
83907.291736,856.932352,851.625984,0.0,856.932352,46161.772544
84008.239009,856.932352,851.625984,0.0,856.932352,46162.018304
84107.971435,856.932352,851.625984,0.0,856.932352,46161.743872
84207.46565,856.932352,851.625984,0.0,856.932352,46161.727488
84307.290249,856.932352,851.625984,0.0,856.932352,46161.973248
84410.251002,856.932352,851.625984,0.0,856.932352,46161.6128
84509.494517,856.932352,851.625984,0.0,856.932352,46161.596416
84610.272781,856.932352,851.625984,0.0,856.932352,46162.612224
84706.214969,858.177536,852.871168,0.0,858.177536,46163.120128
84804.876375,858.177536,852.871168,0.0,858.177536,46163.2512
84900.689942,858.177536,852.871168,0.0,858.177536,46163.566592
84998.701416,858.177536,852.871168,0.0,858.177536,46163.550208
85099.284469,858.177536,852.871168,0.0,858.177536,46163.533824
85200.055654,858.177536,852.871168,0.0,858.177536,46163.259392
85302.908819,858.177536,852.871168,0.0,858.177536,46162.18624
85401.904108,858.177536,852.871168,0.0,858.177536,46162.169856
85504.745953,858.177536,852.871168,0.0,858.177536,46162.345984
85603.610568,858.177536,852.871168,0.0,858.177536,46162.333696
85704.784713,858.177536,852.871168,0.0,858.177536,46162.3296
85815.318302,858.177536,852.871168,0.0,858.177536,46162.530304
85922.007336,858.177536,852.871168,0.0,858.177536,46162.444288
86022.523239,858.177536,852.871168,0.0,858.177536,46162.427904
86122.323093,858.177536,852.871168,0.0,858.177536,46162.41152
86221.728449,858.177536,852.871168,0.0,858.177536,46162.65728
86323.678517,858.177536,852.871168,0.0,858.177536,46162.90304
86422.757141,858.177536,852.871168,0.0,858.177536,46162.886656
86522.119929,858.177536,852.871168,0.0,858.177536,46163.132416
86623.460845,858.177536,852.871168,0.0,858.177536,46162.599936
86724.644893,858.177536,852.871168,0.0,858.177536,46162.583552
86830.61609,858.177536,852.871168,0.0,858.177536,46162.829312
86934.008718,858.177536,852.871168,0.0,858.177536,46162.812928
87039.495049,858.177536,852.871168,0.0,858.177536,46162.796544
87139.376966,858.177536,852.871168,0.0,858.177536,46163.038208
87234.714519,859.295744,853.989376,0.0,859.295744,46164.0704
87334.835989,859.295744,853.989376,0.0,859.295744,46164.054016
87431.564231,859.295744,853.989376,0.0,859.295744,46164.041728
87527.481009,859.295744,853.989376,0.0,859.295744,46164.025344
87626.040139,859.295744,853.989376,0.0,859.295744,46164.00896
87721.671907,859.295744,853.989376,0.0,859.295744,46163.992576
87820.005812,859.295744,853.989376,0.0,859.295744,46164.238336
87919.094006,859.295744,853.989376,0.0,859.295744,46164.221952
88016.035841,859.295744,853.989376,0.0,859.295744,46164.209664
88111.817651,859.295744,853.989376,0.0,859.295744,46164.455424
88210.338525,859.295744,853.989376,0.0,859.295744,46164.43904
88309.828428,859.295744,853.989376,0.0,859.295744,46164.160512
88405.36116,859.295744,853.989376,0.0,859.295744,46163.881984
88504.285002,859.295744,853.989376,0.0,859.295744,46163.861504
88604.943333,859.295744,853.989376,0.0,859.295744,46163.84512
88705.496624,859.295744,853.989376,0.0,859.295744,46163.828736
88805.64455,859.295744,853.989376,0.0,859.295744,46164.074496
88905.151755,859.295744,853.989376,0.0,859.295744,46164.320256
89003.871344,859.295744,853.989376,0.0,859.295744,46164.303872
89109.174596,859.295744,853.989376,0.0,859.295744,46164.287488
89214.69801,859.295744,853.989376,0.0,859.295744,46164.271104
89316.857805,859.295744,853.989376,0.0,859.295744,46163.992576
89416.655332,859.295744,853.989376,0.0,859.295744,46163.976192
89516.664957,859.295744,853.989376,0.0,859.295744,46164.221952
89615.8444,859.295744,853.989376,0.0,859.295744,46164.205568
89717.55698,859.295744,853.989376,0.0,859.295744,46164.451328
89818.303427,859.295744,853.989376,0.0,859.295744,46164.176896
89919.51871,859.295744,853.989376,0.0,859.295744,46164.160512
90014.995966,859.295744,853.989376,0.0,859.295744,46165.438464
90117.802519,860.594176,855.287808,0.0,860.594176,46164.942848
90218.826877,860.594176,855.287808,0.0,860.594176,46164.926464
90322.071875,860.594176,855.287808,0.0,860.594176,46165.0944
90422.550528,860.594176,855.287808,0.0,860.594176,46164.410368
90524.032145,860.594176,855.287808,0.0,860.594176,46164.668416
90624.391542,860.594176,855.287808,0.0,860.594176,46164.856832
90725.588426,860.594176,855.287808,0.0,860.594176,46164.840448
90827.413406,860.594176,855.287808,0.0,860.594176,46164.824064
90928.035523,860.594176,855.287808,0.0,860.594176,46164.926464
91030.052978,860.594176,855.287808,0.0,860.594176,46164.914176
91131.864895,860.594176,855.287808,0.0,860.594176,46164.885504
91234.42703,860.594176,855.287808,0.0,860.594176,46164.86912
91339.957173,860.594176,855.287808,0.0,860.594176,46165.11488
91444.374913,860.594176,855.287808,0.0,860.594176,46165.098496
91550.057962,860.594176,855.287808,0.0,860.594176,46165.082112
91654.508934,860.594176,855.287808,0.0,860.594176,46165.05344
91763.081858,860.594176,855.287808,0.0,860.594176,46164.512768
91871.737708,860.594176,855.287808,0.0,860.594176,46164.312064
91977.517064,860.594176,855.287808,0.0,860.594176,46164.299776
92082.013322,860.594176,855.287808,0.0,860.594176,46164.025344
92183.382172,860.594176,855.287808,0.0,860.594176,46164.00896
92285.171245,860.594176,855.287808,0.0,860.594176,46164.250624
92390.969324,860.594176,855.287808,0.0,860.594176,46167.32672
92492.921842,860.594176,855.286784,0.0,860.594176,46172.4672
92602.081075,860.594176,855.287808,0.0,860.594176,46167.093248
92697.472929,861.753344,856.446976,0.0,861.753344,46168.592384
92796.590787,861.753344,856.446976,0.0,861.753344,46168.428544
92893.811723,861.753344,856.446976,0.0,861.753344,46166.4256
92991.335344,861.753344,856.446976,0.0,861.753344,46166.028288
93092.108709,861.753344,856.446976,0.0,861.753344,46166.016
93190.800242,861.753344,856.446976,0.0,861.753344,46165.999616
93290.863153,861.753344,856.446976,0.0,861.753344,46165.151744
93394.566901,861.753344,856.446976,0.0,861.753344,46165.164032
93492.970667,861.753344,856.446976,0.0,861.753344,46165.843968
93594.060789,861.753344,856.446976,0.0,861.753344,46165.794816
93693.152591,861.753344,856.446976,0.0,861.753344,46165.766144
93793.543748,861.753344,856.446976,0.0,861.753344,46165.74976
93893.21206,861.753344,856.446976,0.0,861.753344,46165.655552
93991.650647,861.753344,856.446976,0.0,861.753344,46165.504
94092.204035,861.753344,856.446976,0.0,861.753344,46165.487616
94193.62656,861.753344,856.446976,0.0,861.753344,46165.471232
94297.665247,861.753344,856.446976,0.0,861.753344,46165.4016
94402.337933,861.753344,856.446976,0.0,861.753344,46165.385216
94504.729763,861.753344,856.446976,0.0,861.753344,46165.368832
94604.453451,861.753344,856.446976,0.0,861.753344,46164.959232
94705.91473,861.753344,856.446976,0.0,861.753344,46164.938752
94805.289214,861.753344,856.446976,0.0,861.753344,46165.180416
94906.147715,861.753344,856.446976,0.0,861.753344,46165.807104
95007.287141,861.753344,856.446976,0.0,861.753344,46165.274624
95107.74661,861.753344,856.446976,0.0,861.753344,46165.262336
95215.18893,861.753344,856.446976,0.0,861.753344,46165.508096
95315.111748,862.928896,857.622528,0.0,862.928896,46167.068672
95411.904853,862.928896,857.622528,0.0,862.928896,46167.052288
95507.843228,862.928896,857.622528,0.0,862.928896,46167.035904
95610.808069,862.928896,857.622528,0.0,862.928896,46166.491136
95709.620579,862.928896,857.622528,0.0,862.928896,46166.474752
95808.350571,862.928896,857.622528,0.0,862.928896,46166.458368
95904.346169,862.928896,857.622528,0.0,862.928896,46166.3232
96002.194443,862.928896,857.622528,0.0,862.928896,46166.294528
96101.326547,862.928896,857.622528,0.0,862.928896,46166.274048
96198.525641,862.928896,857.622528,0.0,862.928896,46166.069248
96294.344966,862.928896,857.622528,0.0,862.928896,46166.052864
96393.073902,862.928896,857.622528,0.0,862.928896,46166.298624
96491.058301,862.928896,857.622528,0.0,862.928896,46166.28224
96595.045859,862.928896,857.622528,0.0,862.928896,46166.265856
96699.92387,862.928896,857.622528,0.0,862.928896,46166.249472
96800.75251,862.928896,857.622528,0.0,862.928896,46165.66784
96900.728155,862.928896,857.622528,0.0,862.928896,46165.74976
97001.927793,862.928896,857.622528,0.0,862.928896,46165.99552
97102.770284,862.928896,857.622528,0.0,862.928896,46165.979136
97203.687818,862.928896,857.622528,0.0,862.928896,46165.962752
97306.033361,862.928896,857.622528,0.0,862.928896,46165.58592
97410.721464,862.928896,857.622528,0.0,862.928896,46165.56544
97518.622584,862.928896,857.622528,0.0,862.928896,46165.286912
97621.160527,862.928896,857.622528,0.0,862.928896,46165.25824
97724.626871,862.928896,857.622528,0.0,862.928896,46165.23776
97829.69425,862.928896,857.622528,0.0,862.928896,46165.221376
97929.018228,862.928896,857.622528,0.0,862.928896,46165.46304
98042.826039,862.928896,857.622528,0.0,862.928896,46166.478848
98138.055197,864.165888,858.85952,0.0,864.165888,46167.773184
98236.866541,864.165888,858.85952,0.0,864.165888,46167.7568
98338.54805,864.165888,858.85952,0.0,864.165888,46168.00256
98436.701615,864.165888,858.85952,0.0,864.165888,46167.98208
98535.404654,864.165888,858.85952,0.0,864.165888,46167.965696
98633.26922,864.165888,858.85952,0.0,864.165888,46167.691264
98731.719538,864.165888,858.85952,0.0,864.165888,46167.67488
98832.527623,864.165888,858.85952,0.0,864.165888,46167.400448
98933.81975,864.165888,858.85952,0.0,864.165888,46166.867968
99032.723833,864.165888,858.85952,0.0,864.165888,46167.113728
99133.891598,864.165888,858.85952,0.0,864.165888,46167.10144
99234.564743,864.165888,858.85952,0.0,864.165888,46167.085056
99337.808055,864.165888,858.85952,0.0,864.165888,46167.068672
99439.364817,864.165888,858.85952,0.0,864.165888,46167.052288
99541.392817,864.165888,858.85952,0.0,864.165888,46167.298048
99641.954763,864.165888,858.85952,0.0,864.165888,46167.281664
99748.142428,864.165888,858.85952,0.0,864.165888,46167.26528
99853.93358,864.165888,858.85952,0.0,864.165888,46167.248896
99958.705113,864.165888,858.85952,0.0,864.165888,46167.232512
100058.462647,864.165888,858.85952,0.0,864.165888,46167.216128
100157.492195,864.165888,858.85952,0.0,864.165888,46167.199744
100257.313217,864.165888,858.85952,0.0,864.165888,46167.18336
100358.07124,864.165888,858.85952,0.0,864.165888,46167.42912
100458.917017,864.165888,858.85952,0.0,864.165888,46167.412736
100568.561495,864.165888,858.85952,0.0,864.165888,46168.690688
100668.801964,865.23904,859.932672,0.0,865.23904,46168.178688
100767.597817,865.23904,859.932672,0.0,865.23904,46168.162304
100865.359643,865.23904,859.932672,0.0,865.23904,46168.14592
100960.949011,865.23904,859.932672,0.0,865.23904,46168.129536
101061.84832,865.23904,859.932672,0.0,865.23904,46168.375296
101160.559987,865.23904,859.932672,0.0,865.23904,46168.621056
101258.757186,865.23904,859.932672,0.0,865.23904,46167.904256
101360.655015,865.23904,859.932672,0.0,865.23904,46167.887872
101457.071211,865.23904,859.932672,0.0,865.23904,46168.133632
101553.182753,865.23904,859.932672,0.0,865.23904,46168.117248
101650.996667,865.23904,859.932672,0.0,865.23904,46168.100864
101754.393047,865.23904,859.932672,0.0,865.23904,46167.822336
101859.344022,865.23904,859.932672,0.0,865.23904,46167.793664
101964.516602,865.23904,859.932672,0.0,865.23904,46170.456064
102067.425247,865.23904,859.932672,0.0,865.23904,46170.447872
102171.389141,865.23904,859.932672,0.0,865.23904,46170.349568
102273.383419,865.23904,859.932672,0.0,865.23904,46170.079232
102376.607413,865.23904,859.932672,0.0,865.23904,46169.829376
102474.836783,865.23904,859.932672,0.0,865.23904,46169.812992
102579.123544,865.23904,859.932672,0.0,865.23904,46169.796608
102681.12279,865.23904,859.932672,0.0,865.23904,46169.780224
102784.736098,865.23904,859.932672,0.0,865.23904,46170.025984
102890.595478,865.23904,859.932672,0.0,865.23904,46169.98912
102990.522721,865.23904,859.932672,0.0,865.23904,46169.972736
103108.733669,865.23904,859.932672,0.0,865.23904,46170.468352
103206.634487,866.349056,861.042688,0.0,866.349056,46171.500544
103307.599487,866.349056,861.042688,0.0,866.349056,46171.48416
103409.10138,866.349056,861.042688,0.0,866.349056,46171.467776
103508.003285,866.349056,861.042688,0.0,866.349056,46171.451392
103607.464672,866.349056,861.042688,0.0,866.349056,46171.435008
103702.714227,866.349056,861.042688,0.0,866.349056,46171.418624
103801.614748,866.349056,861.042688,0.0,866.349056,46171.40224
103900.274788,866.349056,861.042688,0.0,866.349056,46171.385856
103996.195109,866.349056,861.042688,0.0,866.349056,46171.369472
104097.20145,866.349056,861.042688,0.0,866.349056,46171.353088
104193.395967,866.349056,861.042688,0.0,866.349056,46171.336704
104296.905071,866.349056,861.042688,0.0,866.349056,46171.848704
104403.177076,866.349056,861.042688,0.0,866.349056,46171.58656
104505.667869,866.349056,861.042688,0.0,866.349056,46171.570176
104611.966088,866.349056,861.042688,0.0,866.349056,46171.553792
104711.807678,866.349056,861.042688,0.0,866.349056,46171.537408
104813.902125,866.349056,861.042688,0.0,866.349056,46171.316224
104912.626292,866.349056,861.042688,0.0,866.349056,46171.291648
105013.389295,866.349056,861.042688,0.0,866.349056,46171.275264
105113.981916,866.349056,861.042688,0.0,866.349056,46171.521024
105216.967764,866.349056,861.042688,0.0,866.349056,46171.50464
105315.710638,866.349056,861.042688,0.0,866.349056,46171.488256
105421.39586,866.349056,861.042688,0.0,866.349056,46171.471872
105524.927134,866.349056,861.042688,0.0,866.349056,46171.455488
105629.636079,866.349056,861.046784,0.0,866.349056,46171.717632
105724.597837,867.467264,862.160896,0.0,867.467264,46173.257728
105822.21096,867.467264,862.160896,0.0,867.467264,46172.30336
105918.060046,867.467264,862.160896,0.0,867.467264,46172.274688
106019.400359,867.467264,862.160896,0.0,867.467264,46172.258304
106118.538198,867.467264,862.160896,0.0,867.467264,46172.24192
106217.583835,867.467264,862.160896,0.0,867.467264,46172.225536
106314.242187,867.467264,862.160896,0.0,867.467264,46172.471296
106411.578145,867.467264,862.160896,0.0,867.467264,46172.454912
106510.284051,867.467264,862.160896,0.0,867.467264,46172.438528
106610.042587,867.467264,862.160896,0.0,867.467264,46172.422144
106706.109023,867.467264,862.160896,0.0,867.467264,46172.40576
106802.71259,867.467264,862.160896,0.0,867.467264,46172.012544
106901.193778,867.467264,862.160896,0.0,867.467264,46172.258304
106999.23917,867.467264,862.160896,0.0,867.467264,46171.979776
107103.181556,867.467264,862.160896,0.0,867.467264,46172.225536
107206.097461,867.467264,862.160896,0.0,867.467264,46172.209152
107310.506007,867.467264,862.160896,0.0,867.467264,46172.205056
107411.708317,867.467264,862.160896,0.0,867.467264,46172.450816
107511.905688,867.467264,862.160896,0.0,867.467264,46172.434432
107612.826484,867.467264,862.160896,0.0,867.467264,46172.418048
107712.046406,867.467264,862.160896,0.0,867.467264,46172.401664
107813.287077,867.467264,862.160896,0.0,867.467264,46172.38528
107914.716898,867.467264,862.160896,0.0,867.467264,46172.368896
108017.337104,867.467264,862.160896,0.0,867.467264,46172.352512
108121.264573,867.467264,862.160896,0.0,867.467264,46172.336128
108224.712255,867.467264,862.160896,0.0,867.467264,46172.319744
108328.056321,867.467264,862.160896,0.0,867.467264,46172.30336
108440.520195,867.467264,862.160896,0.0,867.467264,46172.79488
108536.038883,868.777984,863.471616,0.0,868.777984,46174.089216
108633.618069,868.777984,863.471616,0.0,868.777984,46174.072832
108729.158018,868.777984,863.471616,0.0,868.777984,46174.056448
108828.1244,868.777984,863.471616,0.0,868.777984,46174.040064
108926.182763,868.777984,863.471616,0.0,868.777984,46173.773824
109021.635917,868.777984,863.471616,0.0,868.777984,46174.019584
109120.373462,868.777984,863.471616,0.0,868.777984,46174.0032
109218.357953,868.777984,863.471616,0.0,868.777984,46174.24896
109316.825998,868.777984,863.471616,0.0,868.777984,46173.999104
109413.08196,868.777984,863.471616,0.0,868.777984,46173.98272
109511.703787,868.777984,863.471616,0.0,868.777984,46173.966336
109607.377146,868.777984,863.471616,0.0,868.777984,46173.949952
109705.818698,868.777984,863.471616,0.0,868.777984,46173.933568
109804.876883,868.777984,863.471616,0.0,868.777984,46173.65504
109901.998443,868.777984,863.471616,0.0,868.777984,46173.638656
110000.693698,868.777984,863.471616,0.0,868.777984,46173.622272
110105.05956,868.777984,863.471616,0.0,868.777984,46173.605888
110208.194465,868.777984,863.471616,0.0,868.777984,46173.589504
110313.062448,868.777984,863.471616,0.0,868.777984,46173.835264
110415.803258,868.777984,863.471616,0.0,868.777984,46173.81888
110515.598939,868.777984,863.471616,0.0,868.777984,46173.802496
110617.129702,868.777984,863.471616,0.0,868.777984,46173.786112
110715.902814,868.777984,863.471616,0.0,868.777984,46173.769728
110817.417355,868.777984,863.471616,0.0,868.777984,46173.753344
110916.663479,868.777984,863.471616,0.0,868.777984,46173.47072
111017.743164,868.777984,863.471616,0.0,868.777984,46173.45024
111118.952569,868.777984,863.471616,0.0,868.777984,46173.696
111224.646128,868.777984,863.471616,0.0,868.777984,46173.679616
111330.48685,868.777984,863.471616,0.0,868.777984,46173.925376
111426.113873,870.1952,864.888832,0.0,870.1952,46175.727616
111521.825809,870.1952,864.888832,0.0,870.1952,46175.711232
111620.083613,870.1952,864.888832,0.0,870.1952,46175.694848
111718.950878,870.1952,864.888832,0.0,870.1952,46175.678464
111815.538393,870.1952,864.888832,0.0,870.1952,46175.383552
111911.590911,870.1952,864.888832,0.0,870.1952,46175.367168
112010.580639,870.1952,864.888832,0.0,870.1952,46177.19808
112106.758277,870.1952,864.888832,0.0,870.1952,46177.062912
112203.45971,870.1952,864.888832,0.0,870.1952,46175.956992
112301.199455,870.1952,864.888832,0.0,870.1952,46175.92832
112396.79844,870.1952,864.888832,0.0,870.1952,46176.034816
112499.26383,870.1952,864.888832,0.0,870.1952,46176.018432
112600.923657,870.1952,864.888832,0.0,870.1952,46176.002048
112700.174352,870.1952,864.888832,0.0,870.1952,46175.985664
112801.282851,870.1952,864.888832,0.0,870.1952,46175.96928
112905.12904,870.1952,864.888832,0.0,870.1952,46176.038912
113003.591033,870.1952,864.888832,0.0,870.1952,46175.920128
113112.971086,870.1952,864.888832,0.0,870.1952,46175.911936
113218.995184,870.1952,864.888832,0.0,870.1952,46175.801344
113321.906538,870.1952,864.888832,0.0,870.1952,46176.047104
113422.863142,870.1952,864.888832,0.0,870.1952,46176.03072
113524.106749,870.1952,864.888832,0.0,870.1952,46176.014336
113630.183902,870.1952,864.888832,0.0,870.1952,46175.997952
113728.873282,870.1952,864.888832,0.0,870.1952,46175.981568
113829.259691,870.1952,864.888832,0.0,870.1952,46175.965184
113925.508026,870.1952,864.888832,0.0,870.1952,46176.374784
114021.745128,870.21568,864.909312,0.0,870.21568,46176.620544
114117.88826,870.21568,864.909312,0.0,870.21568,46176.60416
114215.154432,870.21568,864.909312,0.0,870.21568,46176.587776
114310.902795,870.21568,864.909312,0.0,870.21568,46176.571392
114413.88758,870.21568,864.909312,0.0,870.21568,46176.272384
114511.922314,870.21568,864.909312,0.0,870.21568,46176.256
114610.471837,870.21568,864.909312,0.0,870.21568,46176.239616
114705.936043,870.21568,864.909312,0.0,870.21568,46176.223232
114804.208998,870.21568,864.909312,0.0,870.21568,46176.206848
114903.070836,870.21568,864.909312,0.0,870.21568,46176.190464
114999.503943,870.21568,864.909312,0.0,870.21568,46175.916032
115095.530946,870.21568,864.909312,0.0,870.21568,46175.895552
115193.616428,870.21568,864.909312,0.0,870.21568,46175.879168
115292.261246,870.21568,864.909312,0.0,870.21568,46176.124928
115390.977102,870.21568,864.909312,0.0,870.21568,46176.108544
115492.281702,870.21568,864.909312,0.0,870.21568,46176.09216
115593.559037,870.21568,864.909312,0.0,870.21568,46176.33792
115697.068376,870.21568,864.909312,0.0,870.21568,46176.321536
115799.721377,870.21568,864.909312,0.0,870.21568,46176.305152
115904.089582,870.21568,864.909312,0.0,870.21568,46176.288768
116006.176387,870.21568,864.909312,0.0,870.21568,46176.272384
116108.234944,870.21568,864.909312,0.0,870.21568,46176.022528
116206.932376,870.21568,864.909312,0.0,870.21568,46176.006144
116308.170672,870.21568,864.909312,0.0,870.21568,46176.251904
116409.15587,870.21568,864.909312,0.0,870.21568,46176.23552
116509.797189,870.21568,864.909312,0.0,870.21568,46176.219136
116611.446235,870.21568,864.909312,0.0,870.21568,46175.940608
116714.839596,870.21568,864.909312,0.0,870.21568,46176.186368
116815.749736,871.571456,866.265088,0.0,871.571456,46177.988608
116911.334013,871.571456,866.265088,0.0,871.571456,46177.714176
117010.251875,871.571456,866.265088,0.0,871.571456,46177.697792
117108.143921,871.571456,866.265088,0.0,871.571456,46177.681408
117203.834718,871.571456,866.265088,0.0,871.571456,46177.665024
117306.318702,871.571456,866.265088,0.0,871.571456,46178.009088
117407.36395,871.571456,866.265088,0.0,871.571456,46177.73056
117503.767401,871.571456,866.265088,0.0,871.571456,46177.714176
117601.871343,871.571456,866.265088,0.0,871.571456,46177.697792
117697.629831,871.571456,866.265088,0.0,871.571456,46177.681408
117796.811614,871.571456,866.265088,0.0,871.571456,46177.665024
117903.96813,871.571456,866.265088,0.0,871.571456,46177.64864
118009.65616,871.571456,866.265088,0.0,871.571456,46177.636352
118115.597797,871.571456,866.265088,0.0,871.571456,46177.619968
118215.271959,871.571456,866.265088,0.0,871.571456,46177.345536
118321.183677,871.571456,866.265088,0.0,871.571456,46177.591296
118426.225191,871.571456,866.265088,0.0,871.571456,46177.574912
118526.965704,871.571456,866.265088,0.0,871.571456,46177.558528
118630.181959,871.571456,866.265088,0.0,871.571456,46177.542144
118736.490432,871.571456,866.265088,0.0,871.571456,46177.52576
118845.523111,871.571456,866.265088,0.0,871.571456,46177.77152
118949.303865,871.571456,866.265088,0.0,871.571456,46177.497088
119054.336305,871.571456,866.265088,0.0,871.571456,46177.480704
119156.210332,871.571456,866.265088,0.0,871.571456,46177.46432
119271.489199,871.571456,866.265088,0.0,871.571456,46178.209792
119369.834913,872.640512,867.334144,0.0,872.640512,46178.46784
119471.864431,872.640512,867.334144,0.0,872.640512,46178.451456
119573.233629,872.640512,867.334144,0.0,872.640512,46178.435072
119674.246865,872.640512,867.334144,0.0,872.640512,46178.418688
119776.596658,872.640512,867.334144,0.0,872.640512,46178.402304
119874.967572,872.640512,867.334144,0.0,872.640512,46178.38592
119976.501167,872.640512,867.334144,0.0,872.640512,46178.369536
120077.651859,872.640512,867.334144,0.0,872.640512,46178.6112
120176.779239,872.640512,867.334144,0.0,872.640512,46178.336768
120279.897678,872.640512,867.334144,0.0,872.640512,46178.578432
120386.859754,872.640512,867.334144,0.0,872.640512,46178.574336
120491.557697,872.640512,867.334144,0.0,872.640512,46178.824192
120594.600093,872.640512,867.334144,0.0,872.640512,46179.38944
120697.387281,872.640512,867.334144,0.0,872.640512,46179.115008
120799.093566,872.640512,867.334144,0.0,872.640512,46179.098624
120901.583073,872.640512,867.334144,0.0,872.640512,46179.18464
121008.178496,872.640512,867.334144,0.0,872.640512,46179.065856
121114.223302,872.640512,867.334144,0.0,872.640512,46178.013184
121224.635909,872.640512,867.334144,0.0,872.640512,46177.9968
121330.274107,872.640512,867.334144,0.0,872.640512,46178.24256
121431.413947,872.640512,867.334144,0.0,872.640512,46178.226176
121532.923131,872.640512,867.334144,0.0,872.640512,46178.209792
121631.596117,872.640512,867.334144,0.0,872.640512,46178.193408
121730.794981,872.640512,867.334144,0.0,872.640512,46178.177024
121834.310784,872.640512,867.334144,0.0,872.640512,46178.930688
121931.932166,873.746432,868.440064,0.0,873.746432,46179.434496
122030.905188,873.746432,868.440064,0.0,873.746432,46179.418112
122129.954368,873.746432,868.440064,0.0,873.746432,46179.663872
122227.357627,873.746432,868.440064,0.0,873.746432,46179.647488
122323.484492,873.746432,868.440064,0.0,873.746432,46179.893248
122422.678322,873.746432,868.440064,0.0,873.746432,46179.61472
122520.495704,873.746432,868.440064,0.0,873.746432,46179.598336
122618.854549,873.746432,868.440064,0.0,873.746432,46179.581952
122717.187883,873.746432,868.440064,0.0,873.746432,46179.565568
122816.322056,873.746432,868.440064,0.0,873.746432,46179.549184
122921.526371,873.746432,868.440064,0.0,873.746432,46179.5328
123025.549786,873.746432,868.440064,0.0,873.746432,46179.516416
123125.637182,873.746432,868.440064,0.0,873.746432,46179.762176
123227.922404,873.746432,868.440064,0.0,873.746432,46179.745792
123328.751064,873.746432,868.440064,0.0,873.746432,46179.729408
123431.348923,873.746432,868.440064,0.0,873.746432,46179.77856
123533.121561,873.746432,868.440064,0.0,873.746432,46179.762176
123637.97338,873.746432,868.440064,0.0,873.746432,46179.745792
123738.658301,873.746432,868.440064,0.0,873.746432,46179.729408
123842.18769,873.746432,868.440064,0.0,873.746432,46179.713024
123945.127957,873.746432,868.440064,0.0,873.746432,46179.69664
124049.78201,873.746432,868.440064,0.0,873.746432,46179.680256
124150.294936,873.746432,868.440064,0.0,873.746432,46179.663872
124250.781138,873.746432,868.440064,0.0,873.746432,46179.483648
124375.453338,873.746432,868.440064,0.0,873.746432,46179.446784
124471.003879,873.75872,868.452352,0.0,873.75872,46179.426304
124570.328286,873.75872,868.452352,0.0,873.75872,46178.881536
124669.727,873.75872,868.452352,0.0,873.75872,46179.127296
124767.996292,873.75872,868.452352,0.0,873.75872,46179.139584
124868.922697,873.75872,868.452352,0.0,873.75872,46179.356672
124964.641671,873.75872,868.452352,0.0,873.75872,46179.340288
125063.695492,873.75872,868.452352,0.0,873.75872,46179.323904
125161.955507,873.75872,868.452352,0.0,873.75872,46179.30752
125257.495162,873.75872,868.452352,0.0,873.75872,46179.291136
125356.22997,873.75872,868.452352,0.0,873.75872,46179.536896
125455.560672,873.75872,868.452352,0.0,873.75872,46179.520512
125554.878532,873.75872,868.452352,0.0,873.75872,46179.504128
125653.344349,873.75872,868.452352,0.0,873.75872,46179.487744
125751.983339,873.75872,868.452352,0.0,873.75872,46179.47136
125852.710481,873.75872,868.452352,0.0,873.75872,46179.454976
125953.993158,873.75872,868.452352,0.0,873.75872,46179.438592
126053.183127,873.75872,868.452352,0.0,873.75872,46179.422208
126155.681199,873.75872,868.452352,0.0,873.75872,46179.405824
126259.594011,873.75872,868.452352,0.0,873.75872,46179.127296
126367.450263,873.75872,868.452352,0.0,873.75872,46178.889728
126468.127842,873.75872,868.452352,0.0,873.75872,46178.873344
126568.144685,873.75872,868.452352,0.0,873.75872,46178.85696
126669.781928,873.75872,868.452352,0.0,873.75872,46178.840576
126768.74971,873.75872,868.452352,0.0,873.75872,46178.824192
126870.188277,873.75872,868.452352,0.0,873.75872,46178.28352
126971.528507,873.75872,868.452352,0.0,873.75872,46178.267136
127067.437783,873.75872,868.452352,0.0,873.75872,46179.807232
127163.094795,874.954752,869.648384,0.0,874.954752,46180.315136
127261.454688,874.954752,869.648384,0.0,874.954752,46180.298752
127359.250668,874.954752,869.648384,0.0,874.954752,46180.544512
127460.017391,874.954752,869.648384,0.0,874.954752,46180.528128
127559.429848,874.954752,869.648384,0.0,874.954752,46180.511744
127655.140095,874.954752,869.648384,0.0,874.954752,46180.49536
127755.537497,874.954752,869.648384,0.0,874.954752,46180.478976
127854.176203,874.954752,869.648384,0.0,874.954752,46180.462592
127951.552454,874.954752,869.648384,0.0,874.954752,46180.708352
128047.239879,874.954752,869.648384,0.0,874.954752,46180.4544
128146.148946,874.954752,869.648384,0.0,874.954752,46180.438016
128248.356288,874.954752,869.648384,0.0,874.954752,46180.421632
128353.147778,874.954752,869.648384,0.0,874.954752,46180.405248
128449.41211,874.954752,869.648384,0.0,874.954752,46180.388864
128550.610022,874.954752,869.648384,0.0,874.954752,46180.37248
128649.63527,874.954752,869.648384,0.0,874.954752,46180.356096
128749.868899,874.954752,869.648384,0.0,874.954752,46180.339712
128849.567926,874.954752,869.648384,0.0,874.954752,46180.323328
128951.301363,874.954752,869.648384,0.0,874.954752,46180.306944
129050.101744,874.954752,869.648384,0.0,874.954752,46180.29056
129149.403371,874.954752,869.648384,0.0,874.954752,46180.016128
129248.478085,874.954752,869.648384,0.0,874.954752,46179.999744
129353.021369,874.954752,869.648384,0.0,874.954752,46179.98336
129463.667496,874.954752,869.648384,0.0,874.954752,46179.958784
129566.427663,874.954752,869.640192,0.0,874.954752,46179.950592
129665.667688,874.954752,869.648384,0.0,874.954752,46179.934208
129764.724601,874.954752,869.648384,0.0,874.954752,46179.659776
129863.391715,874.954752,869.648384,0.0,874.954752,46179.643392
129964.248858,874.954752,869.648384,0.0,874.954752,46179.627008
130064.199611,874.954752,869.648384,0.0,874.954752,46179.610624
130170.967679,874.954752,869.648384,0.0,874.954752,46181.15072
130269.06701,876.535808,871.22944,0.0,876.535808,46181.66272
130372.205934,876.535808,871.22944,0.0,876.535808,46181.90848
130467.361864,876.535808,871.22944,0.0,876.535808,46181.892096
130569.420698,876.535808,871.22944,0.0,876.535808,46181.564416
130665.093236,876.535808,871.22944,0.0,876.535808,46181.548032
130760.450723,876.535808,871.22944,0.0,876.535808,46180.98688
130858.219492,876.535808,871.22944,0.0,876.535808,46180.72064
130955.804104,876.535808,871.22944,0.0,876.535808,46180.446208
131053.464703,876.535808,871.22944,0.0,876.535808,46180.691968
131149.0451,876.535808,871.22944,0.0,876.535808,46180.667392
131245.627919,876.535808,871.22944,0.0,876.535808,46180.651008
131343.466673,876.535808,871.22944,0.0,876.535808,46180.876288
131448.821415,876.535808,871.22944,0.0,876.535808,46180.605952
131547.919606,876.535808,871.22944,0.0,876.535808,46180.753408
131648.089241,876.535808,871.22944,0.0,876.535808,46180.737024
131748.376716,876.535808,871.22944,0.0,876.535808,46180.72064
131847.270234,876.535808,871.22944,0.0,876.535808,46180.704256
131948.254716,876.535808,871.22944,0.0,876.535808,46180.687872
132054.475097,876.535808,871.22944,0.0,876.535808,46180.777984
132156.252491,876.535808,871.22944,0.0,876.535808,46180.7616
132259.316171,876.535808,871.22944,0.0,876.535808,46180.745216
132365.312467,876.535808,871.22944,0.0,876.535808,46179.328
132468.538233,876.535808,871.22944,0.0,876.535808,46179.311616
132568.935893,876.535808,871.22944,0.0,876.535808,46179.295232
132666.76069,876.535808,871.22944,0.0,876.535808,46179.434496
132765.043517,876.535808,871.22944,0.0,876.535808,46179.422208
132868.224825,876.535808,871.22944,0.0,876.535808,46180.687872
132963.982205,877.73184,872.425472,0.0,877.73184,46180.491264
133061.376075,877.73184,872.425472,0.0,877.73184,46180.663296
133158.88737,877.73184,872.425472,0.0,877.73184,46180.564992
133254.627026,877.73184,872.425472,0.0,877.73184,46180.548608
133355.790555,877.73184,872.425472,0.0,877.73184,46180.532224
133454.54307,877.73184,872.425472,0.0,877.73184,46180.51584
133548.300904,877.73184,872.425472,0.0,877.73184,46180.376576
133645.241573,877.73184,872.425472,0.0,877.73184,46180.360192
133740.95973,877.73184,872.425472,0.0,877.73184,46180.339712
133839.706367,877.73184,872.425472,0.0,877.73184,46180.323328
133938.070193,877.73184,872.425472,0.0,877.73184,46180.22912
134037.870269,877.73184,872.425472,0.0,877.73184,46180.212736
134141.704431,877.73184,872.425472,0.0,877.73184,46180.196352
134244.348153,877.73184,872.425472,0.0,877.73184,46180.442112
134349.458821,877.73184,872.425472,0.0,877.73184,46180.425728
134450.642254,877.73184,872.425472,0.0,877.73184,46180.409344
134549.906626,877.73184,872.425472,0.0,877.73184,46180.655104
134650.721562,877.73184,872.425472,0.0,877.73184,46180.63872
134751.2221,877.73184,872.425472,0.0,877.73184,46180.622336
134849.949489,877.73184,872.425472,0.0,877.73184,46180.487168
134950.6258,877.73184,872.425472,0.0,877.73184,46180.20864
135051.277496,877.73184,872.425472,0.0,877.73184,46180.196352
135154.179974,877.73184,872.425472,0.0,877.73184,46180.175872
135259.360867,877.73184,872.425472,0.0,877.73184,46180.171776
135354.047213,878.739456,873.433088,0.0,878.739456,46181.814272
135453.023651,878.739456,873.433088,0.0,878.739456,46181.797888
135550.227831,878.739456,873.433088,0.0,878.739456,46181.781504
135645.692787,878.739456,873.433088,0.0,878.739456,46181.76512
135746.044414,878.739456,873.433088,0.0,878.739456,46181.748736
135844.446931,878.739456,873.433088,0.0,878.739456,46181.4784
135940.242819,878.739456,873.433088,0.0,878.739456,46181.45792
136038.010831,878.739456,873.433088,0.0,878.739456,46181.441536
136136.60667,878.739456,873.433088,0.0,878.739456,46181.425152
136232.326839,878.739456,873.433088,0.0,878.739456,46181.408768
136330.625879,878.739456,873.433088,0.0,878.739456,46181.654528
136431.585122,878.739456,873.433088,0.0,878.739456,46181.638144
136535.782865,878.739456,873.433088,0.0,878.739456,46181.60128
136639.362166,878.739456,873.433088,0.0,878.739456,46181.003264
136741.353965,878.739456,873.433088,0.0,878.739456,46181.249024
136841.643186,878.739456,873.433088,0.0,878.739456,46181.23264
136940.952637,878.739456,873.433088,0.0,878.739456,46181.732352
137039.63755,878.739456,873.433088,0.0,878.739456,46181.715968
137137.671273,878.739456,873.433088,0.0,878.739456,46181.699584
137238.865921,878.739456,873.433088,0.0,878.739456,46181.675008
137340.714386,878.739456,873.433088,0.0,878.739456,46181.412864
137442.587595,878.739456,873.433088,0.0,878.739456,46181.658624
137544.494357,878.739456,873.43104,0.0,878.739456,46181.093376
137648.860075,878.739456,873.433088,0.0,878.739456,46181.076992
137750.798183,878.739456,873.433088,0.0,878.739456,46181.322752
137847.471711,879.77984,874.473472,0.0,879.77984,46182.600704
137942.798602,879.77984,874.473472,0.0,879.77984,46182.330368
138040.935367,879.77984,874.473472,0.0,879.77984,46182.313984
138135.849779,879.77984,874.473472,0.0,879.77984,46182.2976
138234.076045,879.77984,874.473472,0.0,879.77984,46182.281216
138331.597119,879.77984,874.473472,0.0,879.77984,46182.785024
138429.944463,879.77984,874.473472,0.0,879.77984,46182.772736
138526.202907,879.77984,874.473472,0.0,879.77984,46182.498304
138623.911806,879.77984,874.473472,0.0,879.77984,46182.486016
138719.846547,879.77984,874.473472,0.0,879.77984,46182.469632
138824.294498,879.77984,874.473472,0.0,879.77984,46182.715392
138927.77683,879.77984,874.473472,0.0,879.77984,46182.436864
139028.026184,879.77984,874.473472,0.0,879.77984,46182.42048
139127.191801,879.77984,874.473472,0.0,879.77984,46182.404096
139227.148356,879.77984,874.473472,0.0,879.77984,46182.387712
139327.360275,879.77984,874.473472,0.0,879.77984,46182.633472
139426.448158,879.77984,874.473472,0.0,879.77984,46182.879232
139528.08507,879.77984,874.473472,0.0,879.77984,46182.862848
139627.500609,879.77984,874.473472,0.0,879.77984,46182.846464
139729.913949,879.77984,874.473472,0.0,879.77984,46182.83008
139833.973137,879.77984,874.473472,0.0,879.77984,46182.551552
139936.769367,879.77984,874.473472,0.0,879.77984,46182.535168
140039.920203,879.77984,874.473472,0.0,879.77984,46182.268928
140144.840953,879.77984,874.473472,0.0,879.77984,46182.252544
140265.466515,879.783936,874.477568,0.0,879.783936,46182.469632
140361.558242,880.82432,875.517952,0.0,880.82432,46183.50592
140460.760541,880.82432,875.517952,0.0,880.82432,46183.75168
140558.443214,880.82432,875.517952,0.0,880.82432,46183.735296
140654.152298,880.82432,875.517952,0.0,880.82432,46183.718912
140753.308443,880.82432,875.517952,0.0,880.82432,46183.702528
140851.764625,880.82432,875.517952,0.0,880.82432,46183.440384
140947.579291,880.82432,875.517952,0.0,880.82432,46183.682048
141048.160222,880.82432,875.517952,0.0,880.82432,46183.665664
141146.519426,880.82432,875.517952,0.0,880.82432,46183.64928
141245.788925,880.82432,875.517952,0.0,880.82432,46183.632896
141343.371511,880.82432,875.517952,0.0,880.82432,46183.612416
141439.412778,880.82432,875.517952,0.0,880.82432,46183.596032
141538.674865,880.82432,875.517952,0.0,880.82432,46183.579648
141644.163535,880.82432,875.517952,0.0,880.82432,46183.559168
141745.829232,880.82432,875.517952,0.0,880.82432,46183.804928
141846.116023,880.82432,875.517952,0.0,880.82432,46183.276544
141946.553593,880.82432,875.517952,0.0,880.82432,46183.268352
142045.430864,880.82432,875.517952,0.0,880.82432,46183.243776
142146.470878,880.82432,875.517952,0.0,880.82432,46183.227392
142247.646887,880.82432,875.517952,0.0,880.82432,46183.211008
142346.917344,880.82432,875.517952,0.0,880.82432,46183.456768
142453.342867,880.82432,875.517952,0.0,880.82432,46183.44448
142556.730453,880.82432,875.517952,0.0,880.82432,46183.190528
142660.128914,880.82432,875.517952,0.0,880.82432,46183.436288
142761.512432,880.82432,875.517952,0.0,880.82432,46183.161856
142861.113177,880.82432,875.517952,0.0,880.82432,46183.145472
142962.550125,880.82432,875.517952,0.0,880.82432,46183.129088
143060.619229,880.82432,875.517952,0.0,880.82432,46184.595456
143159.356443,882.110464,876.804096,0.0,882.110464,46184.83712
143256.315332,882.110464,876.804096,0.0,882.110464,46184.538112
143353.281899,882.110464,876.804096,0.0,882.110464,46184.517632
143452.754271,882.110464,876.804096,0.0,882.110464,46184.894464
143553.545038,882.110464,876.804096,0.0,882.110464,46184.599552
143654.862106,882.110464,876.804096,0.0,882.110464,46184.845312
143756.074526,882.110464,876.804096,0.0,882.110464,46184.828928
143855.282405,882.110464,876.804096,0.0,882.110464,46184.812544
143952.963945,882.110464,876.804096,0.0,882.110464,46184.79616
144048.798149,882.110464,876.804096,0.0,882.110464,46184.779776
144150.067258,882.110464,876.804096,0.0,882.110464,46184.763392
144249.635144,882.110464,876.804096,0.0,882.110464,46184.747008
144351.213622,882.110464,876.804096,0.0,882.110464,46184.992768
144459.415838,882.110464,876.804096,0.0,882.110464,46184.976384
144565.354519,882.110464,876.804096,0.0,882.110464,46184.96
144667.84087,882.110464,876.804096,0.0,882.110464,46184.685568
144767.684906,882.110464,876.804096,0.0,882.110464,46184.669184
144868.042703,882.110464,876.804096,0.0,882.110464,46184.6528
144972.683647,882.110464,876.804096,0.0,882.110464,46184.89856
145074.483126,882.110464,876.804096,0.0,882.110464,46184.882176
145179.882057,882.110464,876.804096,0.0,882.110464,46184.865792
145286.929627,882.110464,876.804096,0.0,882.110464,46184.849408
145391.885557,882.110464,876.804096,0.0,882.110464,46184.828928
145491.835019,882.110464,876.804096,0.0,882.110464,46184.812544
145593.253522,882.110464,876.804096,0.0,882.110464,46184.792064
145694.396278,882.110464,876.804096,0.0,882.110464,46184.77568
145803.400022,882.110464,876.804096,0.0,882.110464,46186.119168
145902.305541,883.335168,878.0288,0.0,883.335168,46186.37312
146002.078552,883.335168,878.0288,0.0,883.335168,46186.934272
146100.362639,883.335168,878.0288,0.0,883.335168,46189.154304
146202.882799,883.335168,878.0288,0.0,883.335168,46187.798528
146305.846805,883.335168,878.0288,0.0,883.335168,46187.655168
146408.8708,883.335168,878.0288,0.0,883.335168,46188.183552
146511.077785,883.335168,878.0288,0.0,883.335168,46188.429312
146607.024627,883.335168,878.0288,0.0,883.335168,46188.412928
146707.080045,883.335168,878.0288,0.0,883.335168,46188.138496
146804.939146,883.335168,878.0288,0.0,883.335168,46187.569152
146901.783059,883.335168,878.0288,0.0,883.335168,46187.626496
147000.892092,883.335168,878.0288,0.0,883.335168,46187.892736
147100.519212,883.335168,878.0288,0.0,883.335168,46187.872256
147206.800668,883.335168,878.0288,0.0,883.335168,46187.88864
147306.734392,883.335168,878.0288,0.0,883.335168,46187.86816
147408.690468,883.335168,878.0288,0.0,883.335168,46187.839488
147514.522103,883.335168,878.0288,0.0,883.335168,46187.90912
147620.738419,883.335168,878.0288,0.0,883.335168,46187.773952
147726.964399,883.335168,878.0288,0.0,883.335168,46187.610112
147829.908414,883.335168,878.0288,0.0,883.335168,46187.855872
147933.911334,883.335168,878.0288,0.0,883.335168,46187.839488
148032.021549,883.335168,878.0288,0.0,883.335168,46187.823104
148133.495812,883.335168,878.0288,0.0,883.335168,46187.892736
148241.118246,883.335168,878.0288,0.0,883.335168,46187.876352
148346.56319,883.335168,878.0288,0.0,883.335168,46188.122112
148448.373941,883.335168,878.0288,0.0,883.335168,46188.105728
148563.660359,883.335168,878.0288,0.0,883.335168,46188.335104
148664.251369,884.580352,879.273984,0.0,884.580352,46189.891584
148762.368913,884.580352,879.273984,0.0,884.580352,46189.617152
148861.432272,884.580352,879.273984,0.0,884.580352,46189.600768
148959.330753,884.580352,879.273984,0.0,884.580352,46189.776896
149058.043901,884.580352,879.273984,0.0,884.580352,46189.760512
149157.768215,884.580352,879.273984,0.0,884.580352,46189.613056
149255.532194,884.580352,879.273984,0.0,884.580352,46189.596672
149351.775358,884.580352,879.273984,0.0,884.580352,46189.838336
149450.680179,884.580352,879.273984,0.0,884.580352,46189.821952
149559.785095,884.580352,879.273984,0.0,884.580352,46189.805568
149664.00439,884.580352,879.273984,0.0,884.580352,46189.789184
149767.70372,884.580352,879.273984,0.0,884.580352,46189.7728
149871.615057,884.580352,879.273984,0.0,884.580352,46189.50656
149971.102504,884.580352,879.273984,0.0,884.580352,46189.490176
150070.438862,884.580352,879.273984,0.0,884.580352,46189.334528
150169.370872,884.580352,879.273984,0.0,884.580352,46189.318144
150270.920916,884.580352,879.273984,0.0,884.580352,46189.30176
150371.852324,884.580352,879.273984,0.0,884.580352,46189.289472
150475.579576,884.580352,879.273984,0.0,884.580352,46189.273088
150578.661789,884.580352,879.273984,0.0,884.580352,46189.264896
150682.878941,884.580352,879.273984,0.0,884.580352,46189.248512
150786.098208,884.580352,879.273984,0.0,884.580352,46189.232128
150891.722462,884.580352,879.273984,0.0,884.580352,46189.170688
151020.095957,884.580352,879.273984,0.0,884.580352,46189.13792
151119.329494,884.596736,879.290368,0.0,884.596736,46189.645824
151215.33843,884.596736,879.290368,0.0,884.596736,46189.62944
151314.543086,884.596736,879.290368,0.0,884.596736,46189.8752
151412.813136,884.596736,879.290368,0.0,884.596736,46189.338624
151508.450699,884.596736,879.290368,0.0,884.596736,46189.32224
151607.572794,884.596736,879.290368,0.0,884.596736,46189.830144
151706.7146,884.596736,879.290368,0.0,884.596736,46189.81376
151803.71241,884.596736,879.290368,0.0,884.596736,46189.797376
151905.547526,884.596736,879.290368,0.0,884.596736,46189.019136
152001.654604,884.596736,879.290368,0.0,884.596736,46189.264896
152100.771952,884.596736,879.290368,0.0,884.596736,46189.305856
152198.907203,884.596736,879.290368,0.0,884.596736,46189.289472
152300.444937,884.596736,879.290368,0.0,884.596736,46188.785664
152403.979626,884.596736,879.290368,0.0,884.596736,46189.293568
152510.487851,884.596736,879.290368,0.0,884.596736,46189.277184
152610.606703,884.596736,879.290368,0.0,884.596736,46188.429312
152710.58838,884.596736,879.290368,0.0,884.596736,46188.670976
152815.775776,884.596736,879.290368,0.0,884.596736,46188.916736
152919.353586,884.596736,879.290368,0.0,884.596736,46188.642304
153022.669421,884.596736,879.290368,0.0,884.596736,46188.62592
153121.674336,884.596736,879.290368,0.0,884.596736,46188.609536
153225.626552,884.596736,879.290368,0.0,884.596736,46189.309952
153335.054251,884.596736,879.290368,0.0,884.596736,46188.834816
153438.687051,884.596736,879.290368,0.0,884.596736,46189.068288
153539.15394,884.596736,879.290368,0.0,884.596736,46188.797952
153643.761362,884.596736,879.290368,0.0,884.596736,46188.535808
153774.434276,884.596736,879.290368,0.0,884.596736,46188.511232
153873.316108,885.82144,880.515072,0.0,885.82144,46189.81376
153975.196479,885.82144,880.515072,0.0,885.82144,46190.051328
154078.829082,885.82144,880.515072,0.0,885.82144,46190.297088
154180.468589,885.82144,880.515072,0.0,885.82144,46189.764608
154280.872021,885.82144,880.515072,0.0,885.82144,46189.993984
154380.001697,885.82144,880.515072,0.0,885.82144,46190.227456
154479.036567,885.82144,880.515072,0.0,885.82144,46190.20288
154577.076778,885.82144,880.515072,0.0,885.82144,46189.973504
154672.761832,885.82144,880.515072,0.0,885.82144,46189.965312
154774.573851,885.82144,880.515072,0.0,885.82144,46189.441024
154873.397318,885.82144,880.515072,0.0,885.82144,46189.73184
154974.486326,885.82144,880.515072,0.0,885.82144,46189.850624
155079.504417,885.82144,880.515072,0.0,885.82144,46189.596672
155178.955998,885.82144,880.515072,0.0,885.82144,46189.318144
155283.32382,885.82144,880.515072,0.0,885.82144,46189.293568
155382.771693,885.82144,880.515072,0.0,885.82144,46189.039616
155481.753946,885.82144,880.515072,0.0,885.82144,46189.277184
155581.038287,885.82144,880.515072,0.0,885.82144,46189.522944
155687.351337,885.82144,880.515072,0.0,885.82144,46189.228032
155794.557836,885.82144,880.515072,0.0,885.82144,46189.228032
155895.387346,885.82144,880.515072,0.0,885.82144,46191.345664
155995.832474,885.82144,880.515072,0.0,885.82144,46191.095808
156096.388467,885.82144,880.515072,0.0,885.82144,46191.321088
156196.379459,885.82144,880.515072,0.0,885.82144,46191.058944
156297.690655,885.82144,880.515072,0.0,885.82144,46191.542272
156397.453673,885.82144,880.515072,0.0,885.82144,46191.792128
156497.580516,885.82144,880.515072,0.0,885.82144,46192.021504
156596.858437,885.833728,880.52736,0.0,885.833728,46192.00512
156696.123678,885.833728,880.52736,0.0,885.833728,46191.763456
156793.781096,885.833728,880.52736,0.0,885.833728,46191.747072
156890.068597,885.833728,880.52736,0.0,885.833728,46191.652864
156989.840524,885.833728,880.52736,0.0,885.833728,46191.63648
157089.844014,885.833728,880.52736,0.0,885.833728,46192.59904
157193.884635,885.833728,880.52736,0.0,885.833728,46193.23392
157292.325628,885.833728,880.52736,0.0,885.833728,46193.168384
157391.456559,885.833728,880.52736,0.0,885.833728,46192.582656
157489.608543,885.833728,880.52736,0.0,885.833728,46192.386048
157591.981825,885.833728,880.52736,0.0,885.833728,46193.106944
157695.653635,885.833728,880.52736,0.0,885.833728,46192.7424
157798.301942,885.833728,880.52736,0.0,885.833728,46192.410624
157899.957123,885.833728,880.52736,0.0,885.833728,46192.644096
157999.040756,885.833728,880.52736,0.0,885.833728,46192.627712
158100.696418,885.833728,880.52736,0.0,885.833728,46192.349184
158202.381238,885.833728,880.52736,0.0,885.833728,46193.844224
158302.63673,885.833728,880.52736,0.0,885.833728,46191.9232
158408.62215,885.833728,880.52736,0.0,885.833728,46191.906816
158515.56841,885.833728,880.52736,0.0,885.833728,46191.890432
158616.456592,885.833728,880.52736,0.0,885.833728,46192.132096
158716.463321,885.833728,880.52736,0.0,885.833728,46192.115712
158818.431291,885.833728,880.52736,0.0,885.833728,46192.099328
158918.532175,885.833728,880.52736,0.0,885.833728,46194.610176
159038.522165,885.833728,880.52736,0.0,885.833728,46194.126848
159134.8448,886.923264,881.616896,0.0,886.923264,46195.15904
159232.184548,886.923264,881.616896,0.0,886.923264,46195.142656
159330.389346,886.923264,881.616896,0.0,886.923264,46195.38432
159428.880362,886.923264,881.616896,0.0,886.923264,46195.105792
159528.257843,886.923264,881.616896,0.0,886.923264,46195.023872
159625.943003,886.923264,881.616896,0.0,886.923264,46196.727808
159721.986831,886.923264,881.616896,0.0,886.923264,46196.703232
159821.282517,886.923264,881.616896,0.0,886.923264,46196.666368
159920.893233,886.923264,881.616896,0.0,886.923264,46196.908032
160018.635129,886.923264,881.616896,0.0,886.923264,46196.887552
160116.681358,886.923264,881.616896,0.0,886.923264,46196.871168
160216.053538,886.923264,881.616896,0.0,886.923264,46196.588544
160322.073369,886.923264,881.616896,0.0,886.923264,46196.57216
160421.869873,886.923264,881.616896,0.0,886.923264,46196.813824
160522.023525,886.923264,881.616896,0.0,886.923264,46196.79744
160621.907082,886.923264,881.616896,0.0,886.923264,46196.781056
160721.833884,886.923264,881.616896,0.0,886.923264,46197.026816
160821.097754,886.923264,881.616896,0.0,886.923264,46197.00224
160922.720269,886.923264,881.616896,0.0,886.923264,46196.822016
161023.898662,886.923264,881.616896,0.0,886.923264,46197.067776
161125.095977,886.923264,881.616896,0.0,886.923264,46197.051392
161230.01825,886.923264,881.616896,0.0,886.923264,46197.035008
161336.746551,886.923264,881.616896,0.0,886.923264,46197.018624
161439.248,886.923264,881.616896,0.0,886.923264,46196.744192
161539.745624,886.923264,881.616896,0.0,886.923264,46196.727808
161639.52347,886.923264,881.616896,0.0,886.923264,46196.71552
161759.405839,886.923264,881.616896,0.0,886.923264,46196.957184
161857.616407,888.139776,882.833408,0.0,888.139776,46198.173696
161956.872611,888.139776,882.833408,0.0,888.139776,46194.765824
162054.034235,888.139776,882.833408,0.0,888.139776,46195.011584
162151.588671,888.139776,882.833408,0.0,888.139776,46194.0736
162250.790275,888.139776,882.833408,0.0,888.139776,46194.253824
162351.941492,888.139776,882.833408,0.0,888.139776,46194.176
162450.855551,888.139776,882.833408,0.0,888.139776,46194.163712
162548.367997,888.139776,882.833408,0.0,888.139776,46193.885184
162644.101906,888.139776,882.833408,0.0,888.139776,46194.13504
162743.13784,888.139776,882.833408,0.0,888.139776,46194.118656
162840.747994,888.139776,882.833408,0.0,888.139776,46193.840128
162938.808294,888.139776,882.833408,0.0,888.139776,46193.21344
163040.207683,888.139776,882.833408,0.0,888.139776,46193.72544
163136.98828,888.139776,882.833408,0.0,888.139776,46193.709056
163248.549445,888.139776,882.833408,0.0,888.139776,46193.430528
163357.590204,888.139776,882.833408,0.0,888.139776,46193.41824
163458.321105,888.139776,882.833408,0.0,888.139776,46193.401856
163558.925595,888.139776,882.833408,0.0,888.139776,46193.385472
163659.320345,888.139776,882.833408,0.0,888.139776,46193.631232
163761.312189,888.139776,882.833408,0.0,888.139776,46193.8688
163861.796616,888.139776,882.833408,0.0,888.139776,46193.852416
163961.565591,888.139776,882.833408,0.0,888.139776,46193.836032
164060.281591,888.139776,882.833408,0.0,888.139776,46193.819648
164161.703641,888.139776,882.833408,0.0,888.139776,46193.803264
164265.053886,888.139776,882.833408,0.0,888.139776,46193.78688
164374.284812,888.139776,882.833408,0.0,888.139776,46193.774592
164474.250417,888.139776,882.833408,0.0,888.139776,46193.758208
164581.459058,888.139776,882.833408,0.0,888.139776,46193.987584
164679.488147,889.458688,884.15232,0.0,889.458688,46195.286016
164778.261788,889.458688,884.15232,0.0,889.458688,46195.175424
164874.664843,889.458688,884.15232,0.0,889.458688,46195.15904
164971.041291,889.458688,884.15232,0.0,889.458688,46195.142656
165068.598034,889.458688,884.15232,0.0,889.458688,46195.126272
165164.500457,889.458688,884.15232,0.0,889.458688,46195.109888
165263.758726,889.458688,884.15232,0.0,889.458688,46195.355648
165367.021003,889.458688,884.15232,0.0,889.458688,46195.339264
165465.915561,889.458688,884.15232,0.0,889.458688,46195.32288
165564.83067,889.458688,884.15232,0.0,889.458688,46195.306496
165664.841328,889.458688,884.15232,0.0,889.458688,46195.290112
165768.120939,889.458688,884.15232,0.0,889.458688,46195.273728
165874.18597,889.458688,884.15232,0.0,889.458688,46196.224
165974.962003,889.458688,884.15232,0.0,889.458688,46196.555776
166074.71407,889.458688,884.15232,0.0,889.458688,46196.314112
166174.830668,889.458688,884.15232,0.0,889.458688,46196.297728
166275.79257,889.458688,884.15232,0.0,889.458688,46196.281344
166379.259174,889.458688,884.15232,0.0,889.458688,46196.26496
166478.159519,889.458688,884.15232,0.0,889.458688,46196.248576
166577.31693,889.458688,884.15232,0.0,889.458688,46195.974144
166682.784121,889.458688,884.15232,0.0,889.458688,46195.95776
166786.231565,889.458688,884.15232,0.0,889.458688,46195.965952
166891.820179,889.458688,884.15232,0.0,889.458688,46196.625408
166991.108219,889.458688,884.15232,0.0,889.458688,46196.887552
167094.707623,889.462784,884.156416,0.0,889.462784,46197.547008
167190.907288,889.462784,884.156416,0.0,889.462784,46197.3504
167290.224872,889.462784,884.156416,0.0,889.462784,46196.789248
167393.648553,889.462784,884.156416,0.0,889.462784,46196.731904
167492.558759,889.462784,884.156416,0.0,889.462784,46196.71552
167592.04461,889.462784,884.156416,0.0,889.462784,46196.699136
167690.743943,889.462784,884.156416,0.0,889.462784,46196.9408
167790.293922,889.462784,884.156416,0.0,889.462784,46196.924416
167886.173696,889.462784,884.156416,0.0,889.462784,46196.908032
167985.391637,889.462784,884.156416,0.0,889.462784,46196.891648
168085.246825,889.462784,884.156416,0.0,889.462784,46196.629504
168191.343921,889.462784,884.156416,0.0,889.462784,46196.61312
168294.768825,889.462784,884.156416,0.0,889.462784,46196.596736
168396.866747,889.462784,884.156416,0.0,889.462784,46196.8384
168498.184831,889.462784,884.156416,0.0,889.462784,46196.822016
168599.789934,889.462784,884.156416,0.0,889.462784,46196.826112
168701.320748,889.462784,884.156416,0.0,889.462784,46196.830208
168803.505216,889.462784,884.156416,0.0,889.462784,46196.830208
168904.962492,889.462784,884.156416,0.0,889.462784,46196.936704
169006.511408,889.462784,884.156416,0.0,889.462784,46197.182464
169106.592091,889.462784,884.156416,0.0,889.462784,46195.818496
169212.994173,889.462784,884.156416,0.0,889.462784,46195.949568
169317.129316,889.462784,884.156416,0.0,889.462784,46196.195328
169421.380713,889.462784,884.156416,0.0,889.462784,46195.666944
169530.729685,889.46688,884.160512,0.0,889.46688,46195.89632
169627.080666,890.556416,885.250048,0.0,890.556416,46196.678656
169725.683261,890.556416,885.250048,0.0,890.556416,46196.662272
169821.517181,890.556416,885.250048,0.0,890.556416,46196.793344
169920.47053,890.556416,885.250048,0.0,890.556416,46196.77696
170019.730093,890.556416,885.250048,0.0,890.556416,46196.760576
170117.85429,890.556416,885.250048,0.0,890.556416,46196.744192
170213.827576,890.556416,885.250048,0.0,890.556416,46196.727808
170313.099015,890.556416,885.250048,0.0,890.556416,46196.973568
170412.677422,890.556416,885.250048,0.0,890.556416,46196.69504
170510.822084,890.556416,885.250048,0.0,890.556416,46196.678656
170613.376078,890.556416,885.250048,0.0,890.556416,46196.666368
170713.276645,890.556416,885.250048,0.0,890.556416,46196.649984
170813.338802,890.556416,885.250048,0.0,890.556416,46196.895744
170917.15577,890.556416,885.250048,0.0,890.556416,46196.977664
171024.209989,890.556416,885.250048,0.0,890.556416,46196.96128
171124.739422,890.556416,885.250048,0.0,890.556416,46196.944896
171224.72552,890.556416,885.250048,0.0,890.556416,46196.666368
171323.978808,890.556416,885.250048,0.0,890.556416,46196.649984
171423.216616,890.556416,885.250048,0.0,890.556416,46196.625408
171524.92083,890.556416,885.250048,0.0,890.556416,46196.609024
171626.812727,890.556416,885.250048,0.0,890.556416,46196.59264
171727.185923,890.556416,885.250048,0.0,890.556416,46196.576256
171831.817103,890.556416,885.250048,0.0,890.556416,46196.559872
171934.555786,890.556416,885.250048,0.0,890.556416,46196.523008
172031.505977,891.5968,886.290432,0.0,891.5968,46197.809152
172127.762666,891.5968,886.290432,0.0,891.5968,46197.792768
172227.472223,891.5968,886.290432,0.0,891.5968,46198.038528
172327.091535,891.5968,886.290432,0.0,891.5968,46197.149696
172431.704554,891.5968,886.290432,0.0,891.5968,46196.600832
172531.743399,891.5968,886.290432,0.0,891.5968,46196.563968
172631.640149,891.5968,886.289408,0.0,891.5968,46196.809728
172731.165606,891.5968,886.290432,0.0,891.5968,46196.793344
172830.532633,891.5968,886.290432,0.0,891.5968,46197.039104
172927.721256,891.5968,886.290432,0.0,891.5968,46196.764672
173025.86761,891.5968,886.290432,0.0,891.5968,46197.010432
173130.090587,891.5968,886.290432,0.0,891.5968,46196.994048
173229.363643,891.5968,886.290432,0.0,891.5968,46196.977664
173328.523026,891.5968,886.290432,0.0,891.5968,46197.223424
173430.225103,891.5968,886.290432,0.0,891.5968,46197.20704
173529.658783,891.5968,886.290432,0.0,891.5968,46197.190656
173636.080839,891.5968,886.290432,0.0,891.5968,46197.174272
173739.735916,891.5968,886.290432,0.0,891.5968,46197.420032
173843.789927,891.5968,886.290432,0.0,891.5968,46197.403648
173944.344953,891.5968,886.290432,0.0,891.5968,46197.12512
174046.583447,891.5968,886.290432,0.0,891.5968,46196.850688
174145.618747,891.5968,886.290432,0.0,891.5968,46197.358592
174245.320722,891.5968,886.290432,0.0,891.5968,46197.342208
174346.852433,891.5968,886.290432,0.0,891.5968,46197.587968
174447.99903,891.5968,886.290432,0.0,891.5968,46197.30944
174542.300327,891.5968,886.290432,0.0,891.5968,46198.308864
174637.794534,892.694528,887.38816,0.0,892.694528,46198.55872
174737.057272,892.694528,887.38816,0.0,892.694528,46198.542336
174836.71378,892.694528,887.38816,0.0,892.694528,46198.288384
174934.866735,892.694528,887.38816,0.0,892.694528,46198.272
175030.906732,892.694528,887.38816,0.0,892.694528,46198.255616
175130.009073,892.694528,887.38816,0.0,892.694528,46197.989376
175229.651678,892.694528,887.38816,0.0,892.694528,46197.968896
175327.908631,892.694528,887.38816,0.0,892.694528,46198.4768
175424.337595,892.694528,887.38816,0.0,892.694528,46198.460416
175523.410304,892.694528,887.38816,0.0,892.694528,46198.444032
175622.715358,892.694528,887.38816,0.0,892.694528,46198.427648
175721.198982,892.694528,887.38816,0.0,892.694528,46198.411264
175817.746589,892.694528,887.38816,0.0,892.694528,46198.398976
175918.845783,892.694528,887.38816,0.0,892.694528,46198.345728
176019.879902,892.694528,887.38816,0.0,892.694528,46198.33344
176119.442721,892.694528,887.38816,0.0,892.694528,46198.317056
176221.168908,892.694528,887.38816,0.0,892.694528,46198.562816
176322.42058,892.694528,887.38816,0.0,892.694528,46198.550528
176431.030115,892.694528,887.38816,0.0,892.694528,46198.19008
176537.439458,892.694528,887.38816,0.0,892.694528,46198.173696
176637.71436,892.694528,887.38816,0.0,892.694528,46198.157312
176737.500466,892.694528,887.38816,0.0,892.694528,46198.140928
176836.273066,892.694528,887.38816,0.0,892.694528,46198.386688
176937.614625,892.694528,887.38816,0.0,892.694528,46198.10816
177036.978997,892.694528,887.38816,0.0,892.694528,46197.563392
177138.652622,892.694528,887.38816,0.0,892.694528,46197.547008
177243.235215,892.694528,887.38816,0.0,892.694528,46197.792768
177338.997366,893.927424,888.621056,0.0,893.927424,46199.857152
177438.071104,893.927424,888.621056,0.0,893.927424,46199.840768
177537.669865,893.927424,888.621056,0.0,893.927424,46199.82848
177635.493833,893.927424,888.621056,0.0,893.927424,46199.554048
177731.768252,893.927424,888.621056,0.0,893.927424,46199.537664
177830.91098,893.927424,888.621056,0.0,893.927424,46199.52128
177929.68915,893.927424,888.621056,0.0,893.927424,46199.504896
178031.510615,893.927424,888.621056,0.0,893.927424,46199.324672
178128.682151,893.927424,888.621056,0.0,893.927424,46199.058432
178226.151362,893.927424,888.621056,0.0,893.927424,46198.779904
178326.666324,893.927424,888.621056,0.0,893.927424,46199.025664
178428.721078,893.927424,888.621056,0.0,893.927424,46198.747136
178536.067835,893.927424,888.620032,0.0,893.927424,46198.468608
178639.059459,893.927424,888.620032,0.0,893.927424,46198.448128
178745.770675,893.927424,888.621056,0.0,893.927424,46198.693888
178851.979917,893.927424,888.621056,0.0,893.927424,46198.677504
178962.297769,893.927424,888.621056,0.0,893.927424,46198.66112
179069.32693,893.927424,888.621056,0.0,893.927424,46198.644736
179175.175737,893.927424,888.621056,0.0,893.927424,46198.874112
179278.780195,893.927424,888.621056,0.0,893.927424,46199.119872
179391.165497,893.927424,888.621056,0.0,893.927424,46199.33696
179497.952943,893.927424,888.621056,0.0,893.927424,46199.296
179600.769506,893.927424,888.621056,0.0,893.927424,46199.279616
179700.918435,893.927424,888.621056,0.0,893.927424,46199.263232
179806.664024,893.927424,888.621056,0.0,893.927424,46198.9888
179938.494717,893.927424,888.621056,0.0,893.927424,46199.218176
180038.415188,895.086592,889.780224,0.0,895.086592,46200.512512
180136.555978,895.086592,889.780224,0.0,895.086592,46200.496128
180232.534185,895.086592,889.780224,0.0,895.086592,46200.479744
180331.583412,895.086592,889.780224,0.0,895.086592,46200.725504
180430.870642,895.086592,889.780224,0.0,895.086592,46200.70912
180528.998436,895.086592,889.780224,0.0,895.086592,46200.692736
180628.099389,895.086592,889.780224,0.0,895.086592,46200.4224
180729.478405,895.086592,889.780224,0.0,895.086592,46200.406016
180831.5453,895.086592,889.780224,0.0,895.086592,46200.389632
180934.008763,895.086592,889.780224,0.0,895.086592,46200.373248
181043.525355,895.086592,889.780224,0.0,895.086592,46200.619008
181152.918222,895.086592,889.780224,0.0,895.086592,46200.602624
181256.066941,895.086592,889.780224,0.0,895.086592,46200.58624
181361.468433,895.086592,889.780224,0.0,895.086592,46200.905728
181462.99266,895.086592,889.780224,0.0,895.086592,46200.889344
181565.083038,895.086592,889.780224,0.0,895.086592,46200.87296
181664.972672,895.086592,889.780224,0.0,895.086592,46200.856576
181765.162632,895.086592,889.780224,0.0,895.086592,46200.324096
181872.476601,895.086592,889.780224,0.0,895.086592,46200.303616
181978.827016,895.086592,889.7792,0.0,895.086592,46200.020992
182080.558171,895.086592,889.780224,0.0,895.086592,46200.004608
182181.232966,895.086592,889.780224,0.0,895.086592,46199.988224
182280.458362,895.086592,889.780224,0.0,895.086592,46200.496128
182405.95128,895.086592,889.780224,0.0,895.086592,46200.713216
182504.08383,895.090688,889.78432,0.0,895.090688,46200.446976
182600.107562,895.090688,889.78432,0.0,895.090688,46199.926784
182699.15659,895.090688,889.78432,0.0,895.090688,46199.906304
182798.691617,895.090688,889.78432,0.0,895.090688,46199.88992
182896.461331,895.090688,889.78432,0.0,895.090688,46200.397824
182992.637061,895.090688,889.78432,0.0,895.090688,46200.127488
183093.782284,895.090688,889.78432,0.0,895.090688,46200.373248
183192.850853,895.090688,889.78432,0.0,895.090688,46200.356864
183292.268516,895.090688,889.78432,0.0,895.090688,46200.60672
183389.79451,895.090688,889.78432,0.0,895.090688,46200.85248
183485.957918,895.090688,889.78432,0.0,895.090688,46200.569856
183588.108663,895.090688,889.78432,0.0,895.090688,46200.553472
183689.530845,895.090688,889.78432,0.0,895.090688,46200.537088
183792.482704,895.090688,889.78432,0.0,895.090688,46200.520704
183891.777954,895.090688,889.78432,0.0,895.090688,46200.508416
183996.00655,895.090688,889.78432,0.0,895.090688,46200.229888
184098.992887,895.090688,889.78432,0.0,895.090688,46199.955456
184201.836709,895.090688,889.78432,0.0,895.090688,46199.93088
184304.968581,895.090688,889.78432,0.0,895.090688,46200.180736
184405.448096,895.090688,889.78432,0.0,895.090688,46200.164352
184504.873622,895.090688,889.78432,0.0,895.090688,46200.147968
184606.712747,895.090688,889.78432,0.0,895.090688,46200.127488
184708.025646,895.090688,889.78432,0.0,895.090688,46200.111104
184807.847793,895.090688,889.78432,0.0,895.090688,46200.09472
184914.777263,895.090688,889.78432,0.0,895.090688,46200.34048
185011.858834,896.22528,890.918912,0.0,896.22528,46201.884672
185108.21514,896.22528,890.918912,0.0,896.22528,46201.868288
185207.53962,896.22528,890.918912,0.0,896.22528,46201.851904
185305.204163,896.22528,890.918912,0.0,896.22528,46201.83552
185401.365758,896.22528,890.918912,0.0,896.22528,46202.08128
185500.613516,896.22528,890.918912,0.0,896.22528,46202.064896
185599.7638,896.22528,890.918912,0.0,896.22528,46202.048512
185696.343794,896.22528,890.918912,0.0,896.22528,46202.032128
185792.771012,896.22528,890.918912,0.0,896.22528,46202.015744
185892.103966,896.22528,890.918912,0.0,896.22528,46201.372672
185989.01745,896.22528,890.918912,0.0,896.22528,46201.008128
186085.640962,896.22528,890.918912,0.0,896.22528,46200.905728
186185.948864,896.22528,890.918912,0.0,896.22528,46200.881152
186286.964669,896.22528,890.918912,0.0,896.22528,46200.864768
186388.699084,896.22528,890.918912,0.0,896.22528,46201.110528
186495.694404,896.22528,890.918912,0.0,896.22528,46200.832
186604.161468,896.22528,890.918912,0.0,896.22528,46200.815616
186705.307951,896.22528,890.918912,0.0,896.22528,46200.803328
186805.791379,896.22528,890.918912,0.0,896.22528,46200.786944
186905.520363,896.22528,890.918912,0.0,896.22528,46200.56576
187006.849573,896.22528,890.918912,0.0,896.22528,46200.725504
187105.948824,896.22528,890.918912,0.0,896.22528,46200.70912
187208.242078,896.22528,890.918912,0.0,896.22528,46200.692736
187312.963842,896.22528,890.918912,0.0,896.22528,46200.655872
187418.941685,896.22528,890.918912,0.0,896.22528,46200.639488
187522.089672,896.22528,890.918912,0.0,896.22528,46200.623104
187641.769183,896.22528,890.918912,0.0,896.22528,46200.590336
187739.330193,897.417216,892.110848,0.0,897.417216,46201.884672
187842.223853,897.417216,892.110848,0.0,897.417216,46201.42592
187938.77778,897.417216,892.110848,0.0,897.417216,46201.409536
188036.185476,897.417216,892.110848,0.0,897.417216,46201.393152
188131.686863,897.417216,892.110848,0.0,897.417216,46201.376768
188230.15576,897.417216,892.110848,0.0,897.417216,46201.360384
188327.260087,897.417216,892.110848,0.0,897.417216,46201.348096
188424.528244,897.417216,892.110848,0.0,897.417216,46201.438208
188524.162422,897.417216,892.110848,0.0,897.417216,46201.421824
188627.181456,897.417216,892.110848,0.0,897.417216,46201.307136
188732.100008,897.417216,892.110848,0.0,897.417216,46201.024512
188832.258112,897.417216,892.110848,0.0,897.417216,46201.012224
188931.604474,897.417216,892.110848,0.0,897.417216,46201.253888
189032.878818,897.417216,892.110848,0.0,897.417216,46201.499648
189138.078589,897.417216,892.110848,0.0,897.417216,46201.483264
189245.11203,897.417216,892.110848,0.0,897.417216,46201.462784
189347.444366,897.417216,892.110848,0.0,897.417216,46201.442304
189453.998952,897.417216,892.110848,0.0,897.417216,46200.111104
189559.656708,897.417216,892.102656,0.0,897.417216,46199.832576
189658.505547,897.417216,892.110848,0.0,897.417216,46200.07424
189757.721745,897.417216,892.110848,0.0,897.417216,46200.057856
189865.305364,897.417216,892.110848,0.0,897.417216,46200.041472
189969.47701,897.417216,892.110848,0.0,897.417216,46200.549376
190065.395096,897.429504,892.123136,0.0,897.429504,46201.040896
190163.394296,897.429504,892.123136,0.0,897.429504,46200.766464
190264.775758,897.429504,892.123136,0.0,897.429504,46200.75008
190360.965609,897.429504,892.123136,0.0,897.429504,46200.99584
190459.752435,897.429504,892.123136,0.0,897.429504,46200.971264
190558.700192,897.429504,892.123136,0.0,897.429504,46200.95488
190655.229993,897.429504,892.123136,0.0,897.429504,46200.938496
190751.832026,897.429504,892.123136,0.0,897.429504,46200.922112
190853.123221,897.429504,892.123136,0.0,897.429504,46200.905728
190952.771659,897.429504,892.123136,0.0,897.429504,46200.823808
191050.886774,897.429504,892.123136,0.0,897.429504,46201.069568
191153.913945,897.429504,892.123136,0.0,897.429504,46201.053184
191260.83629,897.429504,892.123136,0.0,897.429504,46201.0368
191361.608895,897.429504,892.123136,0.0,897.429504,46201.020416
191461.598226,897.429504,892.123136,0.0,897.429504,46200.737792
191561.109356,897.429504,892.123136,0.0,897.429504,46200.721408
191662.82147,897.429504,892.123136,0.0,897.429504,46200.967168
191765.608256,897.429504,892.123136,0.0,897.429504,46200.762368
191864.435221,897.429504,892.123136,0.0,897.429504,46200.745984
191970.622326,897.429504,892.123136,0.0,897.429504,46200.492032
192076.463618,897.429504,892.123136,0.0,897.429504,46200.2176
192177.715963,897.429504,892.123136,0.0,897.429504,46200.46336
192278.175396,897.429504,892.123136,0.0,897.429504,46200.184832
192379.396144,897.429504,892.123136,0.0,897.429504,46200.430592
192478.560483,897.429504,892.123136,0.0,897.429504,46200.676352
192592.075898,897.429504,892.123136,0.0,897.429504,46201.430016
192691.155419,898.568192,893.261824,0.0,898.568192,46202.12224
192787.648613,898.568192,893.261824,0.0,898.568192,46202.10176
192887.225219,898.568192,893.261824,0.0,898.568192,46202.155008
192984.86203,898.568192,893.261824,0.0,898.568192,46202.134528
193082.009864,898.568192,893.261824,0.0,898.568192,46202.12224
193182.921728,898.568192,893.261824,0.0,898.568192,46201.46688
193282.739925,898.568192,893.261824,0.0,898.568192,46201.18016
193386.034411,898.568192,893.261824,0.0,898.568192,46201.544704
193484.802843,898.568192,893.257728,0.0,898.568192,46201.790464
193583.964999,898.568192,893.261824,0.0,898.568192,46201.511936
193683.313151,898.568192,893.261824,0.0,898.568192,46201.495552
193784.802648,898.568192,893.261824,0.0,898.568192,46201.479168
193886.791214,898.568192,893.261824,0.0,898.568192,46201.475072
193990.012259,898.568192,893.261824,0.0,898.568192,46201.458688
194091.031069,898.568192,893.261824,0.0,898.568192,46201.442304
194192.129277,898.568192,893.261824,0.0,898.568192,46201.42592
194291.658041,898.568192,893.261824,0.0,898.568192,46201.409536
194393.597977,898.568192,893.261824,0.0,898.568192,46201.655296
194499.585265,898.568192,893.261824,0.0,898.568192,46201.643008
194604.151729,898.568192,893.261824,0.0,898.568192,46201.626624
194707.701918,898.568192,893.261824,0.0,898.568192,46201.61024
194808.167082,898.568192,893.261824,0.0,898.568192,46201.593856
194908.325912,898.568192,893.261824,0.0,898.568192,46201.839616
195009.373421,898.568192,893.261824,0.0,898.568192,46201.823232
195108.715637,898.568192,893.261824,0.0,898.568192,46202.068992
195215.32475,898.568192,893.261824,0.0,898.568192,46202.822656
195313.230955,899.690496,894.384128,0.0,899.690496,46203.33056
195409.18178,899.690496,894.384128,0.0,899.690496,46203.314176
195508.393141,899.690496,894.384128,0.0,899.690496,46203.297792
195607.371734,899.690496,894.384128,0.0,899.690496,46203.281408
195704.127028,899.690496,894.384128,0.0,899.690496,46203.265024
195800.839403,899.690496,894.384128,0.0,899.690496,46203.24864
195900.251693,899.690496,894.384128,0.0,899.690496,46203.224064
195997.472559,899.690496,894.384128,0.0,899.690496,46202.957824
196093.795077,899.690496,894.384128,0.0,899.690496,46202.42944
196195.341899,899.690496,894.384128,0.0,899.690496,46201.905152
196294.634924,899.690496,894.384128,0.0,899.690496,46201.888768
196393.78198,899.690496,894.384128,0.0,899.690496,46201.872384
196491.608235,899.690496,894.384128,0.0,899.690496,46202.376192
196592.52797,899.690496,894.384128,0.0,899.690496,46202.085376
196692.163908,899.690496,894.384128,0.0,899.690496,46202.085376
196796.22486,899.690496,894.384128,0.0,899.690496,46202.064896
196902.423137,899.690496,894.384128,0.0,899.690496,46202.12224
197012.104982,899.690496,894.384128,0.0,899.690496,46202.159104
197119.411307,899.690496,894.384128,0.0,899.690496,46202.14272
197219.992908,899.690496,894.384128,0.0,899.690496,46202.126336
197324.876336,899.690496,894.384128,0.0,899.690496,46202.109952
197428.890307,899.690496,894.384128,0.0,899.690496,46202.355712
197528.465622,899.690496,894.384128,0.0,899.690496,46202.077184
197628.124007,899.690496,894.384128,0.0,899.690496,46202.773504
197729.817775,899.690496,894.384128,0.0,899.690496,46206.304256
197835.842755,899.690496,894.383104,0.0,899.690496,46218.850304
197939.63481,899.690496,894.384128,0.0,899.690496,46204.801024
198041.956939,900.960256,895.653888,0.0,900.960256,46205.7472
198143.85763,900.960256,895.653888,0.0,900.960256,46205.70624
198242.387364,900.960256,895.653888,0.0,900.960256,46205.689856
198342.255917,900.960256,895.653888,0.0,900.960256,46205.415424
198442.15664,900.960256,895.653888,0.0,900.960256,46205.39904
198544.491937,900.960256,895.653888,0.0,900.960256,46205.382656
198645.285034,900.960256,895.653888,0.0,900.960256,46205.362176
198746.927706,900.960256,895.653888,0.0,900.960256,46205.341696
198846.405881,900.960256,895.653888,0.0,900.960256,46205.313024
198946.085804,900.960256,895.653888,0.0,900.960256,46205.505536
199049.054558,900.960256,895.653888,0.0,900.960256,46205.239296
199151.158066,900.960256,895.652864,0.0,900.960256,46205.222912
199252.758231,900.960256,895.653888,0.0,900.960256,46205.198336
199354.064966,900.960256,895.653888,0.0,900.960256,46205.353984
199458.054983,900.960256,895.653888,0.0,900.960256,46205.157376
199563.099814,900.960256,895.653888,0.0,900.960256,46204.04736
199666.486919,900.960256,895.653888,0.0,900.960256,46204.29312
199771.479674,900.960256,895.653888,0.0,900.960256,46204.276736
199877.862925,900.960256,895.653888,0.0,900.960256,46204.2112
199977.100833,900.960256,895.653888,0.0,900.960256,46204.194816
200078.635116,900.960256,895.653888,0.0,900.960256,46204.440576
200178.106849,900.960256,895.653888,0.0,900.960256,46204.424192
200282.939009,900.960256,895.653888,0.0,900.960256,46204.141568
200386.337267,900.960256,895.653888,0.0,900.960256,46204.387328
200492.463973,900.960256,895.653888,0.0,900.960256,46204.370944
200593.189882,900.960256,895.653888,0.0,900.960256,46204.616704
200693.328573,900.960256,895.653888,0.0,900.960256,46204.60032
200793.744371,900.960256,895.653888,0.0,900.960256,46204.583936
200919.649977,900.960256,895.653888,0.0,900.960256,46204.817408
201021.964131,902.32832,897.021952,0.0,902.32832,46206.111744
201121.725516,902.32832,897.021952,0.0,902.32832,46205.58336
201224.58936,902.32832,897.021952,0.0,902.32832,46205.308928
201327.780629,902.32832,897.021952,0.0,902.32832,46205.550592
201424.205575,902.32832,897.021952,0.0,902.32832,46205.796352
201526.941687,902.32832,897.021952,0.0,902.32832,46205.517824
201625.191302,902.32832,897.021952,0.0,902.32832,46205.763584
201725.70667,902.32832,897.021952,0.0,902.32832,46205.7472
201823.212178,902.32832,897.021952,0.0,902.32832,46205.734912
201921.525671,902.32832,897.021952,0.0,902.32832,46205.46048
202027.504206,902.32832,897.021952,0.0,902.32832,46205.70624
202134.72922,902.32832,897.021952,0.0,902.32832,46205.68576
202235.656456,902.32832,897.021952,0.0,902.32832,46205.669376
202335.896445,902.32832,897.021952,0.0,902.32832,46205.915136
202437.617389,902.32832,897.021952,0.0,902.32832,46205.636608
202536.780864,902.32832,897.021952,0.0,902.32832,46205.620224
202636.797728,902.32832,897.021952,0.0,902.32832,46205.865984
202738.630537,902.32832,897.021952,0.0,902.32832,46205.58336
202839.919174,902.32832,897.021952,0.0,902.32832,46205.558784
202944.687285,902.32832,897.021952,0.0,902.32832,46206.001152
203054.1604,902.32832,897.021952,0.0,902.32832,46206.246912
203155.43284,902.32832,897.021952,0.0,902.32832,46205.97248
203260.79876,902.32832,897.021952,0.0,902.32832,46205.952
203363.518701,902.32832,897.021952,0.0,902.32832,46206.19776
203490.443867,902.32832,897.021952,0.0,902.32832,46206.414848
203589.482297,903.450624,898.144256,0.0,903.450624,46207.709184
203686.532376,903.450624,898.144256,0.0,903.450624,46207.6928
203784.830287,903.450624,898.144256,0.0,903.450624,46207.676416
203884.855573,903.450624,898.144256,0.0,903.450624,46207.410176
203984.42101,903.450624,898.144256,0.0,903.450624,46207.393792
204084.004793,903.450624,898.144256,0.0,903.450624,46207.377408
204181.853292,903.450624,898.144256,0.0,903.450624,46207.361024
204277.947771,903.450624,898.144256,0.0,903.450624,46207.107072
204376.860279,903.450624,898.144256,0.0,903.450624,46207.61088
204475.691556,903.450624,898.144256,0.0,903.450624,46207.594496
204575.303514,903.450624,898.144256,0.0,903.450624,46207.582208
204671.120298,903.450624,898.144256,0.0,903.450624,46207.56992
204770.34492,903.450624,898.144256,0.0,903.450624,46207.553536
204872.129466,903.450624,898.144256,0.0,903.450624,46207.729664
204971.80257,903.450624,898.144256,0.0,903.450624,46207.451136
205075.182206,903.450624,898.144256,0.0,903.450624,46207.95904
205178.071294,903.450624,898.144256,0.0,903.450624,46207.54944
205279.837455,903.450624,898.144256,0.0,903.450624,46207.52896
205379.074599,903.450624,898.144256,0.0,903.450624,46207.578112
205478.592565,903.450624,898.144256,0.0,903.450624,46207.561728
205580.362746,903.450624,898.144256,0.0,903.450624,46207.545344
205679.693298,903.450624,898.144256,0.0,903.450624,46207.791104
205786.284307,903.450624,898.144256,0.0,903.450624,46207.766528
205889.901707,903.450624,898.144256,0.0,903.450624,46207.750144
205994.160588,903.450624,898.144256,0.0,903.450624,46207.73376
206095.329203,903.450624,898.144256,0.0,903.450624,46207.97952
206196.871839,903.450624,898.144256,0.0,903.450624,46207.770624
206296.399418,903.450624,898.144256,0.0,903.450624,46207.75424
206395.633488,903.450624,898.144256,0.0,903.450624,46207.475712
206498.68673,904.904704,899.598336,0.0,904.904704,46209.028096
206600.449435,904.904704,899.598336,0.0,904.904704,46208.49152
206699.050896,904.904704,899.598336,0.0,904.904704,46208.47104
206800.820673,904.904704,899.598336,0.0,904.904704,46208.446464
206899.613934,904.904704,899.598336,0.0,904.904704,46208.167936
206998.730988,904.904704,899.598336,0.0,904.904704,46208.151552
207100.181811,904.904704,899.598336,0.0,904.904704,46208.397312
207199.581893,904.904704,899.598336,0.0,904.904704,46208.380928
207299.301563,904.904704,899.598336,0.0,904.904704,46208.106496
207397.442701,904.904704,899.598336,0.0,904.904704,46208.352256
207496.548132,904.904704,899.598336,0.0,904.904704,46208.487424
207595.76847,904.904704,899.598336,0.0,904.904704,46208.47104
207697.136477,904.904704,899.598336,0.0,904.904704,46208.7168
207798.353798,904.904704,899.598336,0.0,904.904704,46208.692224
207898.139345,904.904704,899.598336,0.0,904.904704,46208.667648
208004.15773,904.904704,899.598336,0.0,904.904704,46208.38912
208108.443493,904.904704,899.598336,0.0,904.904704,46208.897024
208213.547735,904.904704,899.598336,0.0,904.904704,46208.88064
208317.41165,904.904704,899.598336,0.0,904.904704,46207.860736
208420.974039,904.904704,899.598336,0.0,904.904704,46207.582208
208525.311955,904.904704,899.598336,0.0,904.904704,46207.557632
208625.257058,904.904704,899.598336,0.0,904.904704,46207.541248
208724.923753,904.904704,899.598336,0.0,904.904704,46207.787008
208834.548099,904.904704,899.598336,0.0,904.904704,46208.032768
208934.143519,904.921088,899.61472,0.0,904.921088,46208.524288
209035.540984,904.921088,899.61472,0.0,904.921088,46208.503808
209138.274759,904.921088,899.61472,0.0,904.921088,46208.495616
209240.05109,904.921088,899.61472,0.0,904.921088,46208.221184
209336.855634,904.921088,899.61472,0.0,904.921088,46208.217088
209436.347403,904.921088,899.61472,0.0,904.921088,46208.200704
209534.425462,904.921088,899.61472,0.0,904.921088,46208.18432
209630.462071,904.921088,899.61472,0.0,904.921088,46208.167936
209729.686134,904.921088,899.61472,0.0,904.921088,46208.413696
209831.555247,904.921088,899.61472,0.0,904.921088,46208.397312
209930.828741,904.921088,899.61472,0.0,904.921088,46208.380928
210031.688911,904.921088,899.61472,0.0,904.921088,46208.364544
210130.693881,904.921088,899.61472,0.0,904.921088,46208.090112
210227.306615,904.921088,899.61472,0.0,904.921088,46208.073728
210329.833177,904.921088,899.61472,0.0,904.921088,46208.057344
210433.502894,904.921088,899.61472,0.0,904.921088,46208.303104
210534.677851,904.921088,899.61472,0.0,904.921088,46208.28672
210636.334447,904.921088,899.61472,0.0,904.921088,46208.53248
210738.929352,904.921088,899.61472,0.0,904.921088,46208.77824
210840.957068,904.921088,899.61472,0.0,904.921088,46208.761856
210942.661956,904.921088,899.61472,0.0,904.921088,46208.483328
211046.83664,904.921088,899.61472,0.0,904.921088,46208.2048
211147.169004,904.921088,899.61472,0.0,904.921088,46208.446464
211255.840245,904.921088,899.61472,0.0,904.921088,46208.43008
211359.873723,904.921088,899.61472,0.0,904.921088,46208.67584
211460.681611,904.921088,899.61472,0.0,904.921088,46208.659456
211560.301526,904.921088,899.61472,0.0,904.921088,46208.643072
211660.450346,904.921088,899.61472,0.0,904.921088,46208.626688
211786.527585,904.921088,899.61472,0.0,904.921088,46208.831488
211888.464905,906.264576,900.958208,0.0,906.264576,46210.125824
211987.825525,906.264576,900.958208,0.0,906.264576,46210.105344
212087.489661,906.264576,900.958208,0.0,906.264576,46210.08896
212188.388793,906.264576,900.958208,0.0,906.264576,46210.330624
212287.812288,906.264576,900.958208,0.0,906.264576,46210.31424
212388.096096,906.264576,900.958208,0.0,906.264576,46210.822144
212485.178085,906.264576,900.958208,0.0,906.264576,46209.794048
212580.554325,906.264576,900.958208,0.0,906.264576,46209.785856
212684.513206,906.264576,900.958208,0.0,906.264576,46209.478656
212787.716944,906.264576,900.954112,0.0,906.264576,46209.765376
212889.385092,906.264576,900.958208,0.0,906.264576,46209.482752
212988.62802,906.264576,900.958208,0.0,906.264576,46209.466368
213092.737527,906.264576,900.958208,0.0,906.264576,46209.204224
213196.216559,906.264576,900.958208,0.0,906.264576,46209.449984
213305.88269,906.264576,900.958208,0.0,906.264576,46209.171456
213411.240056,906.264576,900.958208,0.0,906.264576,46209.150976
213514.064867,906.264576,900.958208,0.0,906.264576,46209.134592
213615.351554,906.264576,900.958208,0.0,906.264576,46209.118208
213714.63118,906.264576,900.958208,0.0,906.264576,46209.101824
213814.485244,906.264576,900.958208,0.0,906.264576,46209.347584
213916.401204,906.264576,900.958208,0.0,906.264576,46209.3312
214015.910867,906.264576,900.958208,0.0,906.264576,46209.314816
214122.467252,906.264576,900.958208,0.0,906.264576,46209.040384
214226.567645,906.264576,900.958208,0.0,906.264576,46209.286144
214328.994041,906.264576,900.958208,0.0,906.264576,46209.777664
214427.574696,906.264576,900.958208,0.0,906.264576,46210.023424
214527.302062,906.264576,900.958208,0.0,906.264576,46209.49504
214626.802026,906.264576,900.958208,0.0,906.264576,46209.478656
214724.649656,906.264576,900.958208,0.0,906.264576,46209.462272
214823.975849,906.264576,900.958208,0.0,906.264576,46210.465792
214924.432807,906.264576,900.958208,0.0,906.264576,46212.23936
215022.594025,906.264576,900.958208,0.0,906.264576,46212.124672
215121.835497,906.264576,900.958208,0.0,906.264576,46212.435968
215221.381558,906.264576,900.958208,0.0,906.264576,46212.681728
215319.121862,906.264576,900.958208,0.0,906.264576,46212.145152
215421.798937,906.264576,900.958208,0.0,906.264576,46212.132864
215521.525321,906.264576,900.958208,0.0,906.264576,46212.11648
215620.372457,906.264576,900.958208,0.0,906.264576,46212.100096
215719.666156,906.264576,900.958208,0.0,906.264576,46212.083712
215824.420278,906.264576,900.958208,0.0,906.264576,46211.883008
215928.507709,906.264576,900.958208,0.0,906.264576,46211.866624
216032.51556,906.264576,900.958208,0.0,906.264576,46211.85024
216132.968466,906.264576,900.958208,0.0,906.264576,46211.833856
216233.584434,906.264576,900.958208,0.0,906.264576,46212.07552
216333.026426,906.264576,900.958208,0.0,906.264576,46211.801088
216434.578648,906.264576,900.958208,0.0,906.264576,46212.046848
216534.266723,906.264576,900.958208,0.0,906.264576,46212.030464
216635.868999,906.264576,900.958208,0.0,906.264576,46211.801088
216739.950439,906.264576,900.958208,0.0,906.264576,46211.784704
216835.614215,907.30496,901.998592,0.0,907.30496,46213.586944
216935.102766,907.30496,901.998592,0.0,907.30496,46213.308416
217034.479845,907.30496,901.998592,0.0,907.30496,46213.292032
217131.733459,907.30496,901.998592,0.0,907.30496,46213.275648
217228.235925,907.30496,901.998592,0.0,907.30496,46213.521408
217327.709259,907.30496,901.998592,0.0,907.30496,46213.24288
217426.572096,907.30496,901.998592,0.0,907.30496,46212.972544
217523.256061,907.30496,901.998592,0.0,907.30496,46212.75136
217621.571777,907.30496,901.998592,0.0,907.30496,46212.734976
217721.310616,907.30496,901.998592,0.0,907.30496,46212.718592
217823.282442,907.30496,901.998592,0.0,907.30496,46212.775936
217922.476246,907.30496,901.998592,0.0,907.30496,46212.497408
218022.568865,907.30496,901.998592,0.0,907.30496,46212.48512
218124.180581,907.30496,901.998592,0.0,907.30496,46212.468736
218227.63485,907.30496,901.998592,0.0,907.30496,46212.718592
218329.380227,907.30496,901.998592,0.0,907.30496,46212.44416
218429.836181,907.30496,901.998592,0.0,907.30496,46212.15744
218532.985702,907.30496,901.998592,0.0,907.30496,46212.395008
218633.117923,907.30496,901.998592,0.0,907.30496,46212.460544
218738.891642,907.30496,901.998592,0.0,907.30496,46212.440064
218845.491811,907.30496,901.998592,0.0,907.30496,46212.952064
218946.961311,907.30496,901.998592,0.0,907.30496,46212.677632
219047.306042,907.30496,901.998592,0.0,907.30496,46212.661248
219147.685436,907.30496,901.998592,0.0,907.30496,46212.898816
219247.156966,907.30496,901.998592,0.0,907.30496,46212.882432
219347.242425,907.30496,901.998592,0.0,907.30496,46212.34176
219450.344904,907.30496,901.998592,0.0,907.30496,46212.325376
219549.033618,907.30496,901.998592,0.0,907.30496,46213.349376
219647.404514,908.525568,903.2192,0.0,908.525568,46214.750208
219749.274504,908.525568,903.2192,0.0,908.525568,46214.733824
219850.755851,908.525568,903.2192,0.0,908.525568,46214.979584
219949.845935,908.525568,903.2192,0.0,908.525568,46214.709248
220051.341099,908.525568,903.2192,0.0,908.525568,46214.692864
220150.457716,908.525568,903.2192,0.0,908.525568,46214.692864
220249.548804,908.525568,903.2192,0.0,908.525568,46214.934528
220346.807304,908.525568,903.2192,0.0,908.525568,46214.918144
220443.311965,908.525568,903.2192,0.0,908.525568,46214.90176
220542.820552,908.525568,903.2192,0.0,908.525568,46214.885376
220641.21053,908.525568,903.2192,0.0,908.525568,46214.868992
220737.456275,908.525568,903.2192,0.0,908.525568,46215.118848
220838.588667,908.525568,903.2192,0.0,908.525568,46215.094272
220943.286237,908.525568,903.2192,0.0,908.525568,46215.335936
221050.03429,908.525568,903.2192,0.0,908.525568,46215.565312
221153.329347,908.525568,903.2192,0.0,908.525568,46215.282688
221253.85284,908.525568,903.2192,0.0,908.525568,46215.532544
221355.721363,908.525568,903.2192,0.0,908.525568,46215.778304
221454.823388,908.525568,903.2192,0.0,908.525568,46215.76192
221554.550755,908.525568,903.2192,0.0,908.525568,46215.745536
221654.262615,908.525568,903.2192,0.0,908.525568,46215.729152
221757.824831,908.525568,903.2192,0.0,908.525568,46215.712768
221862.127422,908.525568,903.2192,0.0,908.525568,46215.958528
221969.712431,908.525568,903.2192,0.0,908.525568,46215.938048
222070.770023,908.525568,903.2192,0.0,908.525568,46215.921664
222171.187216,908.525568,903.2192,0.0,908.525568,46215.90528
222271.179242,908.525568,903.2192,0.0,908.525568,46216.15104
222395.664621,908.525568,903.2192,0.0,908.525568,46215.901184
222492.703088,909.811712,904.505344,0.0,909.811712,46216.933376
222589.893861,909.811712,904.505344,0.0,909.811712,46216.84736
222689.548895,909.811712,904.505344,0.0,909.811712,46216.577024
222789.434331,909.811712,904.505344,0.0,909.811712,46216.56064
222888.523808,909.811712,904.505344,0.0,909.811712,46216.27392
222991.296375,909.811712,904.505344,0.0,909.811712,46216.019968
223096.382029,909.811712,904.505344,0.0,909.811712,46215.999488
223195.711646,909.811712,904.50432,0.0,909.811712,46215.479296
223294.975725,909.811712,904.505344,0.0,909.811712,46215.72096
223394.480514,909.811712,904.505344,0.0,909.811712,46215.96672
223493.635018,909.811712,904.505344,0.0,909.811712,46215.950336
223598.780176,909.811712,904.505344,0.0,909.811712,46215.671808
223705.210176,909.811712,904.505344,0.0,909.811712,46215.917568
223807.38692,909.811712,904.505344,0.0,909.811712,46215.901184
223909.912766,909.811712,904.505344,0.0,909.811712,46215.651328
224014.756686,909.811712,904.505344,0.0,909.811712,46215.634944
224116.253317,909.811712,904.505344,0.0,909.811712,46215.61856
224215.299482,909.811712,904.505344,0.0,909.811712,46215.602176
224315.057925,909.811712,904.505344,0.0,909.811712,46215.847936
224416.905724,909.811712,904.505344,0.0,909.811712,46216.093696
224521.68938,909.811712,904.505344,0.0,909.811712,46216.33536
224628.949536,909.811712,904.505344,0.0,909.811712,46216.318976
224730.96478,909.811712,904.505344,0.0,909.811712,46216.302592
224836.166257,909.811712,904.505344,0.0,909.811712,46216.27392
224962.314836,909.815808,904.50944,0.0,909.815808,46218.747904
225063.152309,909.819904,904.513536,0.0,909.819904,46218.5472
225161.818152,909.819904,904.513536,0.0,909.819904,46218.285056
225260.972309,909.819904,904.513536,0.0,909.819904,46218.268672
225360.601768,909.819904,904.513536,0.0,909.819904,46218.48576
225460.475645,909.819904,904.513536,0.0,909.819904,46218.207232
225558.969246,909.819904,904.513536,0.0,909.819904,46218.190848
225655.23524,909.819904,904.513536,0.0,909.819904,46218.432512
225754.773617,909.819904,904.513536,0.0,909.819904,46218.416128
225854.621468,909.819904,904.513536,0.0,909.819904,46218.657792
225962.308621,909.819904,904.513536,0.0,909.819904,46218.637312
226065.767671,909.819904,904.513536,0.0,909.819904,46219.034624
226170.937281,909.819904,904.513536,0.0,909.819904,46218.760192
226271.972907,909.819904,904.513536,0.0,909.819904,46218.71104
226372.848864,909.819904,904.513536,0.0,909.819904,46218.436608
226472.785921,909.819904,904.513536,0.0,909.819904,46218.420224
226573.178765,909.819904,904.513536,0.0,909.819904,46217.916416
226676.817423,909.819904,904.513536,0.0,909.819904,46217.326592
226776.420709,909.819904,904.513536,0.0,909.819904,46217.314304
226876.101121,909.819904,904.513536,0.0,909.819904,46217.486336
226981.986509,909.819904,904.513536,0.0,909.819904,46217.654272
227094.350557,909.819904,904.513536,0.0,909.819904,46216.966144
227201.736286,909.819904,904.513536,0.0,909.819904,46216.56064
227327.205182,909.819904,904.513536,0.0,909.819904,46217.56416
227429.79549,909.824,904.517632,0.0,909.824,46217.551872
227532.496452,909.824,904.517632,0.0,909.824,46217.519104
227634.987219,909.824,904.517632,0.0,909.824,46217.494528
227734.799713,909.824,904.516608,0.0,909.824,46217.220096
227833.773032,909.824,904.516608,0.0,909.824,46217.203712
227931.194846,909.824,904.517632,0.0,909.824,46216.92928
228032.045511,909.824,904.517632,0.0,909.824,46216.986624
228132.365779,909.824,904.516608,0.0,909.824,46217.23648
228233.702657,909.824,904.50944,0.0,909.824,46216.94976
228336.675239,909.824,904.517632,0.0,909.824,46216.814592
228440.448472,909.824,904.517632,0.0,909.824,46217.056256
228549.459823,909.824,904.517632,0.0,909.824,46216.777728
228654.15437,909.824,904.517632,0.0,909.824,46216.761344
228756.821491,909.824,904.517632,0.0,909.824,46216.74496
228862.729366,909.824,904.517632,0.0,909.824,46216.851456
228962.94752,909.824,904.517632,0.0,909.824,46217.09312
229068.434413,909.824,904.517632,0.0,909.824,46216.568832
229169.186254,909.824,904.517632,0.0,909.824,46216.290304
229269.146514,909.824,904.517632,0.0,909.824,46216.261632
229379.889082,909.824,904.516608,0.0,909.824,46217.289728
229482.012845,909.824,904.517632,0.0,909.824,46217.27744
229584.898829,909.824,904.517632,0.0,909.824,46217.506816
229683.114812,910.749696,905.443328,0.0,910.749696,46218.289152
229779.251972,910.749696,905.443328,0.0,910.749696,46218.272768
229877.439323,910.749696,905.443328,0.0,910.749696,46218.256384
229976.785431,910.749696,905.443328,0.0,910.749696,46217.977856
230086.311752,910.749696,905.443328,0.0,910.749696,46217.13408
230184.654464,910.749696,905.443328,0.0,910.749696,46217.1136
230295.51383,910.749696,905.443328,0.0,910.749696,46217.355264
230409.068717,910.749696,905.443328,0.0,910.749696,46217.076736
230523.181228,910.749696,905.443328,0.0,910.749696,46217.064448
230638.954152,910.749696,905.443328,0.0,910.749696,46216.78592
230749.533192,910.749696,905.443328,0.0,910.749696,46216.769536
230860.321124,910.749696,905.443328,0.0,910.749696,46216.753152
230972.78324,910.749696,905.443328,0.0,910.749696,46216.474624
231086.001635,910.749696,905.443328,0.0,910.749696,46216.72448
231197.187277,910.749696,905.443328,0.0,910.749696,46216.97024
231307.608003,910.749696,905.443328,0.0,910.749696,46216.953856
231417.321545,910.749696,905.443328,0.0,910.749696,46217.19552
231531.683361,910.749696,905.443328,0.0,910.749696,46217.179136
231646.194785,910.749696,905.443328,0.0,910.749696,46216.634368
231752.650006,910.749696,905.443328,0.0,910.749696,46216.675328
231859.643922,910.749696,905.443328,0.0,910.749696,46216.413184
231970.376147,910.749696,905.443328,0.0,910.749696,46216.654848
232079.68794,910.749696,905.44128,0.0,910.749696,46216.900608
232184.451044,910.749696,905.443328,0.0,910.749696,46216.884224
232312.924558,910.749696,905.443328,0.0,910.749696,46217.1136
232415.034353,911.945728,906.63936,0.0,911.945728,46218.407936
232517.810192,911.945728,906.63936,0.0,911.945728,46218.391552
232621.644483,911.945728,906.638336,0.0,911.945728,46218.375168
232723.388158,911.945728,906.63936,0.0,911.945728,46218.354688
232825.43371,911.945728,906.63936,0.0,911.945728,46218.338304
232927.430015,911.945728,906.63936,0.0,911.945728,46218.32192
233030.619217,911.945728,906.63936,0.0,911.945728,46218.309632
233134.080247,911.945728,906.63936,0.0,911.945728,46218.293248
233236.690694,911.945728,906.63936,0.0,911.945728,46218.539008
233339.235234,911.945728,906.63936,0.0,911.945728,46218.522624
233441.558074,911.945728,906.636288,0.0,911.945728,46218.50624
233544.823632,911.945728,906.63936,0.0,911.945728,46218.272768
233648.633078,911.945728,906.63936,0.0,911.945728,46218.26048
233750.20502,911.945728,906.63936,0.0,911.945728,46218.244096
233858.281282,911.945728,906.63936,0.0,911.945728,46217.965568
233965.313833,911.945728,906.63936,0.0,911.945728,46217.940992
234069.061245,911.945728,906.63936,0.0,911.945728,46218.186752
234172.005849,911.945728,906.63936,0.0,911.945728,46218.170368
234274.548697,911.945728,906.63936,0.0,911.945728,46218.153984
234376.93108,911.945728,906.63936,0.0,911.945728,46218.399744
234476.55692,911.945728,906.63936,0.0,911.945728,46218.125312
234580.863534,911.945728,906.63936,0.0,911.945728,46218.108928
234679.885174,911.945728,906.63936,0.0,911.945728,46218.092544
234779.520068,911.945728,906.63936,0.0,911.945728,46218.07616
234879.212623,911.945728,906.63936,0.0,911.945728,46218.059776
234987.495784,911.945728,906.63936,0.0,911.945728,46218.469376
235095.235464,911.945728,906.63936,0.0,911.945728,46218.715136
235208.94845,911.945728,906.63936,0.0,911.945728,46218.69056
235307.96829,913.28512,907.978752,0.0,913.28512,46220.24704
235408.161311,913.28512,907.978752,0.0,913.28512,46220.4928
235504.916283,913.28512,907.978752,0.0,913.28512,46220.218368
235602.246543,913.28512,907.978752,0.0,913.28512,46220.201984
235701.825006,913.28512,907.978752,0.0,913.28512,46220.1856
235800.115096,913.28512,907.978752,0.0,913.28512,46220.169216
235896.368235,913.28512,907.978752,0.0,913.28512,46220.152832
235995.850041,913.28512,907.978752,0.0,913.28512,46219.8784
236095.478633,913.28512,907.978752,0.0,913.28512,46219.862016
236194.172242,913.28512,907.978752,0.0,913.28512,46219.841536
236290.744884,913.28512,907.978752,0.0,913.28512,46219.825152
236388.05261,913.28512,907.978752,0.0,913.28512,46220.038144
236489.091717,913.28512,907.978752,0.0,913.28512,46220.02176
236591.558334,913.28512,907.978752,0.0,913.28512,46220.005376
236693.980337,913.28512,907.978752,0.0,913.28512,46219.988992
236801.360739,913.28512,907.978752,0.0,913.28512,46219.988992
236908.044836,913.28512,907.978752,0.0,913.28512,46219.972608
237011.173717,913.28512,907.978752,0.0,913.28512,46219.689984
237112.499576,913.28512,907.978752,0.0,913.28512,46219.6736
237213.7216,913.28512,907.978752,0.0,913.28512,46219.91936
237315.436389,913.28512,907.978752,0.0,913.28512,46219.968512
237418.002457,913.28512,907.978752,0.0,913.28512,46220.214272
237520.404301,913.28512,907.978752,0.0,913.28512,46220.197888
237620.66915,913.28512,907.978752,0.0,913.28512,46220.181504
237725.825814,913.28512,907.978752,0.0,913.28512,46220.16512
237829.773541,913.28512,907.978752,0.0,913.28512,46220.148736
237934.315908,913.28512,907.978752,0.0,913.28512,46220.115968
238030.620072,913.28512,907.978752,0.0,913.28512,46220.10368
238129.695812,913.28512,907.978752,0.0,913.28512,46220.087296
238227.018634,913.28512,907.978752,0.0,913.28512,46219.812864
238323.99876,913.28512,907.978752,0.0,913.28512,46219.79648
238423.867861,913.28512,907.978752,0.0,913.28512,46220.04224
238523.384271,913.28512,907.978752,0.0,913.28512,46220.025856
238621.347738,913.28512,907.978752,0.0,913.28512,46219.497472
238718.022193,913.28512,907.978752,0.0,913.28512,46219.481088
238817.527208,913.28512,907.978752,0.0,913.28512,46219.726848
238917.463991,913.28512,907.978752,0.0,913.28512,46219.44832
239016.819021,913.28512,907.978752,0.0,913.28512,46219.431936
239117.093395,913.28512,907.978752,0.0,913.28512,46219.149312
239217.960396,913.28512,907.978752,0.0,913.28512,46219.395072
239317.792076,913.28512,907.978752,0.0,913.28512,46219.378688
239423.101796,913.28512,907.978752,0.0,913.28512,46219.624448
239525.558496,913.28512,907.978752,0.0,913.28512,46219.34592
239627.624034,913.28512,907.978752,0.0,913.28512,46219.329536
239727.612188,913.28512,907.978752,0.0,913.28512,46219.313152
239835.528083,913.28512,907.978752,0.0,913.28512,46219.03872
239943.055544,913.28512,907.978752,0.0,913.28512,46219.280384
240043.851172,913.28512,907.978752,0.0,913.28512,46219.264
240144.267365,913.28512,907.978752,0.0,913.28512,46219.247616
240243.665984,913.28512,907.978752,0.0,913.28512,46219.227136
240343.230111,913.28512,907.978752,0.0,913.28512,46219.210752
240444.722265,913.28512,907.978752,0.0,913.28512,46219.9808
240539.031534,913.28512,907.978752,0.0,913.28512,46221.000704
240636.958273,914.382848,909.07648,0.0,914.382848,46221.172736
240733.834706,914.382848,909.07648,0.0,914.382848,46220.898304
240833.415401,914.382848,909.07648,0.0,914.382848,46220.652544
240933.814997,914.382848,909.07648,0.0,914.382848,46220.312576
241033.777026,914.382848,909.07648,0.0,914.382848,46220.558336
241132.876415,914.382848,909.07648,0.0,914.382848,46220.541952
241229.5958,914.382848,909.07648,0.0,914.382848,46220.787712
241326.842358,914.382848,909.07648,0.0,914.382848,46220.771328
241426.429821,914.382848,909.07648,0.0,914.382848,46220.750848
241524.330315,914.382848,909.07648,0.0,914.382848,46220.734464
241621.136263,914.382848,909.07648,0.0,914.382848,46220.71808
241723.266173,914.382848,909.07648,0.0,914.382848,46220.701696
241824.754009,914.382848,909.07648,0.0,914.382848,46220.685312
241924.780794,914.382848,909.07648,0.0,914.382848,46220.488704
242034.118889,914.382848,909.07648,0.0,914.382848,46220.455936
242143.674741,914.382848,909.07648,0.0,914.382848,46220.525568
242250.897851,914.382848,909.07648,0.0,914.382848,46220.509184
242358.203276,914.382848,909.07648,0.0,914.382848,46221.041664
242461.094589,914.382848,909.070336,0.0,914.382848,46220.763136
242560.944058,914.382848,909.07648,0.0,914.382848,46221.008896
242660.573072,914.382848,909.07648,0.0,914.382848,46220.992512
242769.255406,914.382848,909.07648,0.0,914.382848,46220.976128
242876.376652,914.382848,909.07648,0.0,914.382848,46220.6976
242978.302339,914.382848,909.07648,0.0,914.382848,46220.681216
243084.606365,914.386944,909.080576,0.0,914.386944,46220.652544
243182.539704,915.480576,910.174208,0.0,915.480576,46221.959168
243284.535143,915.480576,910.174208,0.0,915.480576,46221.942784
243384.15853,915.480576,910.17216,0.0,915.480576,46221.934592
243484.327743,915.480576,910.174208,0.0,915.480576,46222.180352
243585.226102,915.480576,910.174208,0.0,915.480576,46221.901824
243686.543239,915.480576,910.173184,0.0,915.480576,46221.877248
243798.189462,915.480576,910.170112,0.0,915.480576,46221.59872
243896.979348,915.480576,910.174208,0.0,915.480576,46221.172736
244002.079531,915.480576,910.174208,0.0,915.480576,46221.152256
244105.575938,915.480576,910.174208,0.0,915.480576,46221.39392
244205.787112,915.480576,910.171136,0.0,915.480576,46221.369344
244306.401305,915.480576,910.17216,0.0,915.480576,46221.348864
244428.682608,915.480576,910.174208,0.0,915.480576,46221.59872
244538.407261,915.480576,910.173184,0.0,915.480576,46221.676544
244645.578282,915.480576,910.174208,0.0,915.480576,46221.39392
244752.255786,915.480576,910.174208,0.0,915.480576,46221.63968
244862.179018,915.480576,910.174208,0.0,915.480576,46221.623296
244969.178635,915.480576,910.174208,0.0,915.480576,46221.242368
245074.717319,915.480576,910.163968,0.0,915.480576,46220.92288
245181.055267,915.480576,910.173184,0.0,915.480576,46220.9024
245290.841368,915.480576,910.173184,0.0,915.480576,46220.88192
245396.845936,915.480576,910.166016,0.0,915.480576,46221.303808
245501.650987,915.488768,910.1824,0.0,915.488768,46220.787712
245605.912215,915.488768,910.1824,0.0,915.488768,46220.300288
245710.372076,915.488768,910.1824,0.0,915.488768,46220.333056
245815.924044,915.488768,910.1824,0.0,915.488768,46220.627968
245919.691762,915.488768,910.1824,0.0,915.488768,46220.5952
246019.917315,915.488768,910.1824,0.0,915.488768,46220.767232
246123.880894,915.488768,910.1824,0.0,915.488768,46221.012992
246228.849887,915.488768,910.1824,0.0,915.488768,46221.000704
246330.828183,915.488768,910.1824,0.0,915.488768,46220.836864
246433.80105,915.488768,910.1824,0.0,915.488768,46221.078528
246538.647566,915.488768,910.1824,0.0,915.488768,46221.062144
246648.95476,915.488768,910.1824,0.0,915.488768,46221.04576
246759.628481,915.488768,910.1824,0.0,915.488768,46221.029376
246867.192007,915.488768,910.1824,0.0,915.488768,46221.275136
246968.034852,915.488768,910.1824,0.0,915.488768,46221.340672
247071.270425,915.488768,910.1824,0.0,915.488768,46221.324288
247173.41581,915.488768,910.1824,0.0,915.488768,46221.307904
247279.534499,915.488768,910.1824,0.0,915.488768,46221.553664
247379.198093,915.488768,910.1824,0.0,915.488768,46221.074432
247480.630111,915.488768,910.1824,0.0,915.488768,46221.320192
247584.707937,915.488768,910.1824,0.0,915.488768,46221.303808
247689.525783,915.488768,910.1824,0.0,915.488768,46221.287424
247795.536968,915.488768,910.1824,0.0,915.488768,46221.037568
247915.946667,915.488768,910.1824,0.0,915.488768,46221.008896
248012.066419,916.525056,911.218688,0.0,916.525056,46222.041088
248111.335437,916.525056,911.218688,0.0,916.525056,46222.024704
248211.238431,916.525056,911.218688,0.0,916.525056,46222.00832
248310.705754,916.525056,911.218688,0.0,916.525056,46221.991936
248414.57687,916.525056,911.218688,0.0,916.525056,46221.307904
248527.017614,916.525056,911.218688,0.0,916.525056,46221.553664
248639.18855,916.525056,911.218688,0.0,916.525056,46221.53728
248753.781367,916.525056,911.218688,0.0,916.525056,46221.53728
248856.333617,916.525056,911.218688,0.0,916.525056,46221.017088
248955.865962,916.525056,911.218688,0.0,916.525056,46221.381632
249055.995747,916.525056,911.218688,0.0,916.525056,46221.246464
249160.920039,916.525056,911.218688,0.0,916.525056,46221.488128
249269.356858,916.525056,911.218688,0.0,916.525056,46221.471744
249369.444431,916.525056,911.218688,0.0,916.525056,46221.008896
249471.35393,916.525056,911.218688,0.0,916.525056,46221.254656
249576.742731,916.525056,911.218688,0.0,916.525056,46221.238272
249676.625814,916.525056,911.218688,0.0,916.525056,46221.221888
249778.643325,916.525056,911.218688,0.0,916.525056,46221.205504
249878.269284,916.525056,911.218688,0.0,916.525056,46221.18912
249978.495433,916.525056,911.218688,0.0,916.525056,46221.172736
250085.383822,916.525056,911.218688,0.0,916.525056,46221.156352
250190.839291,916.525056,911.218688,0.0,916.525056,46221.139968
250292.55076,916.525056,911.218688,0.0,916.525056,46221.385728
250398.295293,916.525056,911.218688,0.0,916.525056,46221.377536
250526.159029,916.529152,911.222784,0.0,916.529152,46220.275712
250622.502361,917.643264,912.336896,0.0,917.643264,46221.832192
250722.076503,917.643264,912.336896,0.0,917.643264,46221.553664
250821.851056,917.643264,912.336896,0.0,917.643264,46221.53728
250920.655787,917.643264,912.336896,0.0,917.643264,46221.520896
251017.190571,917.643264,912.336896,0.0,917.643264,46221.766656
251116.691219,917.643264,912.336896,0.0,917.643264,46221.488128
251216.243355,917.643264,912.336896,0.0,917.643264,46221.471744
251316.391456,917.643264,912.336896,0.0,917.643264,46221.45536
251422.44809,917.643264,912.336896,0.0,917.643264,46221.443072
251528.464042,917.643264,912.336896,0.0,917.643264,46222.188544
251631.620164,917.643264,912.336896,0.0,917.643264,46221.934592
251733.949546,917.643264,912.336896,0.0,917.643264,46221.918208
251833.820621,917.643264,912.336896,0.0,917.643264,46221.901824
251935.550983,917.643264,912.336896,0.0,917.643264,46221.88544
252040.289859,917.643264,912.336896,0.0,917.643264,46221.86496
252149.179666,917.643264,912.336896,0.0,917.643264,46221.848576
252252.376185,917.643264,912.336896,0.0,917.643264,46221.832192
252353.921647,917.643264,912.336896,0.0,917.643264,46221.811712
252458.851399,917.643264,912.336896,0.0,917.643264,46221.529088
252560.470744,917.643264,912.336896,0.0,917.643264,46221.774848
252660.818767,917.643264,912.336896,0.0,917.643264,46221.656064
252763.586077,917.643264,912.336896,0.0,917.643264,46221.488128
252862.570882,917.64736,912.340992,0.0,917.64736,46221.918208
252966.18688,917.64736,912.340992,0.0,917.64736,46221.664256
253070.335111,917.64736,912.338944,0.0,917.64736,46220.947456
253170.977269,917.64736,912.340992,0.0,917.64736,46221.180928
253276.209742,917.64736,912.340992,0.0,917.64736,46221.221888
253376.245489,917.64736,912.340992,0.0,917.64736,46221.471744
253475.514722,917.64736,912.340992,0.0,917.64736,46221.45536
253577.292273,917.64736,912.339968,0.0,917.64736,46221.438976
253674.638182,917.64736,912.340992,0.0,917.64736,46221.422592
253774.073871,917.64736,912.340992,0.0,917.64736,46221.406208
253874.769278,917.64736,912.340992,0.0,917.64736,46221.389824
253984.261721,917.64736,912.340992,0.0,917.64736,46221.369344
254087.181069,917.64736,912.340992,0.0,917.64736,46221.094912
254193.349809,917.64736,912.340992,0.0,917.64736,46221.08672
254298.918118,917.64736,912.339968,0.0,917.64736,46221.062144
254401.093147,917.64736,912.340992,0.0,917.64736,46221.303808
254510.605948,917.64736,912.340992,0.0,917.64736,46221.287424
254620.729707,917.64736,912.340992,0.0,917.64736,46221.27104
254725.400302,917.64736,912.340992,0.0,917.64736,46221.524992
254831.324967,917.64736,912.3328,0.0,917.64736,46221.520896
254936.931788,917.64736,912.340992,0.0,917.64736,46221.7216
255040.865997,917.64736,912.340992,0.0,917.64736,46221.74208
255145.317946,917.64736,912.340992,0.0,917.64736,46221.484032
255251.438463,917.64736,912.340992,0.0,917.64736,46221.205504
255359.536598,917.64736,912.339968,0.0,917.64736,46221.795328
255484.193755,917.64736,912.340992,0.0,917.64736,46222.045184
255583.035256,918.786048,913.47968,0.0,918.786048,46223.09376
255685.358357,918.786048,913.47968,0.0,918.786048,46222.823424
255784.217385,918.786048,913.47968,0.0,918.786048,46222.80704
255884.17456,918.786048,913.47968,0.0,918.786048,46222.790656
255984.210475,918.786048,913.47968,0.0,918.786048,46222.774272
256084.057331,918.786048,913.47968,0.0,918.786048,46222.757888
256182.742102,918.786048,913.47968,0.0,918.786048,46222.741504
256283.071842,918.786048,913.47968,0.0,918.786048,46222.72512
256385.719077,918.786048,913.47968,0.0,918.786048,46222.708736
256489.740925,918.786048,913.47968,0.0,918.786048,46222.639104
256594.199055,918.786048,913.47968,0.0,918.786048,46222.62272
256697.425922,918.786048,913.47968,0.0,918.786048,46222.606336
256796.984958,918.786048,913.47968,0.0,918.786048,46222.589952
256896.659436,918.786048,913.47968,0.0,918.786048,46222.835712
256995.720157,918.786048,913.47968,0.0,918.786048,46222.512128
257100.784681,918.786048,913.477632,0.0,918.786048,46222.487552
257202.497265,918.786048,913.477632,0.0,918.786048,46222.733312
257303.945146,918.786048,913.477632,0.0,918.786048,46222.716928
257405.808914,918.786048,913.477632,0.0,918.786048,46222.70464
257509.223716,918.786048,913.477632,0.0,918.786048,46222.68416
257611.012963,918.786048,913.477632,0.0,918.786048,46222.667776
257713.261022,918.786048,913.477632,0.0,918.786048,46222.516224
257817.964833,918.786048,913.477632,0.0,918.786048,46222.49984
257929.372401,918.786048,913.477632,0.0,918.786048,46222.483456
258032.739232,918.786048,913.477632,0.0,918.786048,46222.729216
258136.308767,918.786048,913.477632,0.0,918.786048,46222.712832
258236.29863,918.786048,913.477632,0.0,918.786048,46222.692352
258336.61779,918.786048,913.477632,0.0,918.786048,46222.675968
258438.529841,918.786048,913.477632,0.0,918.786048,46222.548992
258533.235624,918.786048,913.477632,0.0,918.786048,46224.351232
258631.78352,920.223744,914.915328,0.0,920.223744,46224.084992
258728.688108,920.223744,914.915328,0.0,920.223744,46224.068608
258828.402483,920.223744,914.915328,0.0,920.223744,46224.052224
258928.524075,920.223744,914.915328,0.0,920.223744,46223.597568
259028.360274,920.223744,914.915328,0.0,920.223744,46223.843328
259131.053799,920.223744,914.915328,0.0,920.223744,46223.826944
259230.702245,920.223744,914.915328,0.0,920.223744,46223.81056
259330.678084,920.223744,914.915328,0.0,920.223744,46223.794176
259431.438075,920.223744,914.915328,0.0,920.223744,46224.052224
259532.753122,920.223744,914.917376,0.0,920.223744,46223.765504
259638.972412,920.223744,914.91328,0.0,920.223744,46223.486976
259741.483451,920.223744,914.917376,0.0,920.223744,46223.470592
259846.991469,920.223744,914.917376,0.0,920.223744,46223.450112
259951.793204,920.223744,914.917376,0.0,920.223744,46223.695872
260053.083474,920.223744,914.917376,0.0,920.223744,46223.679488
260154.277316,920.223744,914.917376,0.0,920.223744,46223.663104
260255.629436,920.223744,914.917376,0.0,920.223744,46223.64672
260357.095162,920.223744,914.917376,0.0,920.223744,46223.630336
260459.072182,920.223744,914.917376,0.0,920.223744,46224.400384
260562.127304,920.223744,914.917376,0.0,920.223744,46224.384
260666.615234,920.223744,914.917376,0.0,920.223744,46224.367616
260771.232067,920.223744,914.917376,0.0,920.223744,46228.74624
260877.495448,920.223744,914.914304,0.0,920.223744,46231.22432
260984.376344,920.223744,914.917376,0.0,920.223744,46225.87904
261088.022652,920.22784,914.921472,0.0,920.22784,46225.862656
261185.236972,920.22784,914.921472,0.0,920.22784,46225.846272
261285.450962,920.22784,914.921472,0.0,920.22784,46225.829888
261385.844941,920.22784,914.921472,0.0,920.22784,46225.555456
261485.922769,920.22784,914.921472,0.0,920.22784,46225.539072
261584.935724,920.22784,914.921472,0.0,920.22784,46225.788928
261682.382626,920.22784,914.921472,0.0,920.22784,46225.77664
261779.701555,920.22784,914.921472,0.0,920.22784,46225.936384
261880.078335,920.22784,914.921472,0.0,920.22784,46225.907712
261980.247569,920.22784,914.921472,0.0,920.22784,46225.657856
262080.782569,920.22784,914.921472,0.0,920.22784,46225.575936
262184.179544,920.22784,914.921472,0.0,920.22784,46225.559552
262287.222311,920.22784,914.921472,0.0,920.22784,46225.543168
262388.853345,920.22784,914.921472,0.0,920.22784,46225.788928
262488.708659,920.22784,914.921472,0.0,920.22784,46225.772544
262588.924524,920.22784,914.921472,0.0,920.22784,46225.375232
262689.338165,920.22784,914.921472,0.0,920.22784,46225.358848
262794.347985,920.22784,914.921472,0.0,920.22784,46225.342464
262904.84964,920.22784,914.921472,0.0,920.22784,46225.16224
263006.232834,920.22784,914.921472,0.0,920.22784,46225.145856
263107.411679,920.22784,914.921472,0.0,920.22784,46225.129472
263208.458154,920.22784,914.921472,0.0,920.22784,46225.375232
263309.027031,920.22784,914.921472,0.0,920.22784,46225.358848
263409.084334,920.22784,914.921472,0.0,920.22784,46225.604608
263508.873931,920.22784,914.921472,0.0,920.22784,46225.588224
263609.174049,920.22784,914.921472,0.0,920.22784,46225.8176
263664.610069,920.22784,914.921472,0.0,920.22784,46226.06336
