elapsed_ms,rss_mb_decimal,pss_mb_decimal,gpu_memory_mb_decimal,total_memory_mb_decimal,cgroup_memory_mb_decimal
0.0,917.880832,912.575488,0.0,917.880832,42179.825664
101.687159,917.880832,912.575488,0.0,917.880832,42179.305472
201.737127,917.880832,912.575488,0.0,917.880832,42179.207168
295.445734,917.880832,912.575488,0.0,917.880832,42179.063808
390.014259,917.880832,912.575488,0.0,917.880832,42179.018752
484.287362,917.880832,912.575488,0.0,917.880832,42179.006464
580.590299,917.880832,912.575488,0.0,917.880832,42178.99008
677.710071,917.880832,912.575488,0.0,917.880832,42179.252224
774.646003,917.880832,912.575488,0.0,917.880832,42179.428352
869.981515,917.880832,912.575488,0.0,917.880832,42179.633152
964.597307,917.880832,912.575488,0.0,917.880832,42179.616768
1061.742981,917.880832,912.575488,0.0,917.880832,42179.629056
1156.091021,917.880832,912.575488,0.0,917.880832,42179.354624
1253.464641,917.880832,912.575488,0.0,917.880832,42179.190784
1347.586961,917.880832,912.575488,0.0,917.880832,42179.1744
1444.747644,917.880832,912.575488,0.0,917.880832,42179.190784
1539.228093,917.880832,912.575488,0.0,917.880832,42179.1744
1634.607734,917.880832,912.575488,0.0,917.880832,42178.736128
1729.800602,917.880832,912.575488,0.0,917.880832,42178.719744
1823.050041,917.880832,912.575488,0.0,917.880832,42178.965504
1918.683927,917.880832,912.575488,0.0,917.880832,42178.94912
2012.941666,917.880832,912.575488,0.0,917.880832,42178.932736
2104.508418,917.880832,912.575488,0.0,917.880832,42178.916352
2199.731249,917.880832,912.575488,0.0,917.880832,42179.121152
2296.199121,917.880832,912.575488,0.0,917.880832,42179.104768
2387.63035,917.880832,912.575488,0.0,917.880832,42179.088384
2480.507042,917.880832,912.575488,0.0,917.880832,42179.072
2575.11601,917.880832,912.575488,0.0,917.880832,42179.055616
2666.791204,917.880832,912.575488,0.0,917.880832,42179.039232
2758.087747,917.880832,912.575488,0.0,917.880832,42179.022848
2849.385178,917.880832,912.575488,0.0,917.880832,42179.006464
2940.568855,917.880832,912.575488,0.0,917.880832,42178.99008
3032.149454,917.880832,912.575488,0.0,917.880832,42179.002368
3131.29407,917.880832,912.575488,0.0,917.880832,42179.268608
3226.094889,917.880832,912.575488,0.0,917.880832,42179.268608
3327.731074,917.880832,912.575488,0.0,917.880832,42179.2768
3424.729387,917.880832,912.575488,0.0,917.880832,42179.272704
3523.051035,917.880832,912.575488,0.0,917.880832,42179.25632
3617.218564,917.880832,912.575488,0.0,917.880832,42179.239936
3717.134366,917.880832,912.575488,0.0,917.880832,42178.981888
3811.960987,917.880832,912.575488,0.0,917.880832,42179.252224
3913.838283,917.880832,912.575488,0.0,917.880832,42179.096576
4010.250067,917.880832,912.575488,0.0,917.880832,42178.781184
4103.791236,922.505216,917.199872,0.0,922.505216,42184.515584
4202.361567,922.505216,917.199872,0.0,922.505216,42184.429568
4302.306118,922.505216,917.199872,0.0,922.505216,42183.970816
4397.922268,922.505216,917.199872,0.0,922.505216,42183.954432
4493.865888,922.505216,917.199872,0.0,922.505216,42183.938048
4589.882785,922.505216,917.199872,0.0,922.505216,42183.958528
4681.727466,922.505216,917.199872,0.0,922.505216,42183.942144
4775.636698,922.505216,917.199872,0.0,922.505216,42183.663616
4868.083066,922.505216,917.199872,0.0,922.505216,42183.913472
4962.867968,922.505216,917.199872,0.0,922.505216,42183.897088
5056.75745,922.505216,917.199872,0.0,922.505216,42183.880704
5151.865116,922.505216,917.199872,0.0,922.505216,42183.868416
5246.588063,922.505216,917.199872,0.0,922.505216,42183.852032
5338.324897,922.505216,917.199872,0.0,922.505216,42183.835648
5429.579144,922.505216,917.199872,0.0,922.505216,42183.819264
5521.09539,922.505216,917.199872,0.0,922.505216,42183.80288
5613.623123,922.505216,917.199872,0.0,922.505216,42183.520256
5710.876031,922.505216,917.199872,0.0,922.505216,42183.766016
5809.412283,922.505216,917.199872,0.0,922.505216,42183.745536
5907.361998,922.505216,917.199872,0.0,922.505216,42183.729152
6003.899642,922.505216,917.199872,0.0,922.505216,42183.974912
6096.267113,922.505216,917.199872,0.0,922.505216,42183.696384
6193.380428,922.505216,917.199872,0.0,922.505216,42183.942144
6285.846796,922.505216,917.199872,0.0,922.505216,42183.92576
6385.424459,922.505216,917.199872,0.0,922.505216,42183.647232
6479.485246,922.505216,917.199872,0.0,922.505216,42183.630848
6573.619095,922.505216,917.199872,0.0,922.505216,42183.614464
6667.924561,922.505216,917.199872,0.0,922.505216,42183.593984
6765.264533,922.505216,917.199872,0.0,922.505216,42183.5776
6861.520009,922.505216,917.199872,0.0,922.505216,42183.561216
6954.711067,922.505216,917.199872,0.0,922.505216,42183.544832
7049.752969,922.505216,917.199872,0.0,922.505216,42183.528448
7143.380825,922.505216,917.199872,0.0,922.505216,42183.512064
7244.618083,922.505216,917.199872,0.0,922.505216,42182.434816
7347.990908,922.505216,917.199872,0.0,922.505216,42182.43072
7449.674406,922.505216,917.199872,0.0,922.505216,42182.414336
7547.958421,922.505216,917.199872,0.0,922.505216,42182.135808
7648.474471,922.505216,917.199872,0.0,922.505216,42182.119424
7745.030151,922.505216,917.199872,0.0,922.505216,42182.10304
7847.618894,922.505216,917.199872,0.0,922.505216,42182.156288
7945.017255,922.505216,917.199872,0.0,922.505216,42182.139904
8048.415922,922.505216,917.199872,0.0,922.505216,42182.12352
8148.763968,922.505216,917.199872,0.0,922.505216,42182.107136
8247.362789,927.158272,921.852928,0.0,927.158272,42187.329536
8342.21114,927.158272,921.852928,0.0,927.158272,42187.0592
8434.479009,927.158272,921.852928,0.0,927.158272,42187.042816
8530.6032,927.158272,921.852928,0.0,927.158272,42187.026432
8622.781604,927.158272,921.852928,0.0,927.158272,42187.010048
8721.061937,927.158272,921.852928,0.0,927.158272,42186.993664
8815.538686,927.158272,921.852928,0.0,927.158272,42187.239424
8907.257054,927.158272,921.852928,0.0,927.158272,42186.960896
8999.874459,927.158272,921.852928,0.0,927.158272,42186.944512
9098.858143,927.158272,921.852928,0.0,927.158272,42186.928128
9197.179293,927.158272,921.852928,0.0,927.158272,42186.911744
9294.840478,927.158272,921.852928,0.0,927.158272,42187.157504
9392.421554,927.158272,921.852928,0.0,927.158272,42187.14112
9486.450217,927.158272,921.852928,0.0,927.158272,42187.124736
9582.004286,927.158272,921.852928,0.0,927.158272,42187.370496
9677.074655,927.158272,921.852928,0.0,927.158272,42187.354112
9773.986977,927.158272,921.852928,0.0,927.158272,42187.337728
9872.558516,927.158272,921.852928,0.0,927.158272,42187.583488
9970.161227,927.158272,921.852928,0.0,927.158272,42187.309056
10062.592718,927.158272,921.852928,0.0,927.158272,42187.292672
10154.681637,927.158272,921.852928,0.0,927.158272,42187.075584
10253.764216,927.158272,921.852928,0.0,927.158272,42187.091968
10360.652738,927.158272,921.846784,0.0,927.158272,42187.075584
10456.313118,927.158272,921.852928,0.0,927.158272,42187.0592
10551.938738,927.158272,921.852928,0.0,927.158272,42187.042816
10647.144066,927.158272,921.852928,0.0,927.158272,42187.026432
10741.119703,927.158272,921.852928,0.0,927.158272,42187.010048
10835.144253,927.158272,921.844736,0.0,927.158272,42186.862592
10930.797194,927.158272,921.852928,0.0,927.158272,42186.842112
11023.01918,927.158272,921.852928,0.0,927.158272,42186.825728
11115.630921,927.158272,921.852928,0.0,927.158272,42186.809344
11211.284619,927.158272,921.852928,0.0,927.158272,42186.530816
11304.18037,927.158272,921.852928,0.0,927.158272,42186.514432
11398.74349,927.158272,921.852928,0.0,927.158272,42186.498048
11498.954872,927.158272,921.852928,0.0,927.158272,42186.481664
11596.272,927.158272,921.852928,0.0,927.158272,42186.46528
11692.877515,927.158272,921.852928,0.0,927.158272,42186.71104
11791.364481,927.158272,921.852928,0.0,927.158272,42186.694656
11894.308958,927.158272,921.852928,0.0,927.158272,42186.93632
11992.750065,927.158272,921.852928,0.0,927.158272,42186.919936
12091.742878,927.158272,921.852928,0.0,927.158272,42186.907648
12189.543461,927.158272,921.852928,0.0,927.158272,42186.891264
12286.873991,927.158272,921.852928,0.0,927.158272,42186.87488
12391.870919,927.166464,921.86112,0.0,927.166464,42187.628544
12484.039388,931.84,926.534656,0.0,931.84,42192.084992
12576.162327,931.84,926.534656,0.0,931.84,42192.068608
12669.756434,931.84,926.534656,0.0,931.84,42192.314368
12764.633871,931.84,926.534656,0.0,931.84,42192.297984
12856.532441,931.84,926.534656,0.0,931.84,42192.2816
12951.399512,931.84,926.534656,0.0,931.84,42192.265216
13046.128849,931.84,926.534656,0.0,931.84,42192.248832
13138.123667,931.84,926.534656,0.0,931.84,42192.232448
13229.73848,931.84,926.534656,0.0,931.84,42192.216064
13322.070848,931.84,926.534656,0.0,931.84,42192.461824
13416.431609,931.84,926.534656,0.0,931.84,42192.191488
13510.756683,931.84,926.534656,0.0,931.84,42192.175104
13605.105325,931.84,926.534656,0.0,931.84,42192.150528
13700.278251,931.84,926.534656,0.0,931.84,42192.134144
13792.31701,931.84,926.534656,0.0,931.84,42192.09728
13884.260879,931.84,926.534656,0.0,931.84,42192.34304
13978.90701,931.84,926.534656,0.0,931.84,42192.326656
14074.100234,931.84,926.534656,0.0,931.84,42192.310272
14166.175873,931.84,926.534656,0.0,931.84,42192.293888
14261.117405,931.84,926.534656,0.0,931.84,42192.257024
14356.293176,931.84,926.534656,0.0,931.84,42192.244736
14448.301936,931.84,926.534656,0.0,931.84,42192.228352
14540.347577,931.84,926.534656,0.0,931.84,42192.211968
14633.544121,931.84,926.534656,0.0,931.84,42192.195584
14728.437914,931.84,926.534656,0.0,931.84,42192.1792
14820.418023,931.84,926.534656,0.0,931.84,42192.162816
14918.503562,931.84,926.534656,0.0,931.84,42192.32256
15015.531021,931.84,926.534656,0.0,931.84,42192.244736
15110.711364,931.84,926.534656,0.0,931.84,42192.228352
15202.779339,931.84,926.534656,0.0,931.84,42191.958016
15294.489996,931.84,926.534656,0.0,931.84,42191.941632
15387.194502,931.84,926.534656,0.0,931.84,42191.925248
15484.24767,931.84,926.534656,0.0,931.84,42191.908864
15583.893989,931.84,926.534656,0.0,931.84,42191.89248
15678.702232,931.84,926.534656,0.0,931.84,42191.876096
15778.658285,931.84,926.534656,0.0,931.84,42191.859712
15873.986553,931.84,926.534656,0.0,931.84,42192.105472
15973.724535,931.84,926.534656,0.0,931.84,42192.089088
16070.925197,931.84,926.534656,0.0,931.84,42192.072704
16168.377305,931.84,926.534656,0.0,931.84,42192.05632
16263.275035,931.84,926.534656,0.0,931.84,42192.039936
16363.861563,931.84,926.534656,0.0,931.84,42192.023552
16486.9296,931.852288,926.546944,0.0,931.852288,42192.252928
16582.602035,936.460288,931.154944,0.0,936.460288,42196.955136
16674.884723,936.460288,931.154944,0.0,936.460288,42196.938752
16770.875429,936.460288,931.154944,0.0,936.460288,42196.922368
16863.9178,936.460288,931.154944,0.0,936.460288,42196.905984
16958.203385,936.460288,931.154944,0.0,936.460288,42196.62336
17055.210902,936.460288,931.154944,0.0,936.460288,42196.606976
17147.556046,936.460288,931.154944,0.0,936.460288,42196.332544
17239.511896,936.460288,931.154944,0.0,936.460288,42196.31616
17332.553687,936.460288,931.154944,0.0,936.460288,42196.56192
17429.711202,936.460288,931.154944,0.0,936.460288,42196.80768
17527.080693,936.460288,931.154944,0.0,936.460288,42196.80768
17619.962162,936.460288,931.154944,0.0,936.460288,42196.791296
17714.746026,936.460288,931.154944,0.0,936.460288,42196.774912
17810.477311,936.460288,931.154944,0.0,936.460288,42196.758528
17902.974694,936.460288,931.154944,0.0,936.460288,42196.738048
17995.169036,936.460288,931.154944,0.0,936.460288,42196.721664
18088.341557,936.460288,931.154944,0.0,936.460288,42196.70528
18183.954802,936.460288,931.154944,0.0,936.460288,42196.688896
18276.306829,936.460288,931.154944,0.0,936.460288,42196.672512
18368.386745,936.460288,931.154944,0.0,936.460288,42196.393984
18464.864813,936.460288,931.154944,0.0,936.460288,42196.639744
18557.861061,936.460288,931.154944,0.0,936.460288,42196.62336
18649.92239,936.460288,931.154944,0.0,936.460288,42196.606976
18742.638209,936.460288,931.154944,0.0,936.460288,42196.590592
18837.852532,936.460288,931.154944,0.0,936.460288,42196.574208
18930.434396,936.460288,931.154944,0.0,936.460288,42196.819968
19022.738762,936.460288,931.154944,0.0,936.460288,42196.803584
19115.794123,936.460288,931.154944,0.0,936.460288,42196.7872
19211.116434,936.460288,931.154944,0.0,936.460288,42196.770816
19304.894423,936.460288,931.154944,0.0,936.460288,42196.754432
19398.181613,936.460288,931.154944,0.0,936.460288,42196.484096
19493.913516,936.460288,931.154944,0.0,936.460288,42196.467712
19588.707474,936.460288,931.154944,0.0,936.460288,42196.451328
19689.367047,936.460288,931.154944,0.0,936.460288,42196.434944
19787.342494,936.460288,931.154944,0.0,936.460288,42196.41856
19889.541051,936.460288,931.154944,0.0,936.460288,42196.23424
19986.598806,936.460288,931.154944,0.0,936.460288,42196.217856
20084.624558,936.460288,931.154944,0.0,936.460288,42196.201472
20186.176671,936.460288,931.154944,0.0,936.460288,42196.185088
20284.019267,936.460288,931.154944,0.0,936.460288,42196.267008
20385.360746,936.460288,931.154944,0.0,936.460288,42196.250624
20484.255704,936.460288,931.154944,0.0,936.460288,42196.23424
20574.867404,936.472576,931.167232,0.0,936.472576,42196.205568
20669.011378,941.084672,935.779328,0.0,941.084672,42199.994368
20766.767675,941.084672,935.779328,0.0,941.084672,42199.973888
20860.841263,941.084672,935.779328,0.0,941.084672,42200.219648
20956.135088,941.084672,935.779328,0.0,941.084672,42200.178688
21050.637641,941.084672,935.779328,0.0,941.084672,42200.162304
21146.111609,941.084672,935.779328,0.0,941.084672,42200.14592
21238.324255,941.084672,935.779328,0.0,941.084672,42200.129536
21330.167494,941.084672,935.779328,0.0,941.084672,42200.113152
21423.194698,941.084672,935.779328,0.0,941.084672,42200.096768
21518.846729,941.084672,935.779328,0.0,941.084672,42200.342528
21613.399978,941.084672,935.779328,0.0,941.084672,42200.584192
21707.873456,941.084672,935.779328,0.0,941.084672,42200.567808
21803.115058,941.084672,935.779328,0.0,941.084672,42200.551424
21895.652081,941.084672,935.779328,0.0,941.084672,42200.129536
21990.132808,941.084672,935.779328,0.0,941.084672,42200.113152
22084.898774,941.084672,935.779328,0.0,941.084672,42200.096768
22183.547414,941.084672,935.779328,0.0,941.084672,42199.773184
22276.300956,941.084672,935.779328,0.0,941.084672,42200.018944
22368.909559,941.084672,935.779328,0.0,941.084672,42200.00256
22463.477682,941.084672,935.779328,0.0,941.084672,42200.00256
22556.875356,941.084672,935.779328,0.0,941.084672,42199.916544
22649.291312,941.084672,935.779328,0.0,941.084672,42199.92064
22741.972026,941.084672,935.779328,0.0,941.084672,42199.814144
22836.647927,941.084672,935.779328,0.0,941.084672,42200.059904
22929.521641,941.084672,935.779328,0.0,941.084672,42199.781376
23021.894739,941.084672,935.779328,0.0,941.084672,42199.764992
23114.197359,941.084672,935.779328,0.0,941.084672,42199.748608
23208.204289,941.084672,935.779328,0.0,941.084672,42199.732224
23303.226505,941.084672,935.779328,0.0,941.084672,42199.71584
23395.454863,941.084672,935.779328,0.0,941.084672,42199.699456
23488.325758,941.084672,935.779328,0.0,941.084672,42199.945216
23587.146363,941.084672,935.779328,0.0,941.084672,42200.190976
23685.875533,941.084672,935.779328,0.0,941.084672,42200.174592
23780.560957,941.084672,935.779328,0.0,941.084672,42200.158208
23883.249421,941.084672,935.779328,0.0,941.084672,42200.141824
23980.863368,941.084672,935.779328,0.0,941.084672,42200.12544
24080.367672,941.084672,935.779328,0.0,941.084672,42199.855104
24178.799074,941.084672,935.779328,0.0,941.084672,42199.83872
24276.205087,941.084672,935.779328,0.0,941.084672,42199.822336
24373.682097,941.084672,935.779328,0.0,941.084672,42199.805952
24472.217973,941.084672,935.779328,0.0,941.084672,42199.789568
24567.410405,941.084672,935.779328,0.0,941.084672,42200.035328
24667.949552,941.092864,935.78752,0.0,941.092864,42200.530944
24764.874315,945.7664,940.461056,0.0,945.7664,42205.478912
24857.649892,945.7664,940.461056,0.0,945.7664,42205.220864
24952.603843,945.7664,940.461056,0.0,945.7664,42205.20448
25047.741134,945.7664,940.461056,0.0,945.7664,42204.925952
25141.290822,945.7664,940.461056,0.0,945.7664,42205.171712
25237.07761,945.7664,940.461056,0.0,945.7664,42205.155328
25331.934088,945.7664,940.461056,0.0,945.7664,42205.138944
25427.658767,945.7664,940.461056,0.0,945.7664,42205.12256
25520.302173,945.7664,940.461056,0.0,945.7664,42205.106176
25612.813747,945.7664,940.461056,0.0,945.7664,42205.351936
25709.715847,945.7664,940.461056,0.0,945.7664,42205.335552
25802.794733,945.7664,940.461056,0.0,945.7664,42205.319168
25895.420543,945.7664,940.461056,0.0,945.7664,42205.302784
25990.048516,945.7664,940.461056,0.0,945.7664,42205.2864
26083.292757,945.7664,940.461056,0.0,945.7664,42205.53216
26176.083808,945.7664,940.461056,0.0,945.7664,42205.261824
26269.444272,945.7664,940.461056,0.0,945.7664,42205.24544
26365.470627,945.7664,940.461056,0.0,945.7664,42205.22496
26460.432565,945.7664,940.461056,0.0,945.7664,42205.208576
26558.084485,945.7664,940.461056,0.0,945.7664,42205.454336
26650.58415,945.7664,940.461056,0.0,945.7664,42205.437952
26747.349578,945.7664,940.461056,0.0,945.7664,42205.421568
26840.395209,945.7664,940.461056,0.0,945.7664,42205.405184
26932.664605,945.7664,940.461056,0.0,945.7664,42205.380608
27026.671633,945.7664,940.461056,0.0,945.7664,42205.364224
27122.379837,945.7664,940.461056,0.0,945.7664,42205.085696
27221.558387,945.7664,940.461056,0.0,945.7664,42205.200384
27314.352758,945.7664,940.461056,0.0,945.7664,42204.921856
27407.541081,945.7664,940.461056,0.0,945.7664,42205.618176
27503.371143,945.7664,940.461056,0.0,945.7664,42205.351936
27596.227949,945.7664,940.461056,0.0,945.7664,42204.3648
27692.365694,945.7664,940.461056,0.0,945.7664,42204.356608
27790.353783,945.7664,940.461056,0.0,945.7664,42204.5696
27892.037041,945.7664,940.461056,0.0,945.7664,42204.565504
27990.539157,945.7664,940.461056,0.0,945.7664,42204.291072
28091.420889,945.7664,940.461056,0.0,945.7664,42204.274688
28189.956146,945.7664,940.461056,0.0,945.7664,42203.987968
28288.745086,945.7664,940.461056,0.0,945.7664,42204.147712
28384.830784,945.7664,940.461056,0.0,945.7664,42204.11904
28487.004912,945.7664,940.461056,0.0,945.7664,42204.090368
28585.239451,945.7664,940.461056,0.0,945.7664,42204.073984
28687.10467,945.7664,940.461056,0.0,945.7664,42204.213248
28811.646779,945.774592,940.469248,0.0,945.774592,42204.704768
28904.447646,950.419456,945.114112,0.0,950.419456,42209.66912
28996.935377,950.419456,945.114112,0.0,950.419456,42209.652736
29093.185619,950.419456,945.114112,0.0,950.419456,42209.636352
29186.53126,950.419456,945.114112,0.0,950.419456,42209.619968
29278.779936,950.419456,945.114112,0.0,950.419456,42209.599488
29372.009686,950.419456,945.114112,0.0,950.419456,42209.333248
29468.35954,950.419456,945.114112,0.0,950.419456,42212.847616
29562.868232,950.419456,945.113088,0.0,950.419456,42226.19648
29658.849879,950.419456,945.114112,0.0,950.419456,42211.504128
29751.550176,950.419456,945.114112,0.0,950.419456,42211.487744
29843.965048,950.419456,945.114112,0.0,950.419456,42211.733504
29938.002278,950.419456,945.114112,0.0,950.419456,42211.71712
30033.087789,950.419456,945.114112,0.0,950.419456,42211.627008
30125.072453,950.419456,945.114112,0.0,950.419456,42211.610624
30218.398217,950.419456,945.114112,0.0,950.419456,42212.052992
30314.012882,950.419456,945.114112,0.0,950.419456,42211.864576
30406.417296,950.419456,945.114112,0.0,950.419456,42211.848192
30502.370633,950.419456,945.114112,0.0,950.419456,42211.831808
30597.698242,950.419456,945.114112,0.0,950.419456,42211.885056
30690.512965,950.419456,945.114112,0.0,950.419456,42211.598336
30788.053387,950.419456,945.114112,0.0,950.419456,42211.581952
30880.369699,950.419456,945.114112,0.0,950.419456,42211.565568
30973.45249,950.419456,945.114112,0.0,950.419456,42211.549184
31068.789305,950.419456,945.114112,0.0,950.419456,42211.5328
31161.421733,950.419456,945.114112,0.0,950.419456,42211.516416
31253.589497,950.419456,945.114112,0.0,950.419456,42211.500032
31347.864828,950.419456,945.114112,0.0,950.419456,42211.483648
31442.977845,950.419456,945.114112,0.0,950.419456,42211.467264
31535.022731,950.419456,945.114112,0.0,950.419456,42211.45088
31628.273759,950.419456,945.114112,0.0,950.419456,42211.434496
31724.078514,950.419456,945.114112,0.0,950.419456,42211.680256
31816.552205,950.419456,945.114112,0.0,950.419456,42211.926016
31912.797821,950.419456,945.114112,0.0,950.419456,42211.782656
32014.614334,950.419456,945.114112,0.0,950.419456,42211.700736
32110.950164,950.419456,945.114112,0.0,950.419456,42211.2256
32212.783147,950.419456,945.114112,0.0,950.419456,42211.323904
32310.720937,950.419456,945.114112,0.0,950.419456,42211.30752
32414.463059,950.419456,945.114112,0.0,950.419456,42210.848768
32512.393725,950.419456,945.114112,0.0,950.419456,42210.717696
32610.946719,950.419456,945.114112,0.0,950.419456,42210.701312
32705.745672,950.419456,945.114112,0.0,950.419456,42210.93888
32806.10006,950.419456,945.114112,0.0,950.419456,42210.922496
32904.673896,950.419456,945.114112,0.0,950.419456,42210.910208
32997.885276,955.10528,949.799936,0.0,955.10528,42216.09984
33096.111233,955.10528,949.799936,0.0,955.10528,42216.083456
33189.442537,955.10528,949.799936,0.0,955.10528,42216.067072
33285.412783,955.10528,949.799936,0.0,955.10528,42215.804928
33377.84277,955.10528,949.799936,0.0,955.10528,42215.788544
33470.094915,955.10528,949.799936,0.0,955.10528,42215.77216
33564.520136,955.10528,949.799936,0.0,955.10528,42215.6288
33659.801644,955.10528,949.799936,0.0,955.10528,42216.136704
33752.239501,955.10528,949.799936,0.0,955.10528,42216.12032
33846.308048,955.10528,949.799936,0.0,955.10528,42215.452672
33941.660341,955.10528,949.799936,0.0,955.10528,42215.202816
34034.098302,955.10528,949.799936,0.0,955.10528,42215.186432
34127.816513,955.10528,949.799936,0.0,955.10528,42215.170048
34223.373107,955.10528,949.799936,0.0,955.10528,42215.256064
34315.777341,955.10528,949.799936,0.0,955.10528,42215.13728
34412.021048,955.10528,949.799936,0.0,955.10528,42215.120896
34505.100007,955.10528,949.799936,0.0,955.10528,42215.104512
34597.799344,955.10528,949.799936,0.0,955.10528,42215.079936
34690.963211,955.10528,949.799936,0.0,955.10528,42215.063552
34787.064493,955.10528,949.799936,0.0,955.10528,42215.047168
34879.57623,955.10528,949.799936,0.0,955.10528,42215.030784
34975.359265,955.10528,949.799936,0.0,955.10528,42215.0144
35070.517767,955.10528,949.799936,0.0,955.10528,42214.998016
35162.969784,955.10528,949.799936,0.0,955.10528,42215.243776
35256.979647,955.10528,949.799936,0.0,955.10528,42215.227392
35352.18197,955.10528,949.799936,0.0,955.10528,42215.211008
35444.339734,955.10528,949.799936,0.0,955.10528,42214.703104
35537.569193,955.10528,949.799936,0.0,955.10528,42214.68672
35633.067056,955.10528,949.799936,0.0,955.10528,42214.670336
35725.471642,955.10528,949.799936,0.0,955.10528,42214.653952
35817.85963,955.10528,949.799936,0.0,955.10528,42214.899712
35912.450044,955.10528,949.799936,0.0,955.10528,42214.62528
36009.906675,955.10528,949.799936,0.0,955.10528,42214.608896
36107.710274,955.10528,949.799936,0.0,955.10528,42214.592512
36204.98173,955.10528,949.799936,0.0,955.10528,42214.576128
36300.429432,955.10528,949.799936,0.0,955.10528,42214.445056
36398.307665,955.10528,949.799936,0.0,955.10528,42214.428672
36493.41954,955.10528,949.799936,0.0,955.10528,42214.412288
36593.72449,955.10528,949.799936,0.0,955.10528,42214.395904
36693.768044,955.10528,949.799936,0.0,955.10528,42214.641664
36792.135803,955.10528,949.799936,0.0,955.10528,42214.62528
36887.38943,955.10528,949.799936,0.0,955.10528,42214.608896
36987.634019,955.10528,949.799936,0.0,955.10528,42214.592512
37103.891722,955.113472,949.808128,0.0,955.113472,42214.813696
37196.256425,959.758336,954.452992,0.0,959.758336,42219.515904
37289.838496,959.758336,954.452992,0.0,959.758336,42219.49952
37385.454076,959.758336,954.452992,0.0,959.758336,42219.483136
37480.881547,959.758336,954.452992,0.0,959.758336,42219.08992
37576.465072,959.758336,954.452992,0.0,959.758336,42219.073536
37668.983496,959.758336,954.452992,0.0,959.758336,42219.057152
37761.909236,959.758336,954.452992,0.0,959.758336,42219.302912
37857.801067,959.758336,954.452992,0.0,959.758336,42218.283008
37952.329005,959.758336,954.452992,0.0,959.758336,42218.262528
38046.452719,959.758336,954.452992,0.0,959.758336,42218.246144
38141.73998,959.758336,954.452992,0.0,959.758336,42218.22976
38234.240978,959.758336,954.452992,0.0,959.758336,42217.955328
38328.68914,959.758336,954.452992,0.0,959.758336,42217.938944
38424.023635,959.758336,954.452992,0.0,959.758336,42217.92256
38519.78003,959.758336,954.452992,0.0,959.758336,42217.906176
38615.330872,959.758336,954.452992,0.0,959.758336,42217.889792
38707.616537,959.758336,954.452992,0.0,959.758336,42217.873408
38800.931078,959.758336,954.452992,0.0,959.758336,42218.115072
38896.732856,959.758336,954.452992,0.0,959.758336,42218.622976
38989.503295,959.758336,954.452992,0.0,959.758336,42218.606592
39087.782328,959.758336,954.452992,0.0,959.758336,42218.590208
39180.638008,959.758336,954.452992,0.0,959.758336,42218.573824
39273.347418,959.758336,954.452992,0.0,959.758336,42218.299392
39368.178535,959.758336,954.452992,0.0,959.758336,42218.283008
39462.733315,959.758336,954.452992,0.0,959.758336,42218.266624
39555.631278,959.758336,954.452992,0.0,959.758336,42218.22976
39651.074737,959.758336,954.452992,0.0,959.758336,42217.918464
39744.142223,959.758336,954.452992,0.0,959.758336,42217.90208
39836.5914,959.758336,954.452992,0.0,959.758336,42218.14784
39930.838394,959.758336,954.452992,0.0,959.758336,42217.869312
40026.330801,959.758336,954.452992,0.0,959.758336,42217.852928
40118.963804,959.758336,954.452992,0.0,959.758336,42217.836544
40217.869009,959.758336,954.452992,0.0,959.758336,42218.082304
40313.398233,959.758336,954.452992,0.0,959.758336,42218.06592
40414.459247,959.758336,954.452992,0.0,959.758336,42218.307584
40512.055453,959.758336,954.452992,0.0,959.758336,42218.2912
40611.607678,959.758336,954.452992,0.0,959.758336,42218.274816
40709.504637,959.758336,954.452992,0.0,959.758336,42217.746432
40806.942973,959.758336,954.452992,0.0,959.758336,42217.730048
40905.521287,959.758336,954.450944,0.0,959.758336,42217.447424
41006.193203,959.758336,954.450944,0.0,959.758336,42217.693184
41109.267618,959.758336,954.450944,0.0,959.758336,42217.6768
41222.272418,959.762432,954.45504,0.0,959.762432,42218.426368
41316.981977,964.431872,959.12448,0.0,964.431872,42223.128576
41410.912473,964.431872,959.12448,0.0,964.431872,42223.112192
41517.630366,964.431872,959.12448,0.0,964.431872,42221.584384
41638.111855,964.431872,959.12448,0.0,964.431872,42221.826048
41730.825557,964.431872,959.12448,0.0,964.431872,42221.809664
41828.019024,964.431872,959.12448,0.0,964.431872,42222.055424
41923.50886,964.431872,959.12448,0.0,964.431872,42222.301184
42019.771953,964.431872,959.12448,0.0,964.431872,42222.2848
42112.520814,964.431872,959.12448,0.0,964.431872,42222.268416
42208.846716,964.431872,959.12448,0.0,964.431872,42222.252032
42302.577887,964.431872,959.12448,0.0,964.431872,42222.235648
42399.066459,964.431872,959.12448,0.0,964.431872,42222.145536
42495.381393,964.431872,959.12448,0.0,964.431872,42222.129152
42592.430897,964.431872,959.123456,0.0,964.431872,42221.850624
42691.94382,964.431872,959.12448,0.0,964.431872,42221.83424
42787.380095,964.431872,959.12448,0.0,964.431872,42221.817856
42893.287949,964.431872,959.12448,0.0,964.431872,42222.055424
42991.159022,964.431872,959.122432,0.0,964.431872,42222.03904
43086.596064,964.431872,959.122432,0.0,964.431872,42222.2848
43179.953338,964.431872,959.12448,0.0,964.431872,42222.268416
43272.984014,964.431872,959.12448,0.0,964.431872,42222.514176
43367.764498,964.431872,959.12448,0.0,964.431872,42222.497792
43463.040832,964.431872,959.12448,0.0,964.431872,42222.268416
43556.244689,964.431872,959.12448,0.0,964.431872,42222.24384
43652.464413,964.431872,959.121408,0.0,964.431872,42222.227456
43745.291638,964.431872,959.12448,0.0,964.431872,42221.948928
43842.519209,964.431872,959.12448,0.0,964.431872,42221.932544
43936.355005,964.431872,959.12448,0.0,964.431872,42221.99808
44030.272045,964.431872,959.12448,0.0,964.431872,42221.981696
44126.452476,964.431872,959.12448,0.0,964.431872,42222.227456
44219.148673,964.431872,959.12448,0.0,964.431872,42222.211072
44314.586804,964.431872,959.116288,0.0,964.431872,42221.64992
44419.379433,964.431872,959.126528,0.0,964.431872,42221.625344
44520.875902,964.431872,959.126528,0.0,964.431872,42221.604864
44621.803992,964.431872,959.126528,0.0,964.431872,42221.58848
44722.33147,964.431872,959.126528,0.0,964.431872,42221.572096
44819.118095,964.431872,959.116288,0.0,964.431872,42221.555712
44923.465215,964.431872,959.126528,0.0,964.431872,42222.05952
45019.315205,964.431872,959.126528,0.0,964.431872,42222.043136
45119.690981,964.431872,959.126528,0.0,964.431872,42222.026752
45220.622525,964.431872,959.126528,0.0,964.431872,42222.010368
45319.615028,964.431872,959.126528,0.0,964.431872,42221.735936
45425.183839,964.44416,959.138816,0.0,964.44416,42223.013888
45518.358695,969.056256,963.750912,0.0,969.056256,42227.453952
45613.392294,969.056256,963.750912,0.0,969.056256,42227.437568
45707.061174,969.056256,963.750912,0.0,969.056256,42227.421184
45799.874189,969.056256,963.750912,0.0,969.056256,42227.4048
45899.998332,969.056256,963.750912,0.0,969.056256,42227.912704
45999.278053,969.056256,963.750912,0.0,969.056256,42227.89632
46092.103363,969.056256,963.750912,0.0,969.056256,42227.879936
46188.75581,969.056256,963.750912,0.0,969.056256,42227.666944
46282.118096,969.056256,963.750912,0.0,969.056256,42227.65056
46374.674429,969.056256,963.750912,0.0,969.056256,42227.634176
46472.047872,969.056256,963.750912,0.0,969.056256,42227.617792
46565.013043,969.056256,963.750912,0.0,969.056256,42227.34336
46658.454437,969.056256,963.750912,0.0,969.056256,42227.326976
46756.638941,969.056256,963.750912,0.0,969.056256,42227.310592
46850.866124,969.056256,963.750912,0.0,969.056256,42227.294208
46952.995543,969.056256,963.750912,0.0,969.056256,42227.28192
47050.336113,969.056256,963.750912,0.0,969.056256,42227.265536
47145.86158,969.056256,963.750912,0.0,969.056256,42227.249152
47243.795298,969.056256,963.750912,0.0,969.056256,42227.232768
47340.038325,969.056256,963.750912,0.0,969.056256,42227.216384
47439.325912,969.056256,963.750912,0.0,969.056256,42227.2
47538.984666,969.056256,963.750912,0.0,969.056256,42227.183616
47638.379906,969.056256,963.750912,0.0,969.056256,42227.167232
47736.85621,969.056256,963.750912,0.0,969.056256,42226.630656
47836.462891,969.056256,963.750912,0.0,969.056256,42226.610176
47940.051036,969.056256,963.750912,0.0,969.056256,42227.11808
48038.99135,969.056256,963.750912,0.0,969.056256,42227.101696
48139.377334,969.056256,963.750912,0.0,969.056256,42226.56512
48239.494222,969.056256,963.750912,0.0,969.056256,42226.548736
48340.222284,969.056256,963.750912,0.0,969.056256,42226.532352
48440.987411,969.056256,963.750912,0.0,969.056256,42226.515968
48544.205138,969.056256,963.750912,0.0,969.056256,42226.761728
48648.340022,969.056256,963.750912,0.0,969.056256,42226.745344
48749.600992,969.056256,963.750912,0.0,969.056256,42226.724864
48852.829206,969.056256,963.750912,0.0,969.056256,42226.970624
48960.841626,969.056256,963.750912,0.0,969.056256,42226.95424
49063.235934,969.056256,963.750912,0.0,969.056256,42226.937856
49167.235948,969.056256,963.750912,0.0,969.056256,42226.921472
49272.704316,969.056256,963.750912,0.0,969.056256,42226.651136
49369.554297,969.056256,963.750912,0.0,969.056256,42226.634752
49471.480941,969.056256,963.750912,0.0,969.056256,42226.618368
49573.85619,973.705216,968.399872,0.0,973.705216,42234.912768
49673.503707,973.705216,968.395776,0.0,973.705216,42239.22176
49772.499651,973.705216,968.399872,0.0,973.705216,42234.51136
49868.521337,973.705216,968.399872,0.0,973.705216,42234.75712
49961.181366,973.705216,968.399872,0.0,973.705216,42234.740736
50056.205603,973.705216,968.399872,0.0,973.705216,42234.724352
50149.696247,973.705216,968.399872,0.0,973.705216,42234.712064
50241.168907,973.705216,968.399872,0.0,973.705216,42234.53184
50334.654995,973.705216,968.399872,0.0,973.705216,42234.089472
50439.213849,973.705216,968.399872,0.0,973.705216,42233.667584
50538.244009,973.705216,968.398848,0.0,973.705216,42233.470976
50636.246806,973.705216,968.398848,0.0,973.705216,42233.450496
50731.811636,973.705216,968.398848,0.0,973.705216,42233.696256
50826.985295,973.705216,968.398848,0.0,973.705216,42233.679872
50934.58142,973.705216,968.398848,0.0,973.705216,42232.684544
51048.61219,973.705216,968.397824,0.0,973.705216,42232.930304
51146.767689,973.705216,968.397824,0.0,973.705216,42232.91392
51247.187614,973.705216,968.397824,0.0,973.705216,42232.897536
51341.002008,973.705216,968.397824,0.0,973.705216,42232.881152
51436.075506,973.705216,968.397824,0.0,973.705216,42232.864768
51530.492492,973.705216,968.397824,0.0,973.705216,42232.848384
51623.521363,973.705216,968.397824,0.0,973.705216,42232.832
51718.674505,973.705216,968.397824,0.0,973.705216,42232.815616
51812.080005,973.705216,968.397824,0.0,973.705216,42232.799232
51905.415776,973.705216,968.397824,0.0,973.705216,42232.782848
52006.455614,973.705216,968.397824,0.0,973.705216,42232.766464
52102.24582,973.705216,968.397824,0.0,973.705216,42232.75008
52195.618678,973.705216,968.397824,0.0,973.705216,42232.733696
52288.246141,973.705216,968.397824,0.0,973.705216,42232.979456
52383.014044,973.705216,968.397824,0.0,973.705216,42232.963072
52481.078292,973.705216,968.397824,0.0,973.705216,42232.963072
52577.578674,973.705216,968.397824,0.0,973.705216,42232.946688
52672.073949,973.705216,968.397824,0.0,973.705216,42232.930304
52772.077478,973.705216,968.397824,0.0,973.705216,42232.91392
52873.672721,973.705216,968.3968,0.0,973.705216,42232.889344
52976.77273,973.705216,968.397824,0.0,973.705216,42232.95488
53081.205367,973.705216,968.397824,0.0,973.705216,42232.938496
53176.852335,973.705216,968.397824,0.0,973.705216,42232.922112
53277.562642,973.705216,968.397824,0.0,973.705216,42232.905728
53376.635743,973.705216,968.397824,0.0,973.705216,42232.889344
53476.354285,973.705216,968.397824,0.0,973.705216,42232.87296
53574.383489,973.705216,968.397824,0.0,973.705216,42232.856576
53675.45209,973.713408,968.406016,0.0,973.713408,42233.61024
53774.102719,978.358272,973.05088,0.0,978.358272,42238.574592
53868.014475,978.358272,973.05088,0.0,978.358272,42238.820352
53961.167544,978.358272,973.05088,0.0,978.358272,42238.803968
54056.56396,978.358272,973.05088,0.0,978.358272,42238.787584
54150.901441,978.358272,973.05088,0.0,978.358272,42238.7712
54244.446318,978.358272,973.05088,0.0,978.358272,42238.754816
54342.862107,978.358272,973.05088,0.0,978.358272,42238.738432
54436.87488,978.358272,973.05088,0.0,978.358272,42238.722048
54546.743076,978.358272,973.05088,0.0,978.358272,42238.521344
54659.062087,978.358272,973.05088,0.0,978.358272,42238.01344
54758.38754,978.358272,973.05088,0.0,978.358272,42237.997056
54855.297167,978.358272,973.05088,0.0,978.358272,42237.980672
54947.961872,978.358272,973.05088,0.0,978.358272,42237.964288
55047.137599,978.358272,973.05088,0.0,978.358272,42237.947904
55139.70752,978.358272,973.05088,0.0,978.358272,42238.193664
55233.702729,978.358272,973.05088,0.0,978.358272,42238.439424
55331.060186,978.358272,973.05088,0.0,978.358272,42238.42304
55425.78882,978.358272,973.05088,0.0,978.358272,42238.406656
55522.976822,978.358272,973.05088,0.0,978.358272,42238.390272
55617.619531,978.358272,973.05088,0.0,978.358272,42238.373888
55715.072741,978.358272,973.05088,0.0,978.358272,42238.357504
55810.455087,978.358272,973.05088,0.0,978.358272,42238.34112
55908.788115,978.358272,973.05088,0.0,978.358272,42237.812736
56004.560862,978.358272,973.05088,0.0,978.358272,42237.530112
56100.05297,978.358272,973.05088,0.0,978.358272,42237.775872
56199.30666,978.358272,973.05088,0.0,978.358272,42238.251008
56295.400645,978.358272,973.05088,0.0,978.358272,42238.234624
56388.461092,978.358272,973.05088,0.0,978.358272,42238.21824
56481.531453,978.358272,973.05088,0.0,978.358272,42238.201856
56577.379706,978.358272,973.05088,0.0,978.358272,42238.185472
56670.376127,978.358272,973.05088,0.0,978.358272,42238.169088
56769.702941,978.358272,973.05088,0.0,978.358272,42238.234624
56868.000101,978.358272,973.05088,0.0,978.358272,42238.480384
56966.994109,978.358272,973.05088,0.0,978.358272,42238.464
57069.712464,978.358272,973.05088,0.0,978.358272,42238.447616
57165.539388,978.358272,973.05088,0.0,978.358272,42238.23872
57266.352389,978.358272,973.05088,0.0,978.358272,42238.222336
57364.216923,978.358272,973.049856,0.0,978.358272,42238.23872
57462.9079,978.358272,973.049856,0.0,978.358272,42238.222336
57560.609024,978.358272,973.049856,0.0,978.358272,42237.980672
57663.209722,978.358272,973.049856,0.0,978.358272,42237.964288
57762.3609,978.358272,973.049856,0.0,978.358272,42237.947904
57862.560174,978.358272,973.053952,0.0,978.358272,42238.193664
57959.950717,983.003136,977.693696,0.0,983.003136,42242.387968
58053.063697,983.003136,977.693696,0.0,983.003136,42242.371584
58158.424564,983.003136,977.693696,0.0,983.003136,42242.3552
58253.115832,983.003136,977.693696,0.0,983.003136,42242.338816
58350.32324,983.003136,977.693696,0.0,983.003136,42242.322432
58443.049198,983.003136,977.693696,0.0,983.003136,42242.306048
58538.664354,983.003136,977.693696,0.0,983.003136,42242.289664
58633.60684,983.003136,977.693696,0.0,983.003136,42242.27328
58728.930767,983.003136,977.693696,0.0,983.003136,42242.256896
58824.561191,983.003136,977.693696,0.0,983.003136,42242.502656
58917.347748,983.003136,977.693696,0.0,983.003136,42242.748416
59010.785977,983.003136,977.693696,0.0,983.003136,42242.732032
59107.11706,983.003136,977.693696,0.0,983.003136,42242.715648
59199.429118,983.003136,977.693696,0.0,983.003136,42242.699264
59293.186158,983.003136,977.693696,0.0,983.003136,42242.666496
59388.943383,983.003136,977.693696,0.0,983.003136,42242.650112
59484.297073,983.003136,977.693696,0.0,983.003136,42242.633728
59580.487083,983.003136,977.693696,0.0,983.003136,42243.039232
59679.791688,983.003136,977.693696,0.0,983.003136,42244.325376
59772.583247,983.003136,977.693696,0.0,983.003136,42244.308992
59868.578993,983.003136,977.693696,0.0,983.003136,42244.296704
59963.613719,983.003136,977.693696,0.0,983.003136,42244.354048
60062.166733,983.003136,977.693696,0.0,983.003136,42244.333568
60159.865625,983.003136,977.693696,0.0,983.003136,42244.317184
60258.490586,983.003136,977.693696,0.0,983.003136,42244.3008
60358.995401,983.003136,977.693696,0.0,983.003136,42244.542464
60460.475034,983.003136,977.690624,0.0,983.003136,42243.915776
60558.62603,983.003136,977.693696,0.0,983.003136,42243.899392
60655.363106,983.003136,977.693696,0.0,983.003136,42243.612672
60748.623248,983.003136,977.693696,0.0,983.003136,42243.596288
60841.773815,983.003136,977.693696,0.0,983.003136,42243.575808
60935.572124,983.003136,977.693696,0.0,983.003136,42243.559424
61034.11086,983.003136,977.693696,0.0,983.003136,42243.54304
61135.586332,983.003136,977.693696,0.0,983.003136,42243.526656
61233.325986,983.003136,977.693696,0.0,983.003136,42243.510272
61332.113882,983.003136,977.693696,0.0,983.003136,42243.493888
61428.080625,983.003136,977.693696,0.0,983.003136,42243.477504
61529.471799,983.003136,977.693696,0.0,983.003136,42243.46112
61627.857094,983.003136,977.693696,0.0,983.003136,42243.444736
61726.393315,983.003136,977.693696,0.0,983.003136,42243.428352
61821.530179,983.003136,977.693696,0.0,983.003136,42243.411968
61923.975113,983.003136,977.693696,0.0,983.003136,42243.657728
62044.535196,983.015424,977.705984,0.0,983.015424,42244.145152
62140.837848,987.62752,982.31808,0.0,987.62752,42248.84736
62232.723663,987.62752,982.31808,0.0,987.62752,42248.863744
62327.065555,987.62752,982.31808,0.0,987.62752,42248.84736
62422.736852,987.62752,982.31808,0.0,987.62752,42248.572928
62521.01514,987.62752,982.31808,0.0,987.62752,42248.548352
62614.039396,987.62752,982.31808,0.0,987.62752,42248.531968
62706.908144,987.62752,982.31808,0.0,987.62752,42248.515584
62802.097584,987.62752,982.31808,0.0,987.62752,42248.4992
62896.87692,987.62752,982.31808,0.0,987.62752,42248.74496
62989.717132,987.62752,982.31808,0.0,987.62752,42248.470528
63085.277499,987.62752,982.31808,0.0,987.62752,42248.454144
63178.432325,987.62752,982.31808,0.0,987.62752,42248.04864
63271.689226,987.62752,982.31808,0.0,987.62752,42248.032256
63367.691355,987.62752,982.31808,0.0,987.62752,42248.015872
63460.547609,987.62752,982.31808,0.0,987.62752,42247.999488
63553.55761,987.62752,982.31808,0.0,987.62752,42247.983104
63651.953552,987.62752,982.31808,0.0,987.62752,42248.228864
63748.744145,987.62752,982.31808,0.0,987.62752,42248.204288
63843.903244,987.62752,982.31808,0.0,987.62752,42248.450048
63937.652288,987.62752,982.31808,0.0,987.62752,42248.433664
64033.615264,987.62752,982.31808,0.0,987.62752,42248.41728
64126.454003,987.62752,982.31808,0.0,987.62752,42248.400896
64223.785339,987.62752,982.31808,0.0,987.62752,42248.126464
64317.913192,987.62752,982.31808,0.0,987.62752,42248.11008
64412.328396,987.62752,982.31808,0.0,987.62752,42248.093696
64508.158738,987.62752,982.31808,0.0,987.62752,42248.073216
64604.707947,987.62752,982.31808,0.0,987.62752,42248.056832
64698.184684,987.62752,982.31808,0.0,987.62752,42248.040448
64791.038066,987.62752,982.31808,0.0,987.62752,42248.024064
64890.79886,987.62752,982.31808,0.0,987.62752,42248.269824
64984.517194,987.62752,982.31808,0.0,987.62752,42247.991296
65084.855373,987.62752,982.31808,0.0,987.62752,42248.237056
65185.895855,987.62752,982.31808,0.0,987.62752,42248.224768
65281.405313,987.62752,982.31808,0.0,987.62752,42248.208384
65379.84482,987.62752,982.31808,0.0,987.62752,42248.192
65477.353014,987.62752,982.31808,0.0,987.62752,42248.175616
65577.821561,987.62752,982.31808,0.0,987.62752,42248.159232
65678.246408,987.62752,982.31808,0.0,987.62752,42248.142848
65782.565113,987.62752,982.31808,0.0,987.62752,42248.126464
65884.938868,987.62752,982.31808,0.0,987.62752,42248.105984
65981.507055,987.62752,982.31808,0.0,987.62752,42248.0896
66083.846474,987.62752,982.31808,0.0,987.62752,42248.073216
66201.19775,987.631616,982.322176,0.0,987.631616,42248.302592
66293.005677,992.272384,986.962944,0.0,992.272384,42253.266944
66388.28435,992.272384,986.962944,0.0,992.272384,42253.008896
66482.044439,992.272384,986.962944,0.0,992.272384,42252.992512
66575.214022,992.272384,986.962944,0.0,992.272384,42252.976128
66670.919635,992.272384,986.962944,0.0,992.272384,42253.221888
66764.571604,992.272384,986.962944,0.0,992.272384,42253.205504
66857.694261,992.272384,986.962944,0.0,992.272384,42253.18912
66954.019048,992.272384,986.962944,0.0,992.272384,42253.172736
67047.486858,992.272384,986.962944,0.0,992.272384,42253.156352
67141.527704,992.272384,986.962944,0.0,992.272384,42253.139968
67237.931318,992.272384,986.962944,0.0,992.272384,42253.123584
67334.529738,992.272384,986.962944,0.0,992.272384,42253.1072
67430.211832,992.272384,986.962944,0.0,992.272384,42253.090816
67529.88895,992.272384,986.962944,0.0,992.272384,42253.074432
67626.260736,992.272384,986.962944,0.0,992.272384,42253.053952
67722.089936,992.272384,986.962944,0.0,992.272384,42253.037568
67818.616886,992.272384,986.964992,0.0,992.272384,42253.021184
67915.965871,992.272384,986.964992,0.0,992.272384,42253.008896
68012.043962,992.272384,986.962944,0.0,992.272384,42252.98432
68105.176673,992.272384,986.962944,0.0,992.272384,42252.96384
68202.305952,992.272384,986.962944,0.0,992.272384,42253.008896
68302.721788,992.272384,986.962944,0.0,992.272384,42252.009472
68397.857002,992.272384,986.962944,0.0,992.272384,42251.993088
68492.625315,992.272384,986.962944,0.0,992.272384,42251.976704
68589.886098,992.272384,986.962944,0.0,992.272384,42251.96032
68684.923418,992.272384,986.962944,0.0,992.272384,42251.943936
68785.080692,992.272384,986.962944,0.0,992.272384,42251.927552
68885.124858,992.272384,986.962944,0.0,992.272384,42251.915264
68986.936094,992.272384,986.962944,0.0,992.272384,42251.89888
69088.006551,992.272384,986.962944,0.0,992.272384,42251.882496
69187.892312,992.272384,986.962944,0.0,992.272384,42251.866112
69290.11019,992.272384,986.962944,0.0,992.272384,42251.845632
69391.409695,992.272384,986.962944,0.0,992.272384,42251.829248
69495.509324,992.272384,986.962944,0.0,992.272384,42252.009472
69592.027479,992.272384,986.962944,0.0,992.272384,42251.972608
69695.384993,992.272384,986.962944,0.0,992.272384,42252.20608
69790.054155,996.118528,990.809088,0.0,996.118528,42256.367616
69885.363465,996.118528,990.809088,0.0,996.118528,42256.601088
69978.737746,996.118528,990.809088,0.0,996.118528,42256.584704
70071.214798,996.118528,990.809088,0.0,996.118528,42256.56832
70165.329018,996.118528,990.809088,0.0,996.118528,42256.81408
70261.09936,996.118528,990.809088,0.0,996.118528,42256.797696
70356.270298,996.118528,990.809088,0.0,996.118528,42256.580608
70452.491164,996.118528,990.809088,0.0,996.118528,42256.30208
70545.153696,996.118528,990.809088,0.0,996.118528,42256.285696
70641.788296,996.118528,990.809088,0.0,996.118528,42256.269312
70735.122542,996.118528,990.809088,0.0,996.118528,42256.252928
70828.341375,996.118528,990.809088,0.0,996.118528,42256.236544
70924.284822,996.118528,990.809088,0.0,996.118528,42256.482304
71017.415547,996.118528,990.809088,0.0,996.118528,42256.46592
71110.769458,996.118528,990.809088,0.0,996.118528,42256.449536
71208.988846,996.118528,990.809088,0.0,996.118528,42256.433152
71303.243852,996.118528,990.809088,0.0,996.118528,42256.60928
71397.612281,996.118528,990.809088,0.0,996.118528,42256.5888
71490.559446,996.118528,990.809088,0.0,996.118528,42256.490496
71587.163782,996.118528,990.809088,0.0,996.118528,42256.2816
71682.612714,996.118528,990.809088,0.0,996.118528,42256.265216
71777.000622,996.118528,990.809088,0.0,996.118528,42256.248832
71873.1861,996.118528,990.809088,0.0,996.118528,42256.236544
71969.669471,996.118528,990.809088,0.0,996.118528,42255.95392
72064.913201,996.118528,990.809088,0.0,996.118528,42255.937536
72166.894484,996.118528,990.809088,0.0,996.118528,42256.183296
72266.203622,996.118528,990.809088,0.0,996.118528,42256.2816
72368.359509,996.118528,990.809088,0.0,996.118528,42256.412672
72472.161789,996.118528,990.809088,0.0,996.118528,42256.654336
72571.538417,996.118528,990.809088,0.0,996.118528,42256.637952
72673.699721,996.118528,990.809088,0.0,996.118528,42256.36352
72771.880203,996.118528,990.809088,0.0,996.118528,42256.347136
72872.617338,996.118528,990.809088,0.0,996.118528,42256.330752
72970.449078,996.118528,990.809088,0.0,996.118528,42256.306176
73076.677101,996.134912,990.825472,0.0,996.134912,42256.797696
73172.50445,999.71072,994.40128,0.0,999.71072,42260.713472
73265.270606,999.71072,994.40128,0.0,999.71072,42260.697088
73362.212342,999.71072,994.400256,0.0,999.71072,42260.70528
73461.420517,999.71072,994.40128,0.0,999.71072,42259.759104
73556.9754,999.71072,994.40128,0.0,999.71072,42259.746816
73657.763434,999.71072,994.40128,0.0,999.71072,42259.5584
73754.630196,999.71072,994.40128,0.0,999.71072,42259.542016
73849.595038,999.71072,994.40128,0.0,999.71072,42259.787776
73944.092328,999.71072,994.40128,0.0,999.71072,42259.771392
74039.847457,999.71072,994.40128,0.0,999.71072,42260.017152
74133.07284,999.71072,994.40128,0.0,999.71072,42260.000768
74229.238474,999.71072,994.40128,0.0,999.71072,42259.984384
74322.159332,999.71072,994.40128,0.0,999.71072,42259.968
74419.868323,999.71072,994.40128,0.0,999.71072,42259.951616
74514.499597,999.71072,994.40128,0.0,999.71072,42259.935232
74613.895759,999.71072,994.40128,0.0,999.71072,42259.656704
74706.502947,999.71072,994.40128,0.0,999.71072,42259.64032
74806.30843,999.71072,994.40128,0.0,999.71072,42259.623936
74905.572827,999.71072,994.40128,0.0,999.71072,42259.607552
74998.451769,999.71072,994.40128,0.0,999.71072,42259.591168
75097.958592,999.71072,994.400256,0.0,999.71072,42259.570688
75194.654603,999.71072,994.40128,0.0,999.71072,42259.550208
75288.523705,999.71072,994.40128,0.0,999.71072,42259.533824
75381.885122,999.71072,994.40128,0.0,999.71072,42259.51744
75479.628026,999.71072,994.40128,0.0,999.71072,42259.755008
75573.072885,999.71072,994.40128,0.0,999.71072,42259.738624
75670.790862,999.71072,994.40128,0.0,999.71072,42259.72224
75766.792867,999.71072,994.40128,0.0,999.71072,42259.705856
75863.52563,999.71072,994.40128,0.0,999.71072,42259.693568
75956.388185,999.71072,994.40128,0.0,999.71072,42259.677184
76051.57839,999.71072,994.40128,0.0,999.71072,42259.6608
76148.300075,999.71072,994.40128,0.0,999.71072,42259.90656
76253.276783,999.71072,994.40128,0.0,999.71072,42259.632128
76350.650694,999.71072,994.40128,0.0,999.71072,42259.611648
76454.094928,999.71072,994.40128,0.0,999.71072,42259.857408
76552.823847,999.71072,994.40128,0.0,999.71072,42259.841024
76656.88983,999.71072,994.40128,0.0,999.71072,42259.562496
76753.278744,999.71072,994.40128,0.0,999.71072,42259.546112
76856.5746,999.71072,994.40128,0.0,999.71072,42259.791872
76960.848266,999.71072,994.40128,0.0,999.71072,42259.775488
77060.161314,999.71072,994.40128,0.0,999.71072,42259.759104
77158.127979,999.780352,994.475008,0.0,999.780352,42264.969216
77254.955241,1004.240896,998.931456,0.0,1004.240896,42264.952832
77352.13354,1004.240896,998.931456,0.0,1004.240896,42264.936448
77453.842023,1004.240896,998.931456,0.0,1004.240896,42265.182208
77549.398074,1004.240896,998.931456,0.0,1004.240896,42264.907776
77645.46991,1004.240896,998.931456,0.0,1004.240896,42264.891392
77744.428676,1004.240896,998.931456,0.0,1004.240896,42264.875008
77838.555262,1004.240896,998.931456,0.0,1004.240896,42264.858624
77931.788735,1004.240896,998.931456,0.0,1004.240896,42265.104384
78027.606986,1004.240896,998.931456,0.0,1004.240896,42265.088
78121.704641,1004.240896,998.931456,0.0,1004.240896,42265.071616
78216.182544,1004.240896,998.931456,0.0,1004.240896,42265.055232
78312.396423,1004.240896,998.931456,0.0,1004.240896,42265.038848
78405.926684,1004.240896,998.931456,0.0,1004.240896,42264.76032
78500.407821,1004.240896,998.933504,0.0,1004.240896,42264.551424
78599.053382,1004.240896,998.933504,0.0,1004.240896,42264.793088
78698.326282,1004.240896,998.933504,0.0,1004.240896,42264.526848
78794.511304,1004.240896,998.933504,0.0,1004.240896,42264.772608
78890.395602,1004.240896,998.933504,0.0,1004.240896,42265.010176
78988.755583,1004.240896,998.933504,0.0,1004.240896,42264.735744
79086.548369,1004.240896,998.933504,0.0,1004.240896,42264.71936
79180.126644,1004.240896,998.933504,0.0,1004.240896,42264.702976
79275.472098,1004.240896,998.933504,0.0,1004.240896,42264.686592
79371.014358,1004.240896,998.933504,0.0,1004.240896,42264.670208
79467.797864,1004.240896,998.933504,0.0,1004.240896,42264.65792
79563.344482,1004.240896,998.933504,0.0,1004.240896,42264.641536
79664.770948,1004.240896,998.933504,0.0,1004.240896,42263.810048
79760.730422,1004.240896,998.933504,0.0,1004.240896,42263.90016
79855.779976,1004.240896,998.933504,0.0,1004.240896,42263.883776
79950.46764,1004.240896,998.933504,0.0,1004.240896,42263.691264
80052.094405,1004.240896,998.933504,0.0,1004.240896,42263.502848
80149.78347,1004.240896,998.933504,0.0,1004.240896,42263.748608
80253.940711,1004.240896,998.933504,0.0,1004.240896,42263.289856
80354.094686,1004.240896,998.933504,0.0,1004.240896,42263.269376
80453.404801,1004.240896,998.933504,0.0,1004.240896,42263.252992
80557.823201,1004.240896,998.933504,0.0,1004.240896,42263.482368
80661.295205,1004.240896,998.933504,0.0,1004.240896,42263.277568
80762.464053,1004.240896,998.933504,0.0,1004.240896,42263.261184
80860.902057,1004.240896,998.933504,0.0,1004.240896,42263.506944
80960.994802,1004.240896,998.933504,0.0,1004.240896,42263.228416
81079.594843,1004.244992,998.9376,0.0,1004.244992,42263.732224
81173.677667,1008.562176,1003.254784,0.0,1008.562176,42267.922432
81267.075468,1008.562176,1003.254784,0.0,1008.562176,42267.701248
81362.826745,1008.562176,1003.254784,0.0,1008.562176,42267.684864
81457.230675,1008.562176,1003.254784,0.0,1008.562176,42267.168768
81551.275373,1008.562176,1003.254784,0.0,1008.562176,42267.152384
81651.29028,1008.562176,1003.254784,0.0,1008.562176,42267.136
81747.575479,1008.562176,1003.254784,0.0,1008.562176,42267.119616
81843.104318,1008.562176,1003.254784,0.0,1008.562176,42267.365376
81939.862647,1008.562176,1003.246592,0.0,1008.562176,42266.56256
82038.782945,1008.562176,1003.256832,0.0,1008.562176,42266.54208
82132.144214,1008.562176,1003.256832,0.0,1008.562176,42267.037696
82226.213189,1008.562176,1003.256832,0.0,1008.562176,42266.980352
82322.260048,1008.562176,1003.256832,0.0,1008.562176,42266.963968
82415.003035,1008.562176,1003.256832,0.0,1008.562176,42266.7264
82516.981006,1008.562176,1003.256832,0.0,1008.562176,42266.97216
82615.411959,1008.562176,1003.256832,0.0,1008.562176,42267.21792
82708.446756,1008.562176,1003.256832,0.0,1008.562176,42267.201536
82804.442604,1008.562176,1003.256832,0.0,1008.562176,42267.185152
82903.203535,1008.562176,1003.256832,0.0,1008.562176,42267.172864
82999.284197,1008.562176,1003.256832,0.0,1008.562176,42267.15648
83093.847088,1008.562176,1003.256832,0.0,1008.562176,42266.877952
83191.26256,1008.562176,1003.256832,0.0,1008.562176,42266.861568
83286.673848,1008.562176,1003.256832,0.0,1008.562176,42266.845184
83387.550546,1008.562176,1003.25376,0.0,1008.562176,42266.8288
83486.516354,1008.562176,1003.256832,0.0,1008.562176,42266.812416
83589.520869,1008.562176,1003.256832,0.0,1008.562176,42266.796032
83692.786801,1008.562176,1003.256832,0.0,1008.562176,42266.58304
83792.607681,1008.562176,1003.256832,0.0,1008.562176,42266.820608
83891.097938,1008.562176,1003.256832,0.0,1008.562176,42267.066368
83990.733977,1008.562176,1003.256832,0.0,1008.562176,42267.049984
84089.772638,1008.562176,1003.256832,0.0,1008.562176,42266.779648
84190.52369,1008.562176,1003.256832,0.0,1008.562176,42267.287552
84288.94652,1008.562176,1003.256832,0.0,1008.562176,42267.11552
84385.704858,1010.368512,1006.713856,0.0,1010.368512,42271.98976
84481.455657,1012.0192,1006.713856,0.0,1012.0192,42272.239616
84573.220125,1012.0192,1006.713856,0.0,1012.0192,42272.223232
84671.06102,1012.0192,1006.713856,0.0,1012.0192,42272.206848
84767.024604,1012.0192,1006.713856,0.0,1012.0192,42272.190464
84863.331723,1012.0192,1006.713856,0.0,1012.0192,42271.916032
84956.511103,1012.0192,1006.713856,0.0,1012.0192,42271.899648
85057.099249,1012.0192,1006.713856,0.0,1012.0192,42271.883264
85157.508318,1012.0192,1006.713856,0.0,1012.0192,42271.617024
85252.59044,1012.0192,1006.713856,0.0,1012.0192,42271.862784
85351.853497,1012.0192,1006.713856,0.0,1012.0192,42271.813632
85451.115737,1012.0192,1006.713856,0.0,1012.0192,42272.043008
85555.148413,1012.0192,1006.713856,0.0,1012.0192,42271.768576
85653.126748,1012.0192,1006.713856,0.0,1012.0192,42272.006144
85752.960212,1012.0192,1006.713856,0.0,1012.0192,42271.98976
85849.429499,1012.0192,1006.713856,0.0,1012.0192,42271.977472
85942.323686,1012.0192,1006.713856,0.0,1012.0192,42272.219136
86041.903118,1012.0192,1006.713856,0.0,1012.0192,42272.464896
86140.78998,1012.0192,1006.713856,0.0,1012.0192,42271.932416
86233.985198,1012.0192,1006.713856,0.0,1012.0192,42272.17408
86327.279072,1012.0192,1006.713856,0.0,1012.0192,42272.157696
86425.965638,1012.0192,1006.713856,0.0,1012.0192,42271.875072
86518.576773,1012.0192,1006.713856,0.0,1012.0192,42275.483648
86616.059656,1012.0192,1006.712832,0.0,1012.0192,42279.3216
86716.336463,1012.0192,1006.713856,0.0,1012.0192,42273.869824
86809.882137,1012.0192,1006.713856,0.0,1012.0192,42273.718272
86907.273782,1012.0192,1006.713856,0.0,1012.0192,42273.701888
87005.618677,1012.0192,1006.713856,0.0,1012.0192,42273.337344
87102.763861,1012.0192,1006.713856,0.0,1012.0192,42273.284096
87200.900675,1012.0192,1006.713856,0.0,1012.0192,42273.267712
87293.804935,1012.0192,1006.713856,0.0,1012.0192,42273.255424
87391.430175,1012.0192,1006.713856,0.0,1012.0192,42273.23904
87484.848753,1012.0192,1006.713856,0.0,1012.0192,42273.222656
87588.639202,1012.0192,1006.713856,0.0,1012.0192,42273.206272
87691.311267,1012.0192,1006.713856,0.0,1012.0192,42273.165312
87793.179207,1012.0192,1006.713856,0.0,1012.0192,42273.312768
87899.008197,1012.0192,1006.713856,0.0,1012.0192,42273.579008
87998.044315,1012.0192,1006.713856,0.0,1012.0192,42273.304576
88097.306076,1012.0192,1006.713856,0.0,1012.0192,42273.460224
88192.895764,1012.0192,1006.713856,0.0,1012.0192,42273.636352
88293.40784,1012.0192,1006.713856,0.0,1012.0192,42273.497088
88393.200408,1012.0192,1006.713856,0.0,1012.0192,42273.296384
88497.243034,1012.027392,1006.722048,0.0,1012.027392,42273.251328
88593.794712,1016.705024,1011.39968,0.0,1016.705024,42276.274176
88693.472949,1016.705024,1011.39968,0.0,1016.705024,42275.352576
88788.409652,1016.705024,1011.39968,0.0,1016.705024,42275.323904
88885.604075,1016.705024,1011.39968,0.0,1016.705024,42275.30752
88981.56915,1016.705024,1011.39968,0.0,1016.705024,42275.291136
89078.737353,1016.705024,1011.39968,0.0,1016.705024,42275.172352
89175.039591,1016.705024,1011.39968,0.0,1016.705024,42275.155968
89267.88764,1016.705024,1011.39968,0.0,1016.705024,42275.135488
89362.764465,1016.705024,1011.39968,0.0,1016.705024,42275.119104
89457.570327,1016.705024,1011.39968,0.0,1016.705024,42274.963456
89550.831293,1016.705024,1011.39968,0.0,1016.705024,42274.947072
89645.492209,1016.705024,1011.39968,0.0,1016.705024,42275.45088
89740.916304,1016.705024,1011.39968,0.0,1016.705024,42275.434496
89841.496102,1016.705024,1011.39968,0.0,1016.705024,42275.684352
89936.33351,1016.705024,1011.39968,0.0,1016.705024,42275.40992
90035.117827,1016.705024,1011.39968,0.0,1016.705024,42275.557376
90131.527623,1016.705024,1011.39968,0.0,1016.705024,42275.540992
90224.893033,1016.705024,1011.39968,0.0,1016.705024,42275.721216
90320.315671,1016.705024,1011.39968,0.0,1016.705024,42275.446784
90413.780584,1016.705024,1011.39968,0.0,1016.705024,42275.426304
90506.7743,1016.705024,1011.39968,0.0,1016.705024,42275.40992
90603.997307,1016.705024,1011.39968,0.0,1016.705024,42275.393536
90702.917726,1016.705024,1011.39968,0.0,1016.705024,42275.909632
90802.554826,1016.705024,1011.39968,0.0,1016.705024,42275.81952
90901.632786,1016.705024,1011.39968,0.0,1016.705024,42275.794944
91000.525663,1016.705024,1011.39968,0.0,1016.705024,42276.048896
91098.729928,1016.705024,1011.39968,0.0,1016.705024,42276.032512
91198.633551,1016.705024,1011.39968,0.0,1016.705024,42276.298752
91298.075291,1016.705024,1011.39968,0.0,1016.705024,42276.233216
91397.634781,1016.705024,1011.39968,0.0,1016.705024,42275.954688
91501.584697,1016.705024,1011.39968,0.0,1016.705024,42275.67616
91603.898432,1016.705024,1011.39968,0.0,1016.705024,42275.401728
91704.416009,1016.705024,1011.39968,0.0,1016.705024,42275.909632
91807.913173,1016.705024,1011.39968,0.0,1016.705024,42276.134912
91914.087139,1016.705024,1011.39968,0.0,1016.705024,42275.889152
92016.030489,1016.705024,1011.39968,0.0,1016.705024,42275.463168
92119.952844,1016.705024,1011.39968,0.0,1016.705024,42275.426304
92227.496178,1016.705024,1011.39968,0.0,1016.705024,42275.51232
92329.577168,1016.705024,1011.39968,0.0,1016.705024,42275.47136
92430.421036,1016.705024,1011.39968,0.0,1016.705024,42275.700736
92527.408705,1021.140992,1015.835648,0.0,1021.140992,42280.636416
92626.194915,1021.140992,1015.835648,0.0,1021.140992,42280.337408
92724.117983,1021.140992,1015.835648,0.0,1021.140992,42280.353792
92824.828441,1021.140992,1015.835648,0.0,1021.140992,42280.800256
92924.784199,1021.140992,1015.835648,0.0,1021.140992,42280.964096
93025.223839,1021.140992,1015.835648,0.0,1021.140992,42281.168896
93125.319401,1021.140992,1015.835648,0.0,1021.140992,42280.624128
93225.02729,1021.140992,1015.835648,0.0,1021.140992,42280.587264
93322.142608,1021.140992,1015.835648,0.0,1021.140992,42280.538112
93420.830063,1021.140992,1015.835648,0.0,1021.140992,42280.52992
93520.028834,1021.140992,1015.835648,0.0,1021.140992,42280.501248
93616.624285,1021.140992,1015.835648,0.0,1021.140992,42280.48896
93708.830717,1021.140992,1015.835648,0.0,1021.140992,42280.460288
93801.626544,1021.140992,1015.835648,0.0,1021.140992,42282.27072
93903.281032,1021.140992,1015.835648,0.0,1021.140992,42281.816064
94003.33277,1021.140992,1015.835648,0.0,1021.140992,42282.242048
94102.216931,1021.140992,1015.835648,0.0,1021.140992,42282.225664
94196.275476,1021.140992,1015.835648,0.0,1021.140992,42282.401792
94293.050995,1021.140992,1015.835648,0.0,1021.140992,42281.934848
94386.232204,1021.140992,1015.835648,0.0,1021.140992,42281.914368
94482.68675,1021.140992,1015.835648,0.0,1021.140992,42281.885696
94575.609269,1021.140992,1015.835648,0.0,1021.140992,42282.377216
94672.168683,1021.140992,1015.835648,0.0,1021.140992,42282.356736
94770.211421,1021.140992,1015.835648,0.0,1021.140992,42282.340352
94867.075944,1021.140992,1015.835648,0.0,1021.140992,42282.582016
94959.969593,1021.140992,1015.835648,0.0,1021.140992,42282.565632
95055.201562,1021.140992,1015.835648,0.0,1021.140992,42282.549248
95148.716359,1021.140992,1015.835648,0.0,1021.140992,42282.795008
95241.522516,1021.140992,1015.835648,0.0,1021.140992,42282.778624
95335.962427,1021.140992,1015.835648,0.0,1021.140992,42282.242048
95431.833123,1021.140992,1015.835648,0.0,1021.140992,42282.225664
95525.595902,1021.140992,1015.835648,0.0,1021.140992,42282.20928
95622.0557,1021.140992,1015.835648,0.0,1021.140992,42282.192896
95724.519987,1021.140992,1015.835648,0.0,1021.140992,42282.176512
95821.716632,1021.140992,1015.835648,0.0,1021.140992,42282.160128
95919.717253,1021.140992,1015.835648,0.0,1021.140992,42282.143744
96018.141536,1021.140992,1015.835648,0.0,1021.140992,42282.12736
96117.254447,1021.140992,1015.835648,0.0,1021.140992,42282.110976
96214.363667,1021.140992,1015.835648,0.0,1021.140992,42282.094592
96307.904734,1021.140992,1015.835648,0.0,1021.140992,42282.078208
96401.186175,1021.140992,1015.835648,0.0,1021.140992,42282.323968
96497.493596,1021.140992,1015.835648,0.0,1021.140992,42282.307584
96590.953923,1021.140992,1015.835648,0.0,1021.140992,42282.2912
96694.937968,1021.140992,1015.835648,0.0,1021.140992,42282.274816
96796.309678,1021.140992,1015.835648,0.0,1021.140992,42282.16832
96897.305657,1021.140992,1015.835648,0.0,1021.140992,42282.151936
97000.626287,1021.140992,1015.835648,0.0,1021.140992,42282.000384
97100.091207,1021.140992,1015.835648,0.0,1021.140992,42281.984
97197.966397,1021.140992,1015.835648,0.0,1021.140992,42281.967616
97298.922151,1021.140992,1015.835648,0.0,1021.140992,42281.951232
97399.997534,1021.140992,1015.835648,0.0,1021.140992,42281.934848
97502.481147,1021.140992,1015.835648,0.0,1021.140992,42282.06592
97604.188818,1021.140992,1015.835648,0.0,1021.140992,42282.041344
97697.378503,1027.145728,1021.840384,0.0,1027.145728,42288.812032
97793.726472,1027.145728,1021.840384,0.0,1027.145728,42289.057792
97892.7375,1027.145728,1021.840384,0.0,1027.145728,42289.307648
97989.780815,1027.145728,1021.840384,0.0,1027.145728,42289.291264
98088.302365,1027.145728,1021.840384,0.0,1027.145728,42289.27488
98182.126321,1027.145728,1021.840384,0.0,1027.145728,42289.258496
98275.587621,1027.145728,1021.840384,0.0,1027.145728,42289.242112
98375.195976,1027.145728,1021.840384,0.0,1027.145728,42289.225728
98470.681565,1027.145728,1021.840384,0.0,1027.145728,42288.951296
98564.529174,1027.145728,1021.840384,0.0,1027.145728,42288.934912
98657.984879,1027.145728,1021.840384,0.0,1027.145728,42288.918528
98759.983907,1027.145728,1021.840384,0.0,1027.145728,42288.652288
98858.755122,1027.145728,1021.840384,0.0,1027.145728,42288.635904
98960.360547,1027.145728,1021.840384,0.0,1027.145728,42288.492544
99059.577953,1027.145728,1021.840384,0.0,1027.145728,42288.738304
99158.115803,1027.145728,1021.840384,0.0,1027.145728,42288.72192
99259.430749,1027.145728,1021.840384,0.0,1027.145728,42287.947776
99354.35735,1027.145728,1021.840384,0.0,1027.145728,42287.9232
99452.697005,1027.145728,1021.840384,0.0,1027.145728,42287.90272
99548.390642,1027.145728,1021.840384,0.0,1027.145728,42287.628288
99646.905203,1027.145728,1021.83936,0.0,1027.145728,42287.742976
99744.085383,1027.145728,1021.840384,0.0,1027.145728,42288.00512
99838.373019,1027.145728,1021.840384,0.0,1027.145728,42288.25088
99937.275822,1027.145728,1021.840384,0.0,1027.145728,42288.238592
100035.871726,1027.145728,1021.840384,0.0,1027.145728,42288.218112
100129.2859,1027.145728,1021.840384,0.0,1027.145728,42288.201728
100225.928724,1027.145728,1021.840384,0.0,1027.145728,42288.185344
100322.125291,1027.145728,1021.840384,0.0,1027.145728,42289.270784
100418.846167,1027.145728,1021.840384,0.0,1027.145728,42288.893952
100512.128343,1027.145728,1021.840384,0.0,1027.145728,42288.877568
100608.787816,1027.145728,1021.840384,0.0,1027.145728,42288.652288
100702.365566,1027.145728,1021.840384,0.0,1027.145728,42288.635904
100797.877424,1027.145728,1021.840384,0.0,1027.145728,42288.881664
100894.101869,1027.145728,1021.840384,0.0,1027.145728,42288.86528
100996.044405,1027.145728,1021.840384,0.0,1027.145728,42288.848896
101096.213685,1027.145728,1021.840384,0.0,1027.145728,42288.574464
101195.536495,1027.145728,1021.840384,0.0,1027.145728,42288.812032
101293.442868,1027.145728,1021.840384,0.0,1027.145728,42288.795648
101387.077212,1027.145728,1021.840384,0.0,1027.145728,42288.779264
101485.107314,1027.145728,1021.840384,0.0,1027.145728,42288.76288
101581.122291,1027.145728,1021.840384,0.0,1027.145728,42288.746496
101677.713337,1027.145728,1021.840384,0.0,1027.145728,42288.726016
101774.825408,1027.145728,1021.840384,0.0,1027.145728,42288.971776
101869.269302,1027.145728,1021.840384,0.0,1027.145728,42288.693248
101966.498452,1027.145728,1021.840384,0.0,1027.145728,42288.676864
102067.784268,1027.145728,1021.840384,0.0,1027.145728,42288.66048
102165.946762,1027.145728,1021.840384,0.0,1027.145728,42288.64
102271.634138,1027.145728,1021.840384,0.0,1027.145728,42288.627712
102368.780261,1027.145728,1021.840384,0.0,1027.145728,42288.607232
102472.229194,1027.145728,1021.840384,0.0,1027.145728,42288.594944
102569.623652,1027.145728,1021.840384,0.0,1027.145728,42288.57856
102674.215272,1027.145728,1021.840384,0.0,1027.145728,42288.55808
102770.531287,1027.145728,1021.840384,0.0,1027.145728,42288.807936
102872.128448,1027.145728,1021.840384,0.0,1027.145728,42288.78336
103002.456339,1027.149824,1021.84448,0.0,1027.149824,42289.250304
103103.318589,1033.269248,1027.963904,0.0,1033.269248,42295.062528
103203.721287,1033.269248,1027.963904,0.0,1033.269248,42295.066624
103303.971208,1033.269248,1027.963904,0.0,1033.269248,42295.046144
103404.258452,1033.269248,1027.963904,0.0,1033.269248,42294.788096
103504.026049,1033.269248,1027.963904,0.0,1033.269248,42294.767616
103604.5191,1033.269248,1027.963904,0.0,1033.269248,42294.751232
103700.985684,1033.269248,1027.963904,0.0,1033.269248,42294.734848
103802.791539,1033.269248,1027.963904,0.0,1033.269248,42295.9104
103903.048112,1033.269248,1027.963904,0.0,1033.269248,42295.943168
104003.884167,1033.269248,1027.963904,0.0,1033.269248,42295.492608
104103.487564,1033.269248,1027.963904,0.0,1033.269248,42295.218176
104203.604854,1033.269248,1027.963904,0.0,1033.269248,42295.394304
104304.29642,1033.269248,1027.96288,0.0,1033.269248,42294.992896
104404.093694,1033.269248,1027.963904,0.0,1033.269248,42295.230464
104502.882487,1033.269248,1027.963904,0.0,1033.269248,42295.218176
104602.272296,1033.269248,1027.963904,0.0,1033.269248,42295.201792
104703.33811,1033.269248,1027.963904,0.0,1033.269248,42295.45984
104804.07644,1033.269248,1027.963904,0.0,1033.269248,42295.881728
104900.965333,1033.269248,1027.963904,0.0,1033.269248,42296.082432
104994.329124,1033.269248,1027.963904,0.0,1033.269248,42295.808
105093.032782,1033.269248,1027.963904,0.0,1033.269248,42295.791616
105186.496278,1033.269248,1027.963904,0.0,1033.269248,42295.775232
105283.185279,1033.269248,1027.963904,0.0,1033.269248,42295.758848
105376.469286,1033.269248,1027.963904,0.0,1033.269248,42295.742464
105471.290157,1033.269248,1027.963904,0.0,1033.269248,42295.72608
105567.04819,1033.269248,1027.963904,0.0,1033.269248,42295.709696
105661.504063,1033.269248,1027.963904,0.0,1033.269248,42295.689216
105757.920047,1033.269248,1027.963904,0.0,1033.269248,42295.672832
105857.727023,1033.269248,1027.963904,0.0,1033.269248,42295.918592
105951.146618,1033.269248,1027.963904,0.0,1033.269248,42295.902208
106046.138722,1033.269248,1027.963904,0.0,1033.269248,42295.885824
106142.417854,1033.269248,1027.963904,0.0,1033.269248,42295.86944
106241.457019,1033.269248,1027.963904,0.0,1033.269248,42295.799808
106340.958597,1033.269248,1027.963904,0.0,1033.269248,42295.783424
106441.173654,1033.269248,1027.963904,0.0,1033.269248,42294.86592
106539.770582,1033.269248,1027.963904,0.0,1033.269248,42294.849536
106642.980618,1033.269248,1027.963904,0.0,1033.269248,42294.841344
106745.243469,1033.269248,1027.963904,0.0,1033.269248,42294.84544
106846.769582,1033.269248,1027.963904,0.0,1033.269248,42294.849536
106946.022997,1033.269248,1027.963904,0.0,1033.269248,42295.296
107044.84753,1033.269248,1027.963904,0.0,1033.269248,42295.066624
107141.222998,1033.269248,1027.963904,0.0,1033.269248,42295.05024
107246.671718,1033.269248,1027.963904,0.0,1033.269248,42295.033856
107357.827879,1033.269248,1027.963904,0.0,1033.269248,42295.263232
107451.851992,1038.065664,1032.76032,0.0,1038.065664,42300.39552
107545.733313,1038.065664,1032.76032,0.0,1038.065664,42300.227584
107644.50186,1038.065664,1032.76032,0.0,1038.065664,42299.949056
107742.265441,1038.065664,1032.76032,0.0,1038.065664,42299.932672
107835.820789,1038.065664,1032.76032,0.0,1038.065664,42300.174336
107928.070043,1038.065664,1032.76032,0.0,1038.065664,42299.420672
108024.763661,1038.065664,1032.76032,0.0,1038.065664,42299.404288
108118.293991,1038.065664,1032.76032,0.0,1038.065664,42299.12576
108216.238228,1038.065664,1032.76032,0.0,1038.065664,42299.441152
108309.584703,1038.065664,1032.76032,0.0,1038.065664,42299.424768
108407.835855,1038.065664,1032.76032,0.0,1038.065664,42299.408384
108501.08576,1038.065664,1032.76032,0.0,1038.065664,42299.392
108599.306973,1038.065664,1032.76032,0.0,1038.065664,42299.375616
108692.509937,1038.065664,1032.76032,0.0,1038.065664,42299.359232
108788.192693,1038.065664,1032.76032,0.0,1038.065664,42299.342848
108884.173881,1038.065664,1032.76032,0.0,1038.065664,42299.06432
108982.827551,1038.065664,1032.76032,0.0,1038.065664,42299.047936
109081.856668,1038.065664,1032.76032,0.0,1038.065664,42298.523648
109175.547824,1038.065664,1032.76032,0.0,1038.065664,42298.507264
109270.432414,1038.065664,1032.76032,0.0,1038.065664,42298.753024
109366.831932,1038.065664,1032.76032,0.0,1038.065664,42298.998784
109461.315872,1038.065664,1032.76032,0.0,1038.065664,42298.9824
109557.475365,1038.065664,1032.76032,0.0,1038.065664,42298.966016
109651.428008,1038.065664,1032.76032,0.0,1038.065664,42298.949632
109751.53706,1038.065664,1032.76032,0.0,1038.065664,42298.933248
109850.180581,1038.065664,1032.76032,0.0,1038.065664,42298.916864
109943.667886,1038.065664,1032.76032,0.0,1038.065664,42299.162624
110042.23798,1038.065664,1032.76032,0.0,1038.065664,42299.14624
110137.483657,1038.065664,1032.76032,0.0,1038.065664,42299.129856
110233.297305,1038.065664,1032.76032,0.0,1038.065664,42299.113472
110328.098658,1038.065664,1032.76032,0.0,1038.065664,42299.097088
110424.066906,1038.065664,1032.76032,0.0,1038.065664,42299.080704
110518.991062,1038.065664,1032.76032,0.0,1038.065664,42299.06432
110615.711073,1038.065664,1032.76032,0.0,1038.065664,42299.047936
110710.885861,1038.065664,1032.76032,0.0,1038.065664,42299.031552
110814.0409,1038.065664,1032.76032,0.0,1038.065664,42298.789888
110919.315024,1038.065664,1032.76032,0.0,1038.065664,42299.039744
111025.108678,1038.065664,1032.76032,0.0,1038.065664,42299.02336
111121.56869,1038.065664,1032.76032,0.0,1038.065664,42299.00288
111225.97842,1038.065664,1032.76032,0.0,1038.065664,42298.986496
111327.253514,1038.065664,1032.76032,0.0,1038.065664,42298.970112
111425.184775,1038.065664,1032.76032,0.0,1038.065664,42298.953728
111530.037354,1038.065664,1032.76032,0.0,1038.065664,42298.937344
111632.949442,1038.065664,1032.759296,0.0,1038.065664,42298.925056
111736.475941,1038.065664,1032.757248,0.0,1038.065664,42298.908672
111864.828401,1038.065664,1032.757248,0.0,1038.065664,42299.150336
111971.417387,1043.08736,1037.778944,0.0,1043.08736,42303.741952
112067.917549,1043.08736,1037.778944,0.0,1043.08736,42304.057344
112166.554737,1043.08736,1037.778944,0.0,1043.08736,42303.778816
112269.174754,1043.08736,1037.778944,0.0,1043.08736,42303.758336
112365.463991,1043.08736,1037.778944,0.0,1043.08736,42303.741952
112459.33828,1043.08736,1037.778944,0.0,1043.08736,42303.987712
112553.754021,1043.08736,1037.778944,0.0,1043.08736,42303.971328
112650.585061,1043.08736,1037.778944,0.0,1043.08736,42303.688704
112744.750025,1043.08736,1037.778944,0.0,1043.08736,42303.67232
112842.054611,1043.08736,1037.779968,0.0,1043.08736,42303.655936
112943.625196,1043.08736,1037.782016,0.0,1043.08736,42303.635456
113041.988289,1043.08736,1037.782016,0.0,1043.08736,42303.881216
113138.162016,1043.08736,1037.782016,0.0,1043.08736,42303.602688
113237.693005,1043.08736,1037.782016,0.0,1043.08736,42303.848448
113337.972151,1043.08736,1037.782016,0.0,1043.08736,42303.56992
113434.422394,1043.08736,1037.782016,0.0,1043.08736,42303.81568
113528.321373,1043.08736,1037.782016,0.0,1043.08736,42304.06144
113623.059102,1043.08736,1037.782016,0.0,1043.08736,42305.286144
113719.451955,1043.08736,1037.782016,0.0,1043.08736,42305.26976
113814.336504,1043.08736,1037.782016,0.0,1043.08736,42305.253376
113910.585553,1043.08736,1037.782016,0.0,1043.08736,42305.236992
114017.972086,1043.08736,1037.782016,0.0,1043.08736,42305.744896
114125.600725,1043.08736,1037.782016,0.0,1043.08736,42304.978944
114235.328241,1043.08736,1037.782016,0.0,1043.08736,42304.708608
114341.388932,1043.08736,1037.782016,0.0,1043.08736,42304.692224
114447.401239,1043.08736,1037.782016,0.0,1043.08736,42304.67584
114555.298712,1043.08736,1037.782016,0.0,1043.08736,42304.659456
114663.019814,1043.08736,1037.782016,0.0,1043.08736,42304.643072
114770.445133,1043.08736,1037.782016,0.0,1043.08736,42304.401408
114869.08283,1043.08736,1037.782016,0.0,1043.08736,42304.12288
114966.031196,1043.08736,1037.782016,0.0,1043.08736,42304.36864
115059.655552,1043.08736,1037.782016,0.0,1043.08736,42304.876544
115155.976781,1043.08736,1037.782016,0.0,1043.08736,42304.598016
115263.739944,1043.08736,1037.782016,0.0,1043.08736,42304.630784
115372.313735,1043.08736,1037.782016,0.0,1043.08736,42304.352256
115480.310627,1043.08736,1037.782016,0.0,1043.08736,42304.356352
115588.25979,1043.08736,1037.782016,0.0,1043.08736,42304.077824
115695.740595,1043.08736,1037.782016,0.0,1043.08736,42304.323584
115788.190583,1043.08736,1037.782016,0.0,1043.08736,42304.3072
115887.982943,1043.08736,1037.782016,0.0,1043.08736,42304.028672
115993.895735,1043.08736,1037.782016,0.0,1043.08736,42304.536576
116092.427798,1043.08736,1037.782016,0.0,1043.08736,42304.262144
116192.803303,1043.08736,1037.782016,0.0,1043.08736,42303.991808
116289.383685,1043.08736,1037.782016,0.0,1043.08736,42303.971328
116390.449821,1043.08736,1037.782016,0.0,1043.08736,42303.954944
116489.917027,1043.08736,1037.782016,0.0,1043.08736,42304.200704
116589.888276,1043.08736,1037.782016,0.0,1043.08736,42303.922176
116686.855591,1043.08736,1037.782016,0.0,1043.08736,42304.167936
116785.689543,1043.08736,1037.782016,0.0,1043.08736,42304.413696
116887.728945,1043.08736,1037.782016,0.0,1043.08736,42304.135168
116981.295317,1048.772608,1043.467264,0.0,1048.772608,42310.381568
117078.094463,1048.772608,1043.467264,0.0,1048.772608,42310.38976
117174.828183,1048.772608,1043.467264,0.0,1048.772608,42309.828608
117269.727037,1048.772608,1043.467264,0.0,1048.772608,42310.074368
117368.677003,1048.772608,1043.467264,0.0,1048.772608,42309.79584
117465.531422,1048.772608,1043.467264,0.0,1048.772608,42309.750784
117559.211371,1048.772608,1043.467264,0.0,1048.772608,42309.7344
117656.497361,1048.772608,1043.467264,0.0,1048.772608,42309.976064
117750.579619,1048.772608,1043.467264,0.0,1048.772608,42309.95968
117847.825356,1048.772608,1043.467264,0.0,1048.772608,42309.976064
117941.601105,1048.772608,1043.467264,0.0,1048.772608,42309.963776
118048.496607,1048.772608,1043.467264,0.0,1048.772608,42310.242304
118145.029012,1048.772608,1043.467264,0.0,1048.772608,42309.963776
118241.819954,1048.772608,1043.467264,0.0,1048.772608,42310.209536
118336.182538,1048.772608,1043.467264,0.0,1048.772608,42309.931008
118433.214114,1048.772608,1043.467264,0.0,1048.772608,42310.176768
118527.606649,1048.772608,1043.467264,0.0,1048.772608,42310.160384
118624.905341,1048.772608,1043.467264,0.0,1048.772608,42310.144
118720.449616,1048.772608,1043.467264,0.0,1048.772608,42310.127616
118816.659376,1048.772608,1043.467264,0.0,1048.772608,42310.111232
118914.396552,1048.772608,1043.467264,0.0,1048.772608,42309.832704
119008.338915,1048.772608,1043.467264,0.0,1048.772608,42310.078464
119103.340884,1048.772608,1043.467264,0.0,1048.772608,42309.648384
119199.956705,1048.772608,1043.467264,0.0,1048.772608,42309.455872
119295.575924,1048.772608,1043.467264,0.0,1048.772608,42309.69344
119390.161326,1048.772608,1043.467264,0.0,1048.772608,42309.677056
119487.749721,1048.772608,1043.467264,0.0,1048.772608,42309.656576
119586.43994,1048.772608,1043.467264,0.0,1048.772608,42309.640192
119686.581906,1048.772608,1043.467264,0.0,1048.772608,42309.619712
119790.628069,1048.772608,1043.467264,0.0,1048.772608,42309.599232
119888.415049,1048.772608,1043.467264,0.0,1048.772608,42309.844992
119989.747336,1048.772608,1043.467264,0.0,1048.772608,42309.828608
120097.421945,1048.772608,1043.467264,0.0,1048.772608,42310.074368
120197.054633,1048.772608,1043.467264,0.0,1048.772608,42310.057984
120298.864028,1048.772608,1043.467264,0.0,1048.772608,42310.303744
120397.790282,1048.772608,1043.467264,0.0,1048.772608,42310.025216
120496.296874,1048.784896,1043.479552,0.0,1048.784896,42311.049216
120592.340315,1048.784896,1043.479552,0.0,1048.784896,42310.770688
120691.169942,1048.784896,1043.479552,0.0,1048.784896,42311.012352
120786.74634,1048.784896,1043.479552,0.0,1048.784896,42310.995968
120882.974758,1048.784896,1043.479552,0.0,1048.784896,42310.979584
120981.214111,1048.784896,1043.479552,0.0,1048.784896,42311.22944
121080.527289,1048.784896,1043.479552,0.0,1048.784896,42311.213056
121175.970696,1048.784896,1043.479552,0.0,1048.784896,42310.934528
121272.28978,1048.784896,1043.479552,0.0,1048.784896,42311.180288
121365.893171,1048.784896,1043.479552,0.0,1048.784896,42310.90176
121460.820314,1048.784896,1043.479552,0.0,1048.784896,42310.897664
121557.188996,1048.784896,1043.479552,0.0,1048.784896,42310.88128
121652.106841,1048.784896,1043.479552,0.0,1048.784896,42310.864896
121751.805952,1048.784896,1043.479552,0.0,1048.784896,42310.848512
121850.605026,1048.784896,1043.479552,0.0,1048.784896,42310.569984
121946.425387,1048.784896,1043.479552,0.0,1048.784896,42310.815744
122046.366461,1048.784896,1043.479552,0.0,1048.784896,42309.218304
122139.050901,1048.784896,1043.479552,0.0,1048.784896,42309.459968
122235.083667,1048.784896,1043.479552,0.0,1048.784896,42309.701632
122334.085029,1048.784896,1043.479552,0.0,1048.784896,42309.423104
122432.059069,1048.784896,1043.479552,0.0,1048.784896,42309.926912
122528.590357,1048.784896,1043.479552,0.0,1048.784896,42309.910528
122626.902052,1048.784896,1043.479552,0.0,1048.784896,42309.894144
122723.74241,1048.784896,1043.479552,0.0,1048.784896,42309.87776
122817.37443,1048.784896,1043.479552,0.0,1048.784896,42309.861376
122915.53596,1048.784896,1043.479552,0.0,1048.784896,42309.582848
123009.01624,1048.784896,1043.479552,0.0,1048.784896,42309.828608
123107.959282,1048.784896,1043.479552,0.0,1048.784896,42309.55008
123206.699019,1048.784896,1043.479552,0.0,1048.784896,42309.28384
123306.709102,1048.784896,1043.479552,0.0,1048.784896,42309.521408
123403.387131,1048.784896,1043.479552,0.0,1048.784896,42309.144576
123505.005997,1048.784896,1043.479552,0.0,1048.784896,42309.128192
123606.74534,1048.784896,1043.478528,0.0,1048.784896,42308.849664
123704.729086,1048.784896,1043.479552,0.0,1048.784896,42308.829184
123810.79067,1048.784896,1043.479552,0.0,1048.784896,42309.36576
123913.880188,1048.784896,1043.479552,0.0,1048.784896,42309.050368
124015.02794,1048.784896,1043.479552,0.0,1048.784896,42309.296128
124120.777026,1048.784896,1043.479552,0.0,1048.784896,42309.279744
124224.836659,1048.784896,1043.479552,0.0,1048.784896,42309.38624
124328.372771,1048.784896,1043.479552,0.0,1048.784896,42309.111808
124429.088558,1048.784896,1043.479552,0.0,1048.784896,42308.603904
124531.91906,1048.784896,1043.479552,0.0,1048.784896,42308.58752
124639.361917,1048.784896,1043.479552,0.0,1048.784896,42308.83328
124755.963614,1048.784896,1043.479552,0.0,1048.784896,42309.3248
124860.469855,1053.499392,1048.194048,0.0,1053.499392,42314.190848
124957.187052,1053.499392,1048.194048,0.0,1053.499392,42314.706944
125054.138238,1053.499392,1048.194048,0.0,1053.499392,42314.452992
125158.059319,1053.499392,1048.194048,0.0,1053.499392,42314.358784
125258.589013,1053.499392,1048.194048,0.0,1053.499392,42313.818112
125355.305506,1053.499392,1048.194048,0.0,1053.499392,42313.801728
125448.868128,1053.499392,1048.194048,0.0,1053.499392,42314.047488
125545.775313,1053.499392,1048.194048,0.0,1053.499392,42314.031104
125641.757009,1053.499392,1048.194048,0.0,1053.499392,42314.272768
125740.249255,1053.499392,1048.194048,0.0,1053.499392,42314.256384
125842.126397,1053.499392,1048.194048,0.0,1053.499392,42313.977856
125941.12452,1053.499392,1048.194048,0.0,1053.499392,42313.961472
126039.020669,1053.499392,1048.194048,0.0,1053.499392,42314.203136
126134.488324,1053.499392,1048.194048,0.0,1053.499392,42313.924608
126233.662654,1053.499392,1048.194048,0.0,1053.499392,42314.11712
126332.049547,1053.499392,1048.194048,0.0,1053.499392,42314.100736
126432.283714,1053.499392,1048.194048,0.0,1053.499392,42314.084352
126528.887646,1053.499392,1048.194048,0.0,1053.499392,42314.334208
126627.464233,1053.499392,1048.194048,0.0,1053.499392,42314.317824
126727.004795,1053.499392,1048.194048,0.0,1053.499392,42314.30144
126828.566701,1053.499392,1048.194048,0.0,1053.499392,42314.293248
126929.930845,1053.499392,1048.194048,0.0,1053.499392,42314.0352
127036.887938,1053.499392,1048.194048,0.0,1053.499392,42314.088448
127139.653007,1053.499392,1048.194048,0.0,1053.499392,42314.022912
127243.055789,1053.499392,1048.194048,0.0,1053.499392,42314.539008
127348.48882,1053.499392,1048.194048,0.0,1053.499392,42314.256384
127450.342201,1053.499392,1048.194048,0.0,1053.499392,42314.502144
127557.047467,1053.499392,1048.194048,0.0,1053.499392,42314.489856
127658.09332,1053.499392,1048.194048,0.0,1053.499392,42314.207232
127761.723134,1053.499392,1048.194048,0.0,1053.499392,42314.182656
127863.622072,1053.499392,1048.194048,0.0,1053.499392,42314.17856
127962.983801,1053.499392,1048.194048,0.0,1053.499392,42314.15808
128062.553093,1053.519872,1048.214528,0.0,1053.519872,42318.319616
128159.788633,1056.9728,1051.667456,0.0,1056.9728,42317.791232
128259.65108,1056.9728,1051.667456,0.0,1056.9728,42317.123584
128360.197727,1056.9728,1051.667456,0.0,1056.9728,42316.845056
128460.584725,1056.9728,1051.667456,0.0,1056.9728,42316.582912
128555.608817,1056.9728,1051.667456,0.0,1056.9728,42316.566528
128655.118083,1056.9728,1051.667456,0.0,1056.9728,42319.081472
128754.004019,1056.9728,1051.667456,0.0,1056.9728,42319.351808
128856.977318,1056.9728,1051.667456,0.0,1056.9728,42317.963264
128955.685896,1056.9728,1051.667456,0.0,1056.9728,42317.80352
129056.375914,1056.9728,1051.667456,0.0,1056.9728,42318.225408
129157.885484,1056.9728,1051.667456,0.0,1056.9728,42317.94688
129255.659081,1056.9728,1051.667456,0.0,1056.9728,42318.19264
129349.589229,1056.9728,1051.667456,0.0,1056.9728,42317.811712
129448.429453,1056.9728,1051.667456,0.0,1056.9728,42317.533184
129544.236228,1056.9728,1051.667456,0.0,1056.9728,42317.520896
129644.582419,1056.9728,1051.667456,0.0,1056.9728,42317.692928
129743.845819,1056.9728,1051.667456,0.0,1056.9728,42318.00832
129843.226262,1056.9728,1051.667456,0.0,1056.9728,42317.74208
129941.827636,1056.9728,1051.667456,0.0,1056.9728,42317.725696
130040.168481,1056.9728,1051.667456,0.0,1056.9728,42317.709312
130136.73066,1056.9728,1051.667456,0.0,1056.9728,42317.672448
130240.683461,1056.9728,1051.667456,0.0,1056.9728,42318.020608
130334.885883,1056.9728,1051.667456,0.0,1056.9728,42317.90592
130437.782565,1056.9728,1051.667456,0.0,1056.9728,42317.795328
130539.006901,1056.9728,1051.667456,0.0,1056.9728,42317.103104
130640.736616,1056.9728,1051.66336,0.0,1056.9728,42316.668928
130739.168179,1056.9728,1051.667456,0.0,1056.9728,42316.652544
130839.794696,1056.9728,1051.667456,0.0,1056.9728,42316.63616
130938.486146,1056.9728,1051.667456,0.0,1056.9728,42316.61568
131037.198712,1056.9728,1051.667456,0.0,1056.9728,42316.599296
131135.158235,1056.9728,1051.667456,0.0,1056.9728,42316.582912
131233.545875,1056.9728,1051.667456,0.0,1056.9728,42316.828672
131333.193468,1056.9728,1051.667456,0.0,1056.9728,42316.812288
131432.880737,1056.9728,1051.667456,0.0,1056.9728,42316.537856
131537.740425,1056.9728,1051.667456,0.0,1056.9728,42316.521472
131640.116619,1056.9728,1051.667456,0.0,1056.9728,42316.505088
131738.640116,1056.9728,1051.667456,0.0,1056.9728,42316.750848
131846.05369,1056.9728,1051.667456,0.0,1056.9728,42316.996608
131946.300375,1056.9728,1051.667456,0.0,1056.9728,42316.980224
132048.032664,1056.9728,1051.667456,0.0,1056.9728,42316.959744
132148.904557,1056.9728,1051.667456,0.0,1056.9728,42317.201408
132260.672975,1056.9728,1051.667456,0.0,1056.9728,42317.381632
132368.623283,1056.9728,1051.667456,0.0,1056.9728,42317.377536
132488.702434,1056.9728,1051.667456,0.0,1056.9728,42317.1072
132588.807778,1061.888,1056.582656,0.0,1061.888,42322.358272
132685.282074,1061.888,1056.582656,0.0,1061.888,42322.82112
132784.483761,1061.888,1056.582656,0.0,1061.888,42322.804736
132885.824041,1061.888,1056.582656,0.0,1061.888,42323.042304
132983.175728,1061.888,1056.582656,0.0,1061.888,42322.337792
133080.341039,1061.888,1056.582656,0.0,1061.888,42322.321408
133180.814247,1061.888,1056.582656,0.0,1061.888,42324.148224
133285.672099,1061.888,1056.582656,0.0,1061.888,42324.230144
133379.105642,1061.888,1056.582656,0.0,1061.888,42324.21376
133476.022448,1061.888,1056.582656,0.0,1061.888,42324.197376
133569.89085,1061.888,1056.582656,0.0,1061.888,42324.185088
133665.736174,1061.888,1056.582656,0.0,1061.888,42324.430848
133761.683617,1061.888,1056.582656,0.0,1061.888,42324.676608
133863.00697,1061.888,1056.582656,0.0,1061.888,42324.660224
133960.116662,1061.888,1056.582656,0.0,1061.888,42324.64384
134053.991318,1061.888,1056.582656,0.0,1061.888,42324.627456
134150.737307,1061.888,1056.582656,0.0,1061.888,42324.611072
134244.700566,1061.888,1056.582656,0.0,1061.888,42324.7872
134343.418447,1061.888,1056.582656,0.0,1061.888,42324.578304
134440.428811,1061.888,1056.582656,0.0,1061.888,42324.56192
134536.934942,1061.888,1056.582656,0.0,1061.888,42324.545536
134632.823925,1061.888,1056.582656,0.0,1061.888,42324.00896
134729.037695,1061.888,1056.582656,0.0,1061.888,42323.734528
134827.59192,1061.888,1056.582656,0.0,1061.888,42323.47648
134928.509962,1061.888,1056.582656,0.0,1061.888,42323.726336
135022.811983,1061.888,1056.582656,0.0,1061.888,42323.484672
135120.430274,1061.888,1056.582656,0.0,1061.888,42323.468288
135220.573539,1061.888,1056.582656,0.0,1061.888,42323.177472
135320.047274,1061.888,1056.582656,0.0,1061.888,42323.951616
135422.779189,1061.888,1056.582656,0.0,1061.888,42323.419136
135523.287852,1061.888,1056.582656,0.0,1061.888,42323.406848
135620.896093,1061.888,1056.582656,0.0,1061.888,42323.390464
135721.766962,1061.888,1056.582656,0.0,1061.888,42323.37408
135819.617227,1061.888,1056.582656,0.0,1061.888,42323.357696
135923.898688,1061.888,1056.582656,0.0,1061.888,42323.603456
136024.303386,1061.888,1056.582656,0.0,1061.888,42323.587072
136125.131308,1061.888,1056.582656,0.0,1061.888,42323.570688
136227.480208,1061.888,1056.582656,0.0,1061.888,42323.509248
136330.82356,1061.888,1056.582656,0.0,1061.888,42323.492864
136424.278788,1061.888,1056.582656,0.0,1061.888,42324.754432
136524.410266,1066.266624,1060.96128,0.0,1066.266624,42328.92416
136621.536602,1066.266624,1060.96128,0.0,1066.266624,42328.907776
136718.950334,1066.266624,1060.96128,0.0,1066.266624,42328.76032
136813.13613,1066.266624,1060.96128,0.0,1066.266624,42328.73984
136911.199119,1066.266624,1060.96128,0.0,1066.266624,42329.247744
137005.862807,1066.266624,1060.96128,0.0,1066.266624,42329.227264
137107.512992,1066.266624,1060.96128,0.0,1066.266624,42328.711168
137204.967412,1066.266624,1060.96128,0.0,1066.266624,42328.694784
137298.712181,1066.266624,1060.96128,0.0,1066.266624,42328.6784
137397.970435,1066.266624,1060.96128,0.0,1066.266624,42328.92416
137492.742273,1066.266624,1060.96128,0.0,1066.266624,42328.399872
137589.368876,1066.266624,1060.96128,0.0,1066.266624,42328.383488
137684.135703,1066.266624,1060.96128,0.0,1066.266624,42328.358912
137781.020935,1066.266624,1060.958208,0.0,1066.266624,42328.088576
137876.478303,1066.266624,1060.96128,0.0,1066.266624,42327.805952
137972.887299,1066.266624,1060.96128,0.0,1066.266624,42327.785472
138068.732728,1066.266624,1060.96128,0.0,1066.266624,42327.769088
138164.877611,1066.266624,1060.96128,0.0,1066.266624,42327.752704
138261.246578,1066.266624,1060.96128,0.0,1066.266624,42327.666688
138362.279755,1066.266624,1060.96128,0.0,1066.266624,42326.646784
138457.003468,1066.266624,1060.96128,0.0,1066.266624,42327.154688
138552.926222,1066.266624,1060.96128,0.0,1066.266624,42326.892544
138647.071498,1066.266624,1060.96128,0.0,1066.266624,42326.87616
138741.705829,1066.266624,1060.96128,0.0,1066.266624,42326.859776
138838.653172,1066.266624,1060.96128,0.0,1066.266624,42326.843392
138936.531912,1066.266624,1060.96128,0.0,1066.266624,42327.089152
139030.678739,1066.266624,1060.96128,0.0,1066.266624,42327.072768
139126.435162,1066.266624,1060.96128,0.0,1066.266624,42327.056384
139221.78393,1066.266624,1060.96128,0.0,1066.266624,42326.790144
139317.111226,1066.266624,1060.96128,0.0,1066.266624,42326.515712
139411.912513,1066.266624,1060.96128,0.0,1066.266624,42326.499328
139505.594255,1066.266624,1060.96128,0.0,1066.266624,42326.482944
139603.362705,1066.266624,1060.96128,0.0,1066.266624,42326.46656
139697.691578,1066.266624,1060.96128,0.0,1066.266624,42326.130688
139795.014944,1066.266624,1060.96128,0.0,1066.266624,42326.114304
139895.606924,1066.266624,1060.96128,0.0,1066.266624,42326.622208
139993.152546,1066.266624,1060.96128,0.0,1066.266624,42326.867968
140093.835562,1066.266624,1060.96128,0.0,1066.266624,42326.851584
140191.939878,1066.266624,1060.96128,0.0,1066.266624,42326.577152
140294.314807,1066.266624,1060.96128,0.0,1066.266624,42326.560768
140400.773676,1066.266624,1060.96128,0.0,1066.266624,42326.806528
140500.169436,1066.266624,1060.96128,0.0,1066.266624,42326.790144
140600.199894,1066.266624,1060.96128,0.0,1066.266624,42326.77376
140697.324388,1066.266624,1060.96128,0.0,1066.266624,42326.757376
140800.591149,1066.266624,1060.96128,0.0,1066.266624,42326.740992
140898.841598,1066.266624,1060.96128,0.0,1066.266624,42326.986752
140998.409554,1066.266624,1060.96128,0.0,1066.266624,42329.051136
141099.425659,1071.374336,1066.068992,0.0,1071.374336,42333.229056
141198.291343,1071.374336,1066.068992,0.0,1071.374336,42332.954624
141295.826585,1071.374336,1066.068992,0.0,1071.374336,42332.69248
141389.72141,1071.374336,1066.068992,0.0,1071.374336,42332.680192
141489.478037,1071.374336,1066.068992,0.0,1071.374336,42332.663808
141585.387176,1071.374336,1066.068992,0.0,1071.374336,42332.647424
141679.629536,1071.374336,1066.068992,0.0,1071.374336,42332.63104
141773.694956,1071.374336,1066.068992,0.0,1071.374336,42332.614656
141872.35185,1071.374336,1066.068992,0.0,1071.374336,42332.598272
141967.470435,1071.374336,1066.068992,0.0,1071.374336,42332.581888
142066.474979,1071.374336,1066.068992,0.0,1071.374336,42332.307456
142163.202079,1071.374336,1066.068992,0.0,1071.374336,42332.291072
142257.150946,1071.374336,1066.068992,0.0,1071.374336,42332.258304
142354.060094,1071.374336,1066.068992,0.0,1071.374336,42332.24192
142447.930872,1071.374336,1066.068992,0.0,1071.374336,42332.48768
142548.064637,1071.374336,1066.068992,0.0,1071.374336,42332.18048
142644.396545,1071.374336,1066.068992,0.0,1071.374336,42331.910144
142738.672347,1071.374336,1066.068992,0.0,1071.374336,42331.885568
142833.905536,1071.374336,1066.068992,0.0,1071.374336,42331.869184
142931.956286,1071.374336,1066.068992,0.0,1071.374336,42332.114944
143029.397276,1071.374336,1066.068992,0.0,1071.374336,42331.840512
143123.023214,1071.374336,1066.068992,0.0,1071.374336,42332.07808
143224.444298,1071.374336,1066.068992,0.0,1071.374336,42334.06464
143321.436041,1071.374336,1066.068992,0.0,1071.374336,42334.048256
143417.809864,1071.374336,1066.068992,0.0,1071.374336,42333.810688
143515.90615,1071.374336,1066.068992,0.0,1071.374336,42333.790208
143614.792081,1071.374336,1066.068992,0.0,1071.374336,42333.495296
143709.351004,1071.374336,1066.068992,0.0,1071.374336,42333.478912
143806.211508,1071.374336,1066.068992,0.0,1071.374336,42333.724672
143903.128245,1071.374336,1066.068992,0.0,1071.374336,42333.446144
143997.466477,1071.374336,1066.068992,0.0,1071.374336,42333.42976
144091.489826,1071.374336,1066.068992,0.0,1071.374336,42333.413376
144196.316961,1071.374336,1066.068992,0.0,1071.374336,42333.5936
144293.235117,1071.374336,1066.068992,0.0,1071.374336,42333.618176
144395.460929,1071.374336,1066.068992,0.0,1071.374336,42333.601792
144493.977753,1071.374336,1066.068992,0.0,1071.374336,42333.687808
144595.871043,1071.374336,1066.068992,0.0,1071.374336,42333.671424
144700.936581,1071.374336,1066.068992,0.0,1071.374336,42333.147136
144800.348776,1071.374336,1066.068992,0.0,1071.374336,42333.290496
144904.604353,1071.374336,1066.068992,0.0,1071.374336,42333.110272
145001.510838,1071.374336,1066.068992,0.0,1071.374336,42333.253632
145103.505488,1071.374336,1066.068992,0.0,1071.374336,42333.5936
145201.440013,1075.965952,1070.660608,0.0,1075.965952,42338.545664
145298.566629,1075.965952,1070.660608,0.0,1075.965952,42338.52928
145393.390099,1075.965952,1070.660608,0.0,1075.965952,42338.512896
145488.306235,1075.965952,1070.660608,0.0,1075.965952,42338.762752
145582.033178,1075.965952,1070.660608,0.0,1075.965952,42338.746368
145680.618822,1075.965952,1070.660608,0.0,1075.965952,42338.46784
145774.54971,1075.965952,1070.660608,0.0,1075.965952,42337.93536
145874.661503,1075.965952,1070.660608,0.0,1075.965952,42337.918976
145971.532917,1075.965952,1070.660608,0.0,1075.965952,42337.902592
146071.537511,1075.965952,1070.660608,0.0,1075.965952,42337.886208
146166.032057,1075.965952,1070.660608,0.0,1075.965952,42338.131968
146265.758539,1075.965952,1070.660608,0.0,1075.965952,42338.115584
146360.361715,1075.965952,1070.660608,0.0,1075.965952,42338.0992
146463.474352,1075.965952,1070.660608,0.0,1075.965952,42338.34496
146562.634197,1075.965952,1070.660608,0.0,1075.965952,42338.070528
146659.477512,1075.965952,1070.660608,0.0,1075.965952,42338.054144
146755.096499,1075.965952,1070.660608,0.0,1075.965952,42337.775616
146851.419771,1075.965952,1070.660608,0.0,1075.965952,42337.759232
146950.414901,1075.965952,1070.660608,0.0,1075.965952,42337.742848
147045.393798,1075.965952,1070.660608,0.0,1075.965952,42337.726464
147142.433087,1075.965952,1070.660608,0.0,1075.965952,42337.71008
147237.758941,1075.965952,1070.660608,0.0,1075.965952,42337.693696
147334.456068,1075.965952,1070.660608,0.0,1075.965952,42337.677312
147430.860655,1075.965952,1070.660608,0.0,1075.965952,42337.660928
147523.563603,1075.965952,1070.660608,0.0,1075.965952,42337.910784
147623.479879,1075.965952,1070.660608,0.0,1075.965952,42337.624064
147717.546389,1075.965952,1070.660608,0.0,1075.965952,42337.87392
147813.184437,1075.965952,1070.660608,0.0,1075.965952,42337.857536
147907.996045,1075.965952,1070.660608,0.0,1075.965952,42337.841152
148006.031585,1075.965952,1070.660608,0.0,1075.965952,42337.820672
148106.218534,1075.965952,1070.660608,0.0,1075.965952,42337.808384
148206.165048,1075.965952,1070.660608,0.0,1075.965952,42337.87392
148307.438268,1075.965952,1070.660608,0.0,1075.965952,42338.11968
148404.905856,1075.965952,1070.660608,0.0,1075.965952,42337.591296
148511.839444,1075.965952,1070.660608,0.0,1075.965952,42336.907264
148618.343107,1075.965952,1070.660608,0.0,1075.965952,42336.595968
148720.743922,1075.965952,1070.660608,0.0,1075.965952,42336.579584
148822.034104,1075.965952,1070.660608,0.0,1075.965952,42336.5632
148924.792089,1075.965952,1070.660608,0.0,1075.965952,42336.391168
149024.075982,1075.965952,1070.660608,0.0,1075.965952,42336.374784
149120.675775,1075.965952,1070.660608,0.0,1075.965952,42336.3584
149224.020035,1075.965952,1070.664704,0.0,1075.965952,42336.342016
149317.520706,1080.573952,1075.268608,0.0,1080.573952,42341.814272
149415.741522,1080.573952,1075.268608,0.0,1080.573952,42341.535744
149513.442483,1080.573952,1075.268608,0.0,1080.573952,42341.53984
149614.156472,1080.573952,1075.268608,0.0,1080.573952,42341.019648
149713.115962,1080.573952,1075.268608,0.0,1080.573952,42341.830656
149812.800529,1080.573952,1075.268608,0.0,1080.573952,42341.814272
149911.864752,1080.573952,1075.268608,0.0,1080.573952,42341.720064
150006.678623,1080.573952,1075.268608,0.0,1080.573952,42341.871616
150103.902561,1080.573952,1075.268608,0.0,1080.573952,42342.117376
150198.649472,1080.573952,1075.268608,0.0,1080.573952,42342.035456
150295.627292,1080.573952,1075.268608,0.0,1080.573952,42341.92896
150390.691707,1080.573952,1075.268608,0.0,1080.573952,42341.912576
150489.037611,1080.573952,1075.268608,0.0,1080.573952,42341.896192
150583.833185,1080.573952,1075.268608,0.0,1080.573952,42342.141952
150682.105581,1080.573952,1075.268608,0.0,1080.573952,42341.740544
150784.623575,1080.573952,1075.268608,0.0,1080.573952,42341.732352
150881.069811,1080.573952,1075.268608,0.0,1080.573952,42341.916672
150977.794497,1080.573952,1075.268608,0.0,1080.573952,42341.896192
151074.084458,1080.573952,1075.268608,0.0,1080.573952,42341.879808
151171.048103,1080.573952,1075.268608,0.0,1080.573952,42342.125568
151268.338848,1080.573952,1075.268608,0.0,1080.573952,42341.84704
151362.572469,1080.573952,1075.268608,0.0,1080.573952,42341.830656
151462.354082,1080.573952,1075.268608,0.0,1080.573952,42341.711872
151568.486158,1080.573952,1075.268608,0.0,1080.573952,42341.957632
151668.360448,1080.573952,1075.268608,0.0,1080.573952,42341.6832
151767.591191,1080.573952,1075.268608,0.0,1080.573952,42341.666816
151869.060898,1080.573952,1075.268608,0.0,1080.573952,42341.650432
151966.048408,1080.573952,1075.268608,0.0,1080.573952,42341.629952
152065.070219,1080.573952,1075.268608,0.0,1080.573952,42341.613568
152159.155889,1080.573952,1075.268608,0.0,1080.573952,42341.597184
152253.848652,1080.573952,1075.268608,0.0,1080.573952,42341.5808
152350.647593,1080.573952,1075.268608,0.0,1080.573952,42341.564416
152449.647501,1080.573952,1075.268608,0.0,1080.573952,42342.064128
152548.30869,1080.573952,1075.268608,0.0,1080.573952,42342.313984
152648.481441,1080.573952,1075.268608,0.0,1080.573952,42342.17472
152749.113091,1080.573952,1075.268608,0.0,1080.573952,42342.15424
152846.512288,1080.573952,1075.268608,0.0,1080.573952,42342.125568
152950.147777,1080.573952,1075.268608,0.0,1080.573952,42342.11328
153052.908851,1080.573952,1075.268608,0.0,1080.573952,42342.096896
153150.283554,1080.573952,1075.268608,0.0,1080.573952,42342.080512
153254.119741,1080.573952,1075.268608,0.0,1080.573952,42341.80608
153352.239457,1080.573952,1075.268608,0.0,1080.573952,42341.7856
153458.821549,1080.573952,1075.268608,0.0,1080.573952,42341.781504
153557.308234,1080.573952,1075.268608,0.0,1080.573952,42341.756928
153657.946455,1080.573952,1075.268608,0.0,1080.573952,42342.25664
153750.913018,1085.456384,1080.15104,0.0,1085.456384,42347.728896
153845.815226,1085.456384,1080.15104,0.0,1085.456384,42347.712512
153944.680997,1085.456384,1080.15104,0.0,1085.456384,42347.958272
154041.780843,1085.456384,1080.15104,0.0,1085.456384,42348.204032
154136.15829,1085.456384,1080.15104,0.0,1085.456384,42347.9296
154234.731325,1085.456384,1080.15104,0.0,1085.456384,42347.737088
154330.992366,1085.456384,1080.15104,0.0,1085.456384,42347.196416
154429.15925,1085.456384,1080.150016,0.0,1085.456384,42346.8032
154529.613636,1085.456384,1080.15104,0.0,1085.456384,42346.78272
154623.872294,1085.456384,1080.15104,0.0,1085.456384,42346.766336
154719.838751,1085.456384,1080.15104,0.0,1085.456384,42346.749952
154815.122752,1085.456384,1080.15104,0.0,1085.456384,42346.733568
154911.110087,1085.456384,1080.15104,0.0,1085.456384,42346.979328
155006.246741,1085.456384,1080.15104,0.0,1085.456384,42346.962944
155101.445017,1085.456384,1080.147968,0.0,1085.456384,42346.684416
155206.02324,1085.456384,1080.15104,0.0,1085.456384,42346.57792
155305.631022,1085.456384,1080.15104,0.0,1085.456384,42346.82368
155402.856995,1085.456384,1080.15104,0.0,1085.456384,42347.065344
155499.901811,1085.456384,1080.15104,0.0,1085.456384,42346.786816
155600.331586,1085.456384,1080.15104,0.0,1085.456384,42347.032576
155700.267567,1085.456384,1080.15104,0.0,1085.456384,42346.766336
155797.184142,1085.456384,1080.15104,0.0,1085.456384,42346.749952
155894.978794,1085.456384,1080.15104,0.0,1085.456384,42346.729472
155998.687373,1085.456384,1080.15104,0.0,1085.456384,42346.717184
156098.559514,1085.456384,1080.15104,0.0,1085.456384,42346.7008
156195.292844,1085.456384,1080.15104,0.0,1085.456384,42346.684416
156294.318745,1085.456384,1080.15104,0.0,1085.456384,42346.663936
156391.136126,1085.456384,1080.15104,0.0,1085.456384,42346.647552
156489.11726,1085.456384,1080.15104,0.0,1085.456384,42346.627072
156585.812644,1085.456384,1080.15104,0.0,1085.456384,42346.610688
156687.120435,1085.456384,1080.15104,0.0,1085.456384,42346.856448
156791.384554,1085.456384,1080.15104,0.0,1085.456384,42346.586112
156889.176007,1085.456384,1080.15104,0.0,1085.456384,42346.569728
156993.768217,1085.456384,1080.15104,0.0,1085.456384,42346.815488
157095.411137,1085.456384,1080.15104,0.0,1085.456384,42347.061248
157195.491978,1085.456384,1080.15104,0.0,1085.456384,42347.29472
157296.433854,1085.456384,1080.15104,0.0,1085.456384,42346.758144
157394.980884,1085.456384,1080.15104,0.0,1085.456384,42346.74176
157496.910705,1085.456384,1080.15104,0.0,1085.456384,42347.241472
157589.93918,1089.691648,1084.386304,0.0,1089.691648,42351.665152
157683.457117,1089.691648,1084.386304,0.0,1089.691648,42351.661056
157780.583376,1089.691648,1084.386304,0.0,1089.691648,42351.644672
157877.575496,1089.691648,1084.386304,0.0,1089.691648,42351.628288
157971.814586,1089.691648,1084.386304,0.0,1089.691648,42351.611904
158065.525716,1089.691648,1084.386304,0.0,1089.691648,42351.59552
158162.790167,1089.691648,1084.386304,0.0,1089.691648,42351.579136
158256.584561,1089.691648,1084.386304,0.0,1089.691648,42351.562752
158353.315774,1089.691648,1084.386304,0.0,1089.691648,42351.546368
158447.176346,1089.691648,1084.386304,0.0,1089.691648,42351.529984
158542.714914,1089.691648,1084.386304,0.0,1089.691648,42351.755264
158639.368575,1089.691648,1084.386304,0.0,1089.691648,42351.73888
158741.810773,1089.691648,1084.386304,0.0,1089.691648,42351.448064
158839.059595,1089.691648,1084.386304,0.0,1089.691648,42351.43168
158937.130459,1089.691648,1084.386304,0.0,1089.691648,42351.403008
159031.057466,1089.691648,1084.386304,0.0,1089.691648,42351.386624
159126.082465,1089.691648,1084.386304,0.0,1089.691648,42351.374336
159222.818346,1089.691648,1084.386304,0.0,1089.691648,42351.357952
159318.224982,1089.691648,1084.386304,0.0,1089.691648,42351.599616
159418.454044,1089.691648,1084.386304,0.0,1089.691648,42351.583232
159516.76953,1089.691648,1084.386304,0.0,1089.691648,42351.566848
159615.799938,1089.691648,1084.386304,0.0,1089.691648,42351.550464
159708.615023,1089.691648,1084.386304,0.0,1089.691648,42351.271936
159807.85711,1089.691648,1084.386304,0.0,1089.691648,42351.255552
159907.036801,1089.691648,1084.386304,0.0,1089.691648,42351.501312
160001.560002,1089.691648,1084.386304,0.0,1089.691648,42351.484928
160097.970002,1089.691648,1084.386304,0.0,1089.691648,42351.468544
160195.828368,1089.691648,1084.386304,0.0,1089.691648,42351.153152
160291.677547,1089.691648,1084.386304,0.0,1089.691648,42351.149056
160388.632274,1089.691648,1084.386304,0.0,1089.691648,42351.132672
160489.550763,1089.691648,1084.386304,0.0,1089.691648,42351.116288
160586.950696,1089.691648,1084.386304,0.0,1089.691648,42351.099904
160695.701741,1089.691648,1084.386304,0.0,1089.691648,42351.345664
160796.523639,1089.691648,1084.386304,0.0,1089.691648,42351.067136
160899.737142,1089.691648,1084.386304,0.0,1089.691648,42351.312896
161000.840927,1089.691648,1084.386304,0.0,1089.691648,42351.296512
161099.88035,1089.691648,1084.386304,0.0,1089.691648,42351.280128
161203.734476,1089.691648,1084.386304,0.0,1089.691648,42351.251456
161300.272971,1089.691648,1084.386304,0.0,1089.691648,42351.235072
161401.3703,1089.691648,1084.386304,0.0,1089.691648,42351.218688
161515.7791,1089.691648,1084.386304,0.0,1089.691648,42350.927872
161610.249977,1094.090752,1088.785408,0.0,1094.090752,42355.515392
161711.480034,1094.090752,1088.785408,0.0,1094.090752,42356.28544
161810.142056,1094.090752,1088.785408,0.0,1094.090752,42356.269056
161907.407314,1094.090752,1088.785408,0.0,1094.090752,42356.252672
162001.439653,1094.090752,1088.785408,0.0,1094.090752,42356.236288
162100.556626,1094.090752,1088.785408,0.0,1094.090752,42355.699712
162194.254102,1094.090752,1088.785408,0.0,1094.090752,42355.683328
162289.648396,1094.090752,1088.785408,0.0,1094.090752,42355.666944
162383.797235,1094.090752,1088.785408,0.0,1094.090752,42355.65056
162478.582726,1094.090752,1088.785408,0.0,1094.090752,42355.634176
162578.338008,1094.090752,1088.785408,0.0,1094.090752,42355.359744
162675.43363,1094.090752,1088.785408,0.0,1094.090752,42355.34336
162772.660562,1094.090752,1088.785408,0.0,1094.090752,42355.326976
162869.317793,1094.090752,1088.785408,0.0,1094.090752,42355.310592
162965.342508,1094.090752,1088.785408,0.0,1094.090752,42355.556352
163059.797942,1094.090752,1088.785408,0.0,1094.090752,42355.539968
163161.175547,1094.090752,1088.785408,0.0,1094.090752,42354.737152
163262.109964,1094.090752,1088.785408,0.0,1094.090752,42354.745344
163357.577582,1094.090752,1088.785408,0.0,1094.090752,42354.72896
163452.141778,1094.090752,1088.785408,0.0,1094.090752,42354.712576
163546.037244,1094.090752,1088.785408,0.0,1094.090752,42354.696192
163643.097766,1094.090752,1088.785408,0.0,1094.090752,42354.679808
163737.186671,1094.090752,1088.785408,0.0,1094.090752,42354.663424
163834.925381,1094.090752,1088.785408,0.0,1094.090752,42354.64704
163929.611328,1094.090752,1088.785408,0.0,1094.090752,42354.8928
164026.322928,1094.090752,1088.785408,0.0,1094.090752,42354.876416
164120.873862,1094.090752,1088.785408,0.0,1094.090752,42354.597888
164220.00701,1094.090752,1088.785408,0.0,1094.090752,42354.405376
164317.778972,1094.090752,1088.785408,0.0,1094.090752,42354.388992
164415.741883,1094.090752,1088.785408,0.0,1094.090752,42354.384896
164517.766591,1094.090752,1088.785408,0.0,1094.090752,42354.470912
164618.08616,1094.090752,1088.785408,0.0,1094.090752,42354.331648
164715.608713,1094.090752,1088.785408,0.0,1094.090752,42354.315264
164818.962198,1094.090752,1088.785408,0.0,1094.090752,42353.557504
164915.536524,1094.090752,1088.785408,0.0,1094.090752,42353.545216
165016.976924,1094.090752,1088.785408,0.0,1094.090752,42353.528832
165116.665367,1094.090752,1088.785408,0.0,1094.090752,42353.512448
165220.092988,1094.090752,1088.785408,0.0,1094.090752,42353.758208
165321.679662,1094.090752,1088.785408,0.0,1094.090752,42353.741824
165437.845033,1094.090752,1088.785408,0.0,1094.090752,42353.700864
165534.413093,1098.436608,1093.131264,0.0,1098.436608,42358.92736
165629.37119,1098.436608,1093.131264,0.0,1098.436608,42358.648832
165731.874481,1098.436608,1093.131264,0.0,1098.436608,42358.894592
165830.046679,1098.436608,1093.131264,0.0,1098.436608,42358.878208
165925.756104,1098.436608,1093.131264,0.0,1098.436608,42358.861824
166020.987557,1098.436608,1093.131264,0.0,1098.436608,42358.84544
166115.983074,1098.436608,1093.131264,0.0,1098.436608,42358.829056
166215.450538,1098.436608,1093.131264,0.0,1098.436608,42358.812672
166313.201643,1098.436608,1093.131264,0.0,1098.436608,42358.796288
166408.362629,1098.436608,1093.131264,0.0,1098.436608,42358.779904
166506.39695,1098.436608,1093.131264,0.0,1098.436608,42358.76352
166603.850721,1098.436608,1093.131264,0.0,1098.436608,42358.747136
166698.723071,1098.436608,1093.131264,0.0,1098.436608,42358.4768
166797.151517,1098.436608,1093.131264,0.0,1098.436608,42358.460416
166893.125243,1098.436608,1093.131264,0.0,1098.436608,42358.185984
166988.748703,1098.436608,1093.131264,0.0,1098.436608,42358.1696
167087.055855,1098.436608,1093.131264,0.0,1098.436608,42357.90336
167182.492463,1098.436608,1093.131264,0.0,1098.436608,42358.140928
167280.761118,1098.436608,1093.131264,0.0,1098.436608,42358.124544
167376.120833,1098.436608,1093.131264,0.0,1098.436608,42358.104064
167473.715634,1098.436608,1093.131264,0.0,1098.436608,42358.08768
167570.732231,1098.436608,1093.131264,0.0,1098.436608,42358.071296
167667.845682,1098.436608,1093.131264,0.0,1098.436608,42358.054912
167765.808211,1098.436608,1093.131264,0.0,1098.436608,42358.038528
167863.830803,1098.436608,1093.131264,0.0,1098.436608,42358.022144
167958.853007,1098.436608,1093.131264,0.0,1098.436608,42358.267904
168056.960085,1098.436608,1093.131264,0.0,1098.436608,42358.25152
168152.778307,1098.436608,1093.131264,0.0,1098.436608,42357.972992
168248.159347,1098.436608,1093.131264,0.0,1098.436608,42357.956608
168343.51738,1098.436608,1093.131264,0.0,1098.436608,42357.940224
168440.895123,1098.436608,1093.131264,0.0,1098.436608,42357.92384
168538.347721,1098.436608,1093.131264,0.0,1098.436608,42357.915648
168633.341284,1098.436608,1093.131264,0.0,1098.436608,42357.895168
168731.791377,1098.436608,1093.131264,0.0,1098.436608,42358.403072
168827.280088,1098.436608,1093.131264,0.0,1098.436608,42358.386688
168924.587586,1098.436608,1093.131264,0.0,1098.436608,42358.10816
169024.414797,1098.436608,1093.131264,0.0,1098.436608,42358.091776
169125.13021,1098.436608,1093.131264,0.0,1098.436608,42358.337536
169227.742901,1098.436608,1093.131264,0.0,1098.436608,42358.321152
169329.086742,1098.436608,1093.131264,0.0,1098.436608,42358.304768
169433.947124,1098.436608,1093.131264,0.0,1098.436608,42358.022144
169533.636348,1098.436608,1093.131264,0.0,1098.436608,42357.88288
169635.136164,1098.436608,1093.131264,0.0,1098.436608,42357.866496
169735.624127,1098.436608,1093.131264,0.0,1098.436608,42357.846016
169835.443026,1098.436608,1093.131264,0.0,1098.436608,42357.825536
169937.415272,1098.436608,1093.131264,0.0,1098.436608,42358.08768
170037.695419,1103.593472,1098.288128,0.0,1103.593472,42363.82208
170133.031369,1103.593472,1098.288128,0.0,1103.593472,42363.805696
170232.993065,1103.593472,1098.288128,0.0,1103.593472,42363.990016
170328.936953,1103.593472,1098.288128,0.0,1103.593472,42364.235776
170424.761315,1103.593472,1098.288128,0.0,1103.593472,42363.76064
170521.366838,1103.593472,1098.288128,0.0,1103.593472,42363.74016
170616.658917,1103.593472,1098.288128,0.0,1103.593472,42363.71968
170713.096841,1103.593472,1098.288128,0.0,1103.593472,42363.96544
170808.163165,1103.593472,1098.288128,0.0,1103.593472,42363.949056
170905.400307,1103.593472,1098.288128,0.0,1103.593472,42363.670528
171000.494447,1103.593472,1098.288128,0.0,1103.593472,42363.916288
171098.44786,1103.593472,1098.288128,0.0,1103.593472,42363.641856
171197.014802,1103.593472,1098.288128,0.0,1103.593472,42363.899904
171292.288095,1103.593472,1098.288128,0.0,1103.593472,42363.621376
171390.315168,1103.593472,1098.288128,0.0,1103.593472,42363.342848
171485.660935,1103.593472,1098.288128,0.0,1103.593472,42363.326464
171584.227419,1103.593472,1098.288128,0.0,1103.593472,42363.305984
171684.66003,1103.593472,1098.288128,0.0,1103.593472,42363.2896
171784.253973,1103.593472,1098.288128,0.0,1103.593472,42363.53536
171883.439524,1103.593472,1098.288128,0.0,1103.593472,42363.78112
171978.680005,1103.593472,1098.288128,0.0,1103.593472,42363.764736
172079.753735,1103.593472,1098.288128,0.0,1103.593472,42363.256832
172177.629064,1103.593472,1098.288128,0.0,1103.593472,42362.974208
172274.323598,1103.593472,1098.288128,0.0,1103.593472,42362.957824
172369.624,1103.593472,1098.288128,0.0,1103.593472,42362.937344
172467.451327,1103.593472,1098.288128,0.0,1103.593472,42362.92096
172562.441253,1103.593472,1098.288128,0.0,1103.593472,42363.16672
172660.863225,1103.593472,1098.288128,0.0,1103.593472,42362.888192
172756.741571,1103.593472,1098.288128,0.0,1103.593472,42363.133952
172852.821625,1103.593472,1098.288128,0.0,1103.593472,42362.855424
172949.329825,1103.593472,1098.288128,0.0,1103.593472,42363.363328
173047.026127,1103.593472,1098.288128,0.0,1103.593472,42363.346944
173145.586397,1103.593472,1098.288128,0.0,1103.593472,42363.580416
173242.872579,1103.593472,1098.288128,0.0,1103.593472,42363.564032
173338.441691,1103.593472,1098.288128,0.0,1103.593472,42363.285504
173436.708095,1103.593472,1098.288128,0.0,1103.593472,42363.531264
173532.509214,1103.593472,1098.288128,0.0,1103.593472,42363.777024
173628.197903,1103.593472,1098.288128,0.0,1103.593472,42363.498496
173723.997301,1103.593472,1098.288128,0.0,1103.593472,42363.744256
173819.940098,1103.593472,1098.288128,0.0,1103.593472,42363.727872
173920.88844,1103.593472,1098.288128,0.0,1103.593472,42363.711488
174019.491965,1103.593472,1098.288128,0.0,1103.593472,42363.695104
174119.827655,1103.593472,1098.288128,0.0,1103.593472,42363.67872
174219.3408,1103.593472,1098.288128,0.0,1103.593472,42363.662336
174319.455718,1103.593472,1098.288128,0.0,1103.593472,42363.645952
174418.893856,1103.593472,1098.288128,0.0,1103.593472,42363.367424
174523.150622,1103.593472,1098.288128,0.0,1103.593472,42363.367424
174624.690789,1103.593472,1098.288128,0.0,1103.593472,42363.088896
174724.396854,1103.593472,1098.288128,0.0,1103.593472,42363.334656
174826.219534,1103.593472,1098.288128,0.0,1103.593472,42363.265024
174924.944567,1109.180416,1103.875072,0.0,1109.180416,42369.785856
175021.88208,1109.180416,1103.875072,0.0,1109.180416,42369.769472
175121.456707,1109.180416,1103.875072,0.0,1109.180416,42369.232896
175225.508213,1109.180416,1103.868928,0.0,1109.180416,42368.249856
175325.451433,1109.180416,1103.875072,0.0,1109.180416,42368.22528
175422.491302,1109.180416,1103.875072,0.0,1109.180416,42368.208896
175520.811113,1109.180416,1103.875072,0.0,1109.180416,42368.454656
175618.416223,1109.180416,1103.875072,0.0,1109.180416,42367.913984
175719.181414,1109.180416,1103.875072,0.0,1109.180416,42367.885312
175816.197363,1109.180416,1103.875072,0.0,1109.180416,42367.868928
175915.32047,1109.180416,1103.875072,0.0,1109.180416,42367.688704
176013.620935,1109.180416,1103.875072,0.0,1109.180416,42367.934464
176110.69076,1109.180416,1103.875072,0.0,1109.180416,42368.417792
176212.531424,1109.180416,1103.875072,0.0,1109.180416,42370.883584
176312.418499,1109.180416,1103.875072,0.0,1109.180416,42371.268608
176410.912369,1109.180416,1103.875072,0.0,1109.180416,42369.265664
176510.226748,1109.180416,1103.875072,0.0,1109.180416,42369.245184
176604.390221,1109.180416,1103.875072,0.0,1109.180416,42369.2288
176704.068044,1109.180416,1103.875072,0.0,1109.180416,42369.245184
176802.942383,1109.180416,1103.875072,0.0,1109.180416,42369.490944
176900.803983,1109.180416,1103.875072,0.0,1109.180416,42369.241088
176995.787538,1109.180416,1103.875072,0.0,1109.180416,42369.753088
177095.424611,1109.180416,1103.875072,0.0,1109.180416,42368.897024
177191.473067,1109.180416,1103.875072,0.0,1109.180416,42368.745472
177286.74743,1109.180416,1103.875072,0.0,1109.180416,42368.729088
177387.560043,1109.180416,1103.875072,0.0,1109.180416,42368.356352
177483.015082,1109.180416,1103.875072,0.0,1109.180416,42368.344064
177584.580952,1109.180416,1103.875072,0.0,1109.180416,42369.032192
177680.006945,1109.180416,1103.875072,0.0,1109.180416,42369.015808
177780.361062,1109.180416,1103.875072,0.0,1109.180416,42369.261568
177878.566208,1109.180416,1103.875072,0.0,1109.180416,42368.729088
177981.298568,1109.180416,1103.875072,0.0,1109.180416,42369.232896
178078.996726,1109.180416,1103.875072,0.0,1109.180416,42368.790528
178182.075277,1109.180416,1103.875072,0.0,1109.180416,42368.774144
178278.902571,1109.180416,1103.875072,0.0,1109.180416,42368.577536
178380.51446,1109.180416,1103.875072,0.0,1109.180416,42368.28672
178479.899925,1109.180416,1103.875072,0.0,1109.180416,42368.270336
178582.162572,1109.180416,1103.875072,0.0,1109.180416,42368.262144
178684.765666,1109.180416,1103.875072,0.0,1109.180416,42368.241664
178808.530298,1109.180416,1103.875072,0.0,1109.180416,42369.708032
178907.331265,1109.200896,1103.895552,0.0,1109.200896,42369.634304
179001.834369,1109.200896,1103.895552,0.0,1109.200896,42370.146304
179103.030121,1109.200896,1103.895552,0.0,1109.200896,42369.78176
179200.827938,1109.200896,1103.895552,0.0,1109.200896,42369.916928
179295.987532,1109.200896,1103.895552,0.0,1109.200896,42369.6384
179392.732314,1109.200896,1103.895552,0.0,1109.200896,42369.359872
179487.801222,1109.200896,1103.895552,0.0,1109.200896,42369.343488
179584.748738,1109.200896,1103.895552,0.0,1109.200896,42369.323008
179680.544104,1109.200896,1103.895552,0.0,1109.200896,42369.306624
179775.126048,1109.200896,1103.895552,0.0,1109.200896,42369.552384
179874.455195,1109.200896,1103.895552,0.0,1109.200896,42369.011712
179969.21479,1109.200896,1103.895552,0.0,1109.200896,42368.991232
180066.800276,1109.200896,1103.895552,0.0,1109.200896,42370.486272
180161.579436,1109.200896,1103.895552,0.0,1109.200896,42370.523136
180258.526757,1109.200896,1103.895552,0.0,1109.200896,42370.490368
180356.893452,1109.200896,1103.895552,0.0,1109.200896,42369.695744
180452.398741,1109.200896,1103.895552,0.0,1109.200896,42369.67936
180550.722297,1109.200896,1103.895552,0.0,1109.200896,42369.92512
180645.278215,1109.200896,1103.895552,0.0,1109.200896,42369.646592
180746.97502,1109.200896,1103.895552,0.0,1109.200896,42369.429504
180842.251512,1109.200896,1103.895552,0.0,1109.200896,42369.671168
180936.895086,1109.200896,1103.895552,0.0,1109.200896,42369.916928
181034.460047,1109.200896,1103.895552,0.0,1109.200896,42370.424832
181129.847269,1109.200896,1103.895552,0.0,1109.200896,42370.412544
181228.655671,1109.200896,1103.895552,0.0,1109.200896,42369.871872
181326.159362,1109.200896,1103.895552,0.0,1109.200896,42369.855488
181428.209853,1109.200896,1103.895552,0.0,1109.200896,42369.687552
181524.433892,1109.200896,1103.895552,0.0,1109.200896,42369.933312
181619.063538,1109.200896,1103.895552,0.0,1109.200896,42369.654784
181714.904948,1109.200896,1103.895552,0.0,1109.200896,42369.90464
181810.302772,1109.200896,1103.895552,0.0,1109.200896,42370.166784
181909.331937,1109.200896,1103.895552,0.0,1109.200896,42369.908736
182007.256331,1109.200896,1103.895552,0.0,1109.200896,42370.121728
182105.006776,1109.200896,1103.895552,0.0,1109.200896,42369.847296
182203.138424,1109.200896,1103.895552,0.0,1109.200896,42370.56
182302.905632,1109.200896,1103.895552,0.0,1109.200896,42370.21184
182405.409064,1109.200896,1103.895552,0.0,1109.200896,42370.433024
182504.185588,1109.200896,1103.895552,0.0,1109.200896,42369.90464
182602.640216,1109.200896,1103.895552,0.0,1109.200896,42370.146304
182705.538052,1109.200896,1103.895552,0.0,1109.200896,42370.12992
182808.993041,1109.200896,1103.895552,0.0,1109.200896,42373.05856
182916.762255,1109.200896,1103.895552,0.0,1109.200896,42372.939776
183014.55141,1109.200896,1103.895552,0.0,1109.200896,42372.939776
183116.60508,1109.200896,1103.895552,0.0,1109.200896,42372.612096
183223.45785,1109.200896,1103.895552,0.0,1109.200896,42372.857856
183323.827743,1109.200896,1103.895552,0.0,1109.200896,42372.841472
183427.620403,1109.200896,1103.895552,0.0,1109.200896,42372.562944
183552.776897,1109.200896,1103.895552,0.0,1109.200896,42372.558848
183650.227924,1114.570752,1109.265408,0.0,1114.570752,42378.309632
183751.174483,1114.570752,1109.265408,0.0,1114.570752,42378.555392
183845.646688,1114.570752,1109.265408,0.0,1114.570752,42378.276864
183941.339455,1114.570752,1109.265408,0.0,1114.570752,42378.522624
184037.271817,1114.570752,1109.265408,0.0,1114.570752,42378.768384
184133.928677,1114.570752,1109.265408,0.0,1114.570752,42378.760192
184238.864935,1114.570752,1109.265408,0.0,1114.570752,42378.510336
184340.232653,1114.570752,1109.265408,0.0,1114.570752,42377.977856
184437.518629,1114.570752,1109.265408,0.0,1114.570752,42377.764864
184535.331493,1114.570752,1109.265408,0.0,1114.570752,42377.216
184635.474622,1114.570752,1109.26336,0.0,1114.570752,42377.199616
184734.208479,1114.570752,1109.26336,0.0,1114.570752,42377.191424
184837.531353,1114.570752,1109.265408,0.0,1114.570752,42376.306688
184937.282403,1114.570752,1109.265408,0.0,1114.570752,42376.8064
185035.566917,1114.570752,1109.265408,0.0,1114.570752,42376.527872
185132.257928,1114.570752,1109.264384,0.0,1114.570752,42375.51616
185233.097348,1114.570752,1109.265408,0.0,1114.570752,42375.499776
185328.742378,1114.570752,1109.265408,0.0,1114.570752,42375.483392
185427.811461,1114.570752,1109.265408,0.0,1114.570752,42375.467008
185523.28398,1114.570752,1109.265408,0.0,1114.570752,42375.712768
185618.539262,1114.570752,1109.265408,0.0,1114.570752,42375.692288
185716.906757,1114.570752,1109.265408,0.0,1114.570752,42375.675904
185811.419585,1114.570752,1109.265408,0.0,1114.570752,42375.65952
185915.125169,1114.570752,1109.265408,0.0,1114.570752,42375.29088
186014.591225,1114.570752,1109.265408,0.0,1114.570752,42375.278592
186113.730977,1114.570752,1109.265408,0.0,1114.570752,42375.262208
186214.21196,1114.570752,1109.265408,0.0,1114.570752,42375.512064
186313.732032,1114.570752,1109.265408,0.0,1114.570752,42375.491584
186416.81094,1114.570752,1109.265408,0.0,1114.570752,42375.213056
186521.224901,1114.570752,1109.265408,0.0,1114.570752,42375.196672
186627.615161,1114.570752,1109.265408,0.0,1114.570752,42375.180288
186730.47221,1114.570752,1109.265408,0.0,1114.570752,42375.163904
186833.352302,1114.570752,1109.265408,0.0,1114.570752,42375.14752
186931.45285,1114.570752,1109.265408,0.0,1114.570752,42375.131136
187033.448378,1114.570752,1109.265408,0.0,1114.570752,42375.114752
187135.231039,1114.570752,1109.265408,0.0,1114.570752,42374.950912
187237.654046,1114.570752,1109.265408,0.0,1114.570752,42375.196672
187338.306784,1114.570752,1109.265408,0.0,1114.570752,42375.442432
187432.165407,1118.773248,1113.467904,0.0,1118.773248,42380.140544
187532.193373,1118.773248,1113.467904,0.0,1118.773248,42379.61216
187627.486237,1118.773248,1113.467904,0.0,1118.773248,42379.59168
187724.463868,1118.773248,1113.467904,0.0,1118.773248,42379.575296
187820.796096,1118.773248,1113.467904,0.0,1118.773248,42379.558912
187915.428393,1118.773248,1113.467904,0.0,1118.773248,42379.804672
188014.154873,1118.773248,1113.467904,0.0,1118.773248,42379.788288
188111.965626,1118.773248,1113.467904,0.0,1118.773248,42379.513856
188209.050926,1118.773248,1113.467904,0.0,1118.773248,42379.75552
188306.713511,1118.773248,1113.467904,0.0,1118.773248,42379.739136
188404.132253,1118.773248,1113.467904,0.0,1118.773248,42379.722752
188501.469272,1118.773248,1113.467904,0.0,1118.773248,42379.186176
188601.753959,1118.773248,1113.467904,0.0,1118.773248,42379.169792
188701.515158,1118.773248,1113.467904,0.0,1118.773248,42379.153408
188800.781454,1118.773248,1113.467904,0.0,1118.773248,42379.137024
188898.555245,1118.773248,1113.467904,0.0,1118.773248,42379.12064
188994.965435,1118.773248,1113.467904,0.0,1118.773248,42379.628544
189097.02316,1118.773248,1113.467904,0.0,1118.773248,42379.61216
189196.835408,1118.773248,1113.467904,0.0,1118.773248,42379.85792
189297.081774,1118.773248,1113.467904,0.0,1118.773248,42379.583488
189396.314611,1118.773248,1113.467904,0.0,1118.773248,42379.829248
189495.906849,1118.773248,1113.467904,0.0,1118.773248,42379.812864
189594.474212,1118.773248,1113.467904,0.0,1118.773248,42379.79648
189695.323656,1118.773248,1113.467904,0.0,1118.773248,42379.780096
189792.093533,1118.773248,1113.467904,0.0,1118.773248,42379.501568
189889.548555,1118.773248,1113.467904,0.0,1118.773248,42379.485184
189985.114155,1118.773248,1113.467904,0.0,1118.773248,42379.4688
190082.064857,1118.773248,1113.467904,0.0,1118.773248,42379.452416
190179.160091,1118.773248,1113.467904,0.0,1118.773248,42379.698176
190273.948764,1118.773248,1113.467904,0.0,1118.773248,42379.943936
190378.013885,1118.773248,1113.467904,0.0,1118.773248,42379.927552
190478.606243,1118.773248,1113.467904,0.0,1118.773248,42379.911168
190580.086877,1118.773248,1113.467904,0.0,1118.773248,42379.636736
190677.410983,1118.773248,1113.467904,0.0,1118.773248,42379.620352
190779.265744,1118.773248,1113.467904,0.0,1118.773248,42379.599872
190882.902792,1118.773248,1113.467904,0.0,1118.773248,42379.583488
190987.149671,1118.773248,1113.467904,0.0,1118.773248,42379.616256
191087.25704,1118.773248,1113.467904,0.0,1118.773248,42379.599872
191187.710902,1118.773248,1113.467904,0.0,1118.773248,42379.32544
191293.866761,1118.773248,1113.467904,0.0,1118.773248,42380.079104
191392.345041,1123.135488,1117.830144,0.0,1123.135488,42384.519168
191490.025666,1123.135488,1117.830144,0.0,1123.135488,42384.502784
191586.963061,1123.135488,1117.830144,0.0,1123.135488,42384.4864
191687.116069,1123.135488,1117.830144,0.0,1123.135488,42384.207872
191784.204128,1123.135488,1117.830144,0.0,1123.135488,42384.191488
191880.412467,1123.135488,1117.830144,0.0,1123.135488,42384.175104
191975.623616,1123.135488,1117.830144,0.0,1123.135488,42383.91296
192073.397339,1123.135488,1117.830144,0.0,1123.135488,42383.888384
192176.020211,1123.135488,1117.824,0.0,1123.135488,42383.60576
192272.653577,1123.135488,1117.82912,0.0,1123.135488,42383.597568
192368.948459,1123.135488,1117.819904,0.0,1123.135488,42383.572992
192466.905979,1123.135488,1117.819904,0.0,1123.135488,42383.560704
192568.617414,1123.135488,1117.819904,0.0,1123.135488,42383.548416
192664.500267,1123.135488,1117.819904,0.0,1123.135488,42383.532032
192765.975233,1123.135488,1117.819904,0.0,1123.135488,42383.233024
192867.620722,1123.135488,1117.819904,0.0,1123.135488,42385.641472
192964.935722,1123.135488,1117.819904,0.0,1123.135488,42386.149376
193064.899415,1123.135488,1117.819904,0.0,1123.135488,42386.132992
193163.083667,1123.135488,1117.819904,0.0,1123.135488,42386.116608
193256.925728,1123.135488,1117.819904,0.0,1123.135488,42385.94048
193356.433875,1123.135488,1117.819904,0.0,1123.135488,42385.666048
193455.677629,1123.135488,1117.830144,0.0,1123.135488,42385.620992
193558.883674,1123.135488,1117.82912,0.0,1123.135488,42385.334272
193658.288376,1123.135488,1117.830144,0.0,1123.135488,42385.317888
193758.438529,1123.135488,1117.830144,0.0,1123.135488,42385.731584
193855.226088,1123.135488,1117.830144,0.0,1123.135488,42385.461248
193966.410902,1123.135488,1117.830144,0.0,1123.135488,42385.711104
194078.434388,1123.135488,1117.830144,0.0,1123.135488,42385.69472
194193.994321,1123.135488,1117.830144,0.0,1123.135488,42386.128896
194299.690822,1123.135488,1117.830144,0.0,1123.135488,42386.075648
194402.378057,1123.135488,1117.830144,0.0,1123.135488,42385.833984
194500.78988,1123.135488,1117.830144,0.0,1123.135488,42385.8176
194605.698123,1123.135488,1117.830144,0.0,1123.135488,42385.801216
194711.14821,1123.135488,1117.830144,0.0,1123.135488,42385.784832
194810.575393,1123.135488,1117.830144,0.0,1123.135488,42385.768448
194915.749654,1123.135488,1117.830144,0.0,1123.135488,42385.678336
195013.888876,1123.135488,1117.830144,0.0,1123.135488,42385.661952
195115.361394,1123.135488,1117.830144,0.0,1123.135488,42385.383424
195245.311012,1123.135488,1117.830144,0.0,1123.135488,42386.026496
195342.403096,1123.147776,1117.842432,0.0,1123.147776,42385.805312
195442.835575,1123.147776,1117.842432,0.0,1123.147776,42385.788928
195541.56394,1123.147776,1117.842432,0.0,1123.147776,42385.26464
195642.08194,1123.147776,1117.842432,0.0,1123.147776,42384.269312
195738.890689,1123.147776,1117.842432,0.0,1123.147776,42384.24064
195834.617686,1123.147776,1117.842432,0.0,1123.147776,42384.4864
195933.672505,1123.147776,1117.842432,0.0,1123.147776,42384.093184
196033.827986,1123.147776,1117.842432,0.0,1123.147776,42383.560704
196136.386823,1123.147776,1117.842432,0.0,1123.147776,42383.74912
196240.937621,1123.147776,1117.842432,0.0,1123.147776,42383.814656
196338.806234,1123.147776,1117.842432,0.0,1123.147776,42384.060416
196437.574843,1123.147776,1117.842432,0.0,1123.147776,42384.044032
196533.910822,1123.147776,1117.842432,0.0,1123.147776,42384.027648
196629.962182,1123.147776,1117.842432,0.0,1123.147776,42384.011264
196726.874023,1123.147776,1117.842432,0.0,1123.147776,42383.99488
196823.066094,1123.147776,1117.842432,0.0,1123.147776,42383.978496
196925.786899,1123.147776,1117.842432,0.0,1123.147776,42384.4864
197023.583785,1123.147776,1117.842432,0.0,1123.147776,42384.470016
197124.286058,1123.147776,1117.842432,0.0,1123.147776,42383.921152
197221.690129,1123.147776,1117.842432,0.0,1123.147776,42383.95392
197319.839471,1123.147776,1117.842432,0.0,1123.147776,42383.962112
197420.293919,1123.147776,1117.842432,0.0,1123.147776,42383.966208
197516.158782,1123.147776,1117.842432,0.0,1123.147776,42383.970304
197613.260539,1123.147776,1117.842432,0.0,1123.147776,42383.68768
197708.627108,1123.147776,1117.842432,0.0,1123.147776,42383.671296
197807.524463,1123.147776,1117.842432,0.0,1123.147776,42383.654912
197908.805835,1123.147776,1117.842432,0.0,1123.147776,42383.638528
198005.558729,1123.147776,1117.842432,0.0,1123.147776,42383.884288
198101.175752,1123.147776,1117.842432,0.0,1123.147776,42383.867904
198204.563362,1123.147776,1117.842432,0.0,1123.147776,42383.958016
198305.131422,1123.147776,1117.842432,0.0,1123.147776,42383.941632
198411.748806,1123.147776,1117.842432,0.0,1123.147776,42384.183296
198511.235114,1123.147776,1117.842432,0.0,1123.147776,42384.166912
198613.448289,1123.147776,1117.842432,0.0,1123.147776,42384.412672
198712.250211,1123.147776,1117.842432,0.0,1123.147776,42384.658432
198814.575451,1123.147776,1117.842432,0.0,1123.147776,42384.642048
198915.910053,1123.147776,1117.842432,0.0,1123.147776,42384.519168
199017.098427,1123.147776,1117.842432,0.0,1123.147776,42384.502784
199116.541635,1123.147776,1117.842432,0.0,1123.147776,42384.4864
199219.337715,1123.147776,1117.842432,0.0,1123.147776,42384.470016
199319.682513,1123.147776,1117.842432,0.0,1123.147776,42384.277504
199423.495307,1123.147776,1117.842432,0.0,1123.147776,42384.781312
199525.093377,1127.821312,1122.515968,0.0,1127.821312,42389.745664
199623.657263,1127.821312,1122.515968,0.0,1127.821312,42389.987328
199722.657883,1127.821312,1122.515968,0.0,1127.821312,42389.970944
199819.192468,1127.821312,1122.515968,0.0,1127.821312,42389.95456
199916.882647,1127.821312,1122.515968,0.0,1127.821312,42390.249472
200014.896471,1127.821312,1122.515968,0.0,1127.821312,42390.233088
200112.049178,1127.821312,1122.515968,0.0,1127.821312,42389.958656
200209.159728,1127.821312,1122.515968,0.0,1127.821312,42389.684224
200307.904977,1127.821312,1122.515968,0.0,1127.821312,42389.66784
200405.830515,1127.821312,1122.515968,0.0,1127.821312,42389.64736
200504.89912,1127.821312,1122.515968,0.0,1127.821312,42389.372928
200600.704192,1127.821312,1122.515968,0.0,1127.821312,42389.618688
200699.126353,1127.821312,1122.515968,0.0,1127.821312,42389.602304
200798.09898,1127.821312,1122.515968,0.0,1127.821312,42389.58592
200898.91233,1127.821312,1122.515968,0.0,1127.821312,42389.569536
200994.764153,1127.821312,1122.515968,0.0,1127.821312,42389.553152
201097.203169,1127.821312,1122.515968,0.0,1127.821312,42389.274624
201195.637878,1127.821312,1122.515968,0.0,1127.821312,42389.266432
201294.70845,1127.821312,1122.515968,0.0,1127.821312,42389.250048
201394.272684,1127.821312,1122.515968,0.0,1127.821312,42389.016576
201490.223831,1127.821312,1122.515968,0.0,1127.821312,42389.004288
201588.12712,1127.821312,1122.515968,0.0,1127.821312,42388.987904
201686.577072,1127.821312,1122.515968,0.0,1127.821312,42388.97152
201782.073447,1127.821312,1122.515968,0.0,1127.821312,42388.955136
201880.453484,1127.821312,1122.515968,0.0,1127.821312,42388.938752
201979.33248,1127.821312,1122.515968,0.0,1127.821312,42388.922368
202076.243108,1127.821312,1122.515968,0.0,1127.821312,42389.377024
202173.9986,1127.821312,1122.515968,0.0,1127.821312,42388.840448
202272.84305,1127.821312,1122.515968,0.0,1127.821312,42389.024768
202370.557499,1127.821312,1122.515968,0.0,1127.821312,42389.008384
202466.32213,1127.821312,1122.515968,0.0,1127.821312,42389.000192
202565.099578,1127.821312,1122.515968,0.0,1127.821312,42388.979712
202662.55193,1127.821312,1122.515968,0.0,1127.821312,42388.963328
202758.130584,1127.821312,1122.515968,0.0,1127.821312,42388.946944
202859.73214,1127.821312,1122.515968,0.0,1127.821312,42388.93056
202958.434142,1127.821312,1122.515968,0.0,1127.821312,42388.221952
203056.025436,1127.821312,1122.515968,0.0,1127.821312,42388.201472
203154.534865,1127.821312,1122.515968,0.0,1127.821312,42388.185088
203250.548831,1127.821312,1122.515968,0.0,1127.821312,42388.168704
203347.830813,1127.821312,1122.515968,0.0,1127.821312,42388.15232
203445.449293,1127.821312,1122.515968,0.0,1127.821312,42388.13184
203543.182424,1127.821312,1122.515968,0.0,1127.821312,42388.3776
203641.038061,1127.821312,1122.515968,0.0,1127.821312,42388.885504
203736.501018,1127.821312,1122.515968,0.0,1127.821312,42388.86912
203842.6484,1127.821312,1122.515968,0.0,1127.821312,42388.852736
203941.674573,1127.821312,1122.515968,0.0,1127.821312,42389.098496
204044.194242,1127.821312,1122.515968,0.0,1127.821312,42388.819968
204142.338619,1127.821312,1122.515968,0.0,1127.821312,42388.803584
204243.87575,1127.821312,1122.515968,0.0,1127.821312,42388.7872
204342.945128,1127.821312,1122.515968,0.0,1127.821312,42388.76672
204446.884272,1127.821312,1122.515968,0.0,1127.821312,42388.484096
204545.597595,1127.821312,1122.515968,0.0,1127.821312,42388.209664
204647.713223,1127.821312,1122.515968,0.0,1127.821312,42388.189184
204748.527222,1127.821312,1122.515968,0.0,1127.821312,42388.340736
204848.793968,1127.821312,1122.527232,0.0,1127.821312,42390.175744
204945.042783,1134.063616,1128.758272,0.0,1134.063616,42395.140096
205044.240682,1134.063616,1128.758272,0.0,1134.063616,42394.861568
205141.333859,1134.063616,1128.758272,0.0,1134.063616,42394.845184
205238.789243,1134.063616,1128.758272,0.0,1134.063616,42394.8288
205337.352615,1134.063616,1128.758272,0.0,1134.063616,42394.812416
205437.889841,1134.063616,1128.758272,0.0,1134.063616,42394.796032
205536.036274,1134.063616,1128.758272,0.0,1134.063616,42394.771456
205631.323717,1134.063616,1128.758272,0.0,1134.063616,42394.755072
205729.686453,1134.063616,1128.758272,0.0,1134.063616,42394.738688
205826.973992,1134.063616,1128.758272,0.0,1134.063616,42394.722304
205922.660154,1134.063616,1128.758272,0.0,1134.063616,42394.70592
206021.295221,1134.063616,1128.758272,0.0,1134.063616,42394.689536
206123.244022,1134.063616,1128.758272,0.0,1134.063616,42394.673152
206221.611747,1134.063616,1128.758272,0.0,1134.063616,42395.181056
206316.814081,1134.063616,1128.758272,0.0,1134.063616,42395.164672
206418.006233,1134.063616,1128.758272,0.0,1134.063616,42394.632192
206518.56346,1134.063616,1128.758272,0.0,1134.063616,42394.877952
206619.064681,1134.063616,1128.758272,0.0,1134.063616,42395.123712
206716.640194,1134.063616,1128.758272,0.0,1134.063616,42395.107328
206812.548537,1134.063616,1128.758272,0.0,1134.063616,42395.090944
206911.255092,1134.063616,1128.758272,0.0,1134.063616,42395.07456
207009.066786,1134.063616,1128.758272,0.0,1134.063616,42395.32032
207105.061097,1134.063616,1128.758272,0.0,1134.063616,42395.303936
207203.628304,1134.063616,1128.758272,0.0,1134.063616,42394.763264
207305.290275,1134.063616,1128.758272,0.0,1134.063616,42394.74688
207404.160139,1134.063616,1128.758272,0.0,1134.063616,42394.99264
207505.726761,1134.063616,1128.758272,0.0,1134.063616,42394.976256
207603.664701,1134.063616,1128.758272,0.0,1134.063616,42394.959872
207699.707114,1134.063616,1128.758272,0.0,1134.063616,42394.943488
207798.523645,1134.063616,1128.758272,0.0,1134.063616,42395.189248
207896.175495,1134.063616,1128.758272,0.0,1134.063616,42395.172864
207997.019264,1134.063616,1128.758272,0.0,1134.063616,42395.418624
208104.718371,1134.063616,1128.758272,0.0,1134.063616,42395.40224
208208.459981,1134.063616,1128.758272,0.0,1134.063616,42395.385856
208315.162631,1134.063616,1128.758272,0.0,1134.063616,42395.369472
208416.714114,1134.063616,1128.758272,0.0,1134.063616,42395.353088
208519.840758,1134.063616,1128.758272,0.0,1134.063616,42395.07456
208620.132209,1134.063616,1128.758272,0.0,1134.063616,42395.058176
208722.926797,1134.063616,1128.758272,0.0,1134.063616,42395.041792
208829.106416,1134.063616,1128.758272,0.0,1134.063616,42395.025408
208930.34161,1134.063616,1128.758272,0.0,1134.063616,42395.271168
209033.498377,1134.063616,1128.758272,0.0,1134.063616,42394.996736
209160.314704,1134.063616,1128.758272,0.0,1134.063616,42395.226112
209262.059646,1138.778112,1133.472768,0.0,1138.778112,42400.190464
209357.755745,1138.778112,1133.472768,0.0,1138.778112,42400.17408
209456.691142,1138.778112,1133.472768,0.0,1138.778112,42400.157696
209559.770507,1138.778112,1133.472768,0.0,1138.778112,42400.116736
209662.871335,1138.778112,1133.471744,0.0,1138.778112,42400.362496
209763.350935,1138.778112,1133.47072,0.0,1138.778112,42400.083968
209864.043043,1138.778112,1133.47072,0.0,1138.778112,42400.067584
209964.651771,1138.778112,1133.47072,0.0,1138.778112,42399.96928
210064.773113,1138.778112,1133.47072,0.0,1138.778112,42399.694848
210166.591463,1138.778112,1133.47072,0.0,1138.778112,42399.547392
210264.742509,1138.778112,1133.47072,0.0,1138.778112,42399.60064
210365.354827,1138.778112,1133.47072,0.0,1138.778112,42399.584256
210466.894376,1138.778112,1133.47072,0.0,1138.778112,42399.567872
210567.847409,1138.778112,1133.47072,0.0,1138.778112,42399.469568
210668.104158,1138.778112,1133.47072,0.0,1138.778112,42399.453184
210769.612396,1138.778112,1133.47072,0.0,1138.778112,42399.4368
210869.648348,1138.778112,1133.47072,0.0,1138.778112,42399.399936
210970.582449,1138.778112,1133.47072,0.0,1138.778112,42399.649792
211069.907618,1138.778112,1133.471744,0.0,1138.778112,42399.895552
211173.806014,1138.778112,1133.472768,0.0,1138.778112,42399.617024
211275.030236,1138.778112,1133.471744,0.0,1138.778112,42399.596544
211372.796693,1138.778112,1133.472768,0.0,1138.778112,42399.576064
211475.095402,1138.778112,1133.472768,0.0,1138.778112,42399.297536
211577.021591,1138.778112,1133.472768,0.0,1138.778112,42399.543296
211676.746317,1138.778112,1133.472768,0.0,1138.778112,42399.531008
211777.307696,1138.778112,1133.472768,0.0,1138.778112,42399.514624
211877.593403,1138.778112,1133.472768,0.0,1138.778112,42399.49824
211981.897581,1138.778112,1133.472768,0.0,1138.778112,42399.744
212083.810699,1138.778112,1133.472768,0.0,1138.778112,42399.428608
212187.446263,1138.778112,1133.472768,0.0,1138.778112,42399.387648
212291.172205,1138.778112,1133.472768,0.0,1138.778112,42399.371264
212395.0441,1138.778112,1133.472768,0.0,1138.778112,42399.35488
212495.453812,1138.778112,1133.472768,0.0,1138.778112,42399.326208
212595.850462,1138.778112,1133.472768,0.0,1138.778112,42399.309824
212695.996157,1138.778112,1133.472768,0.0,1138.778112,42399.551488
212798.020585,1138.778112,1133.472768,0.0,1138.778112,42400.059392
212896.272373,1142.755328,1137.449984,0.0,1142.755328,42403.24608
212998.406476,1142.755328,1137.449984,0.0,1142.755328,42403.045376
213101.04379,1142.755328,1137.449984,0.0,1142.755328,42402.770944
213204.742284,1142.755328,1137.449984,0.0,1142.755328,42403.016704
213305.231359,1142.755328,1137.449984,0.0,1142.755328,42403.00032
213405.223223,1142.755328,1137.447936,0.0,1142.755328,42403.24608
213502.0824,1142.755328,1137.449984,0.0,1142.755328,42402.971648
213599.856676,1142.755328,1137.449984,0.0,1142.755328,42402.95936
213698.862698,1142.755328,1137.449984,0.0,1142.755328,42403.38944
213796.943351,1142.755328,1137.449984,0.0,1142.755328,42403.377152
213892.436901,1142.755328,1137.449984,0.0,1142.755328,42403.36896
213994.502044,1142.755328,1137.449984,0.0,1142.755328,42403.352576
214092.451233,1142.755328,1137.449984,0.0,1142.755328,42403.336192
214193.529319,1142.755328,1137.449984,0.0,1142.755328,42403.422208
214292.402058,1142.755328,1137.449984,0.0,1142.755328,42403.561472
214391.897202,1142.755328,1137.449984,0.0,1142.755328,42403.545088
214487.884747,1142.755328,1137.449984,0.0,1142.755328,42402.89792
214589.176445,1142.755328,1137.449984,0.0,1142.755328,42402.791424
214688.133511,1142.755328,1137.449984,0.0,1142.755328,42403.303424
214790.245253,1142.755328,1137.449984,0.0,1142.755328,42403.28704
214888.674092,1142.755328,1137.449984,0.0,1142.755328,42403.270656
214991.467279,1142.755328,1137.449984,0.0,1142.755328,42403.516416
215090.106086,1142.755328,1137.449984,0.0,1142.755328,42403.500032
215190.930122,1142.755328,1137.449984,0.0,1142.755328,42403.483648
215291.546897,1142.755328,1137.449984,0.0,1142.755328,42403.467264
215392.128325,1142.755328,1137.449984,0.0,1142.755328,42403.45088
215490.395413,1142.755328,1137.449984,0.0,1142.755328,42403.434496
215591.402721,1142.755328,1137.449984,0.0,1142.755328,42403.418112
215694.236413,1142.755328,1137.449984,0.0,1142.755328,42403.401728
215798.073333,1142.755328,1137.449984,0.0,1142.755328,42403.385344
215902.175742,1142.755328,1137.449984,0.0,1142.755328,42403.561472
216002.264529,1142.755328,1137.449984,0.0,1142.755328,42403.807232
216102.597636,1142.755328,1137.449984,0.0,1142.755328,42403.790848
216206.448074,1142.755328,1137.449984,0.0,1142.755328,42403.774464
216308.941883,1142.755328,1137.449984,0.0,1142.755328,42403.75808
216414.524187,1142.755328,1137.449984,0.0,1142.755328,42403.741696
216513.628332,1142.755328,1137.449984,0.0,1142.755328,42403.725312
216617.86499,1142.755328,1137.449984,0.0,1142.755328,42403.688448
216715.02433,1146.85952,1141.554176,0.0,1146.85952,42406.801408
216816.82818,1146.85952,1141.554176,0.0,1146.85952,42406.52288
216914.864878,1146.85952,1141.554176,0.0,1146.85952,42406.506496
217013.770633,1146.85952,1141.554176,0.0,1146.85952,42406.490112
217111.584468,1146.85952,1141.554176,0.0,1146.85952,42406.473728
217207.082499,1146.85952,1141.554176,0.0,1146.85952,42406.457344
217305.911948,1146.85952,1141.554176,0.0,1146.85952,42406.44096
217409.275601,1146.85952,1141.554176,0.0,1146.85952,42406.162432
217507.786452,1146.85952,1141.554176,0.0,1146.85952,42406.146048
217605.996798,1146.85952,1141.554176,0.0,1146.85952,42406.391808
217706.946961,1146.85952,1141.554176,0.0,1146.85952,42406.121472
217802.960519,1146.85952,1141.554176,0.0,1146.85952,42406.0928
217901.29599,1146.85952,1141.554176,0.0,1146.85952,42406.076416
218002.321204,1146.85952,1141.554176,0.0,1146.85952,42406.060032
218104.949287,1146.85952,1141.554176,0.0,1146.85952,42406.043648
218205.421888,1146.85952,1141.554176,0.0,1146.85952,42406.48192
218304.330184,1146.85952,1141.554176,0.0,1146.85952,42406.37952
218403.622182,1146.85952,1141.554176,0.0,1146.85952,42406.121472
218501.765801,1146.85952,1141.554176,0.0,1146.85952,42406.100992
218600.199013,1146.85952,1141.554176,0.0,1146.85952,42406.027264
218701.215559,1146.85952,1141.552128,0.0,1146.85952,42405.769216
218801.15648,1146.85952,1141.552128,0.0,1146.85952,42406.014976
218899.456977,1146.85952,1141.552128,0.0,1146.85952,42406.260736
219000.737213,1146.85952,1141.552128,0.0,1146.85952,42406.506496
219099.626807,1146.85952,1141.552128,0.0,1146.85952,42406.490112
219200.631623,1146.85952,1141.554176,0.0,1146.85952,42406.207488
219300.74992,1146.85952,1141.554176,0.0,1146.85952,42406.191104
219404.777721,1146.85952,1141.554176,0.0,1146.85952,42405.912576
219509.270868,1146.85952,1141.554176,0.0,1146.85952,42405.896192
219608.929224,1146.85952,1141.554176,0.0,1146.85952,42405.613568
219709.718993,1146.85952,1141.554176,0.0,1146.85952,42405.597184
219817.16983,1146.85952,1141.554176,0.0,1146.85952,42405.588992
219919.942306,1146.85952,1141.554176,0.0,1146.85952,42405.572608
220023.11893,1146.85952,1141.554176,0.0,1146.85952,42405.556224
220121.826632,1146.85952,1141.554176,0.0,1146.85952,42405.53984
220225.673177,1146.85952,1141.554176,0.0,1146.85952,42405.789696
220328.866612,1146.85952,1141.554176,0.0,1146.85952,42405.773312
220426.274663,1150.91456,1145.609216,0.0,1150.91456,42409.951232
220522.32872,1150.91456,1145.609216,0.0,1150.91456,42409.934848
220621.554142,1150.91456,1145.609216,0.0,1150.91456,42409.914368
220719.527635,1150.91456,1145.609216,0.0,1150.91456,42409.897984
220815.605806,1150.91456,1145.609216,0.0,1150.91456,42410.156032
220916.354115,1150.91456,1145.609216,0.0,1150.91456,42409.877504
221015.026703,1150.91456,1145.609216,0.0,1150.91456,42410.123264
221113.652931,1150.91456,1145.609216,0.0,1150.91456,42410.10688
221212.985495,1150.91456,1145.609216,0.0,1150.91456,42410.0864
221308.680112,1150.91456,1145.609216,0.0,1150.91456,42410.070016
221407.727861,1150.91456,1145.609216,0.0,1150.91456,42410.053632
221506.102192,1150.91456,1145.609216,0.0,1150.91456,42410.037248
221601.693626,1150.91456,1145.609216,0.0,1150.91456,42410.020864
221700.291371,1150.91456,1145.609216,0.0,1150.91456,42409.979904
221800.943335,1150.91456,1145.609216,0.0,1150.91456,42410.225664
221899.051719,1150.91456,1145.609216,0.0,1150.91456,42410.20928
221997.72111,1150.91456,1145.609216,0.0,1150.91456,42410.192896
222094.362159,1150.91456,1145.609216,0.0,1150.91456,42410.176512
222195.784082,1150.91456,1145.609216,0.0,1150.91456,42410.160128
222294.50025,1150.91456,1145.609216,0.0,1150.91456,42410.143744
222397.247141,1150.91456,1145.609216,0.0,1150.91456,42410.12736
222496.21631,1150.91456,1145.609216,0.0,1150.91456,42409.848832
222597.966527,1150.91456,1145.609216,0.0,1150.91456,42409.836544
222696.548848,1150.91456,1145.609216,0.0,1150.91456,42410.082304
222795.777099,1150.91456,1145.609216,0.0,1150.91456,42410.06592
222894.321959,1150.91456,1145.609216,0.0,1150.91456,42410.037248
222992.218157,1150.91456,1145.609216,0.0,1150.91456,42410.283008
223091.19604,1150.91456,1145.609216,0.0,1150.91456,42410.266624
223191.767329,1150.91456,1145.609216,0.0,1150.91456,42410.512384
223291.922429,1150.91456,1145.609216,0.0,1150.91456,42410.496
223394.985507,1150.91456,1145.609216,0.0,1150.91456,42415.325184
223493.244376,1150.91456,1145.603072,0.0,1150.91456,42418.028544
223601.655313,1150.91456,1145.609216,0.0,1150.91456,42413.17888
223697.773817,1150.91456,1145.609216,0.0,1150.91456,42413.162496
223799.22673,1150.91456,1145.609216,0.0,1150.91456,42413.133824
223900.617094,1150.91456,1145.609216,0.0,1150.91456,42413.11744
224003.9037,1150.91456,1145.609216,0.0,1150.91456,42413.105152
224105.821538,1150.91456,1145.609216,0.0,1150.91456,42412.83072
224207.505967,1150.91456,1145.609216,0.0,1150.91456,42413.006848
224309.770558,1150.91456,1145.609216,0.0,1150.91456,42412.744704
224410.092742,1150.91456,1145.609216,0.0,1150.91456,42412.740608
224513.413429,1150.91456,1145.609216,0.0,1150.91456,42412.552192
224615.567133,1150.91456,1145.609216,0.0,1150.91456,42412.785664
224719.078516,1150.91456,1145.609216,0.0,1150.91456,42412.756992
224821.977832,1150.91456,1145.609216,0.0,1150.91456,42412.76928
224926.495719,1150.91456,1145.609216,0.0,1150.91456,42412.662784
225025.42734,1155.9936,1150.688256,0.0,1155.9936,42417.88928
225122.395702,1155.9936,1150.688256,0.0,1155.9936,42417.872896
225218.950242,1155.9936,1150.688256,0.0,1155.9936,42417.598464
225318.397272,1155.9936,1150.688256,0.0,1155.9936,42417.58208
225415.943005,1155.9936,1150.688256,0.0,1155.9936,42417.565696
225514.343015,1155.9936,1150.688256,0.0,1155.9936,42417.54112
225612.682062,1155.9936,1150.688256,0.0,1155.9936,42417.524736
225712.130728,1155.9936,1150.688256,0.0,1155.9936,42417.508352
225810.184284,1155.9936,1150.688256,0.0,1155.9936,42417.491968
225906.138582,1155.9936,1150.688256,0.0,1155.9936,42417.475584
226005.193315,1155.9936,1150.688256,0.0,1155.9936,42417.4592
226104.305787,1155.9936,1150.688256,0.0,1155.9936,42417.442816
226201.423017,1155.9936,1150.688256,0.0,1155.9936,42417.614848
226297.838512,1155.9936,1150.688256,0.0,1155.9936,42417.782784
226397.135559,1155.9936,1150.688256,0.0,1155.9936,42417.524736
226495.661664,1155.9936,1150.688256,0.0,1155.9936,42417.340416
226591.938972,1155.9936,1150.688256,0.0,1155.9936,42417.164288
226690.289492,1155.9936,1150.688256,0.0,1155.9936,42417.147904
226789.810748,1155.9936,1150.688256,0.0,1155.9936,42417.135616
226888.481927,1155.9936,1150.688256,0.0,1155.9936,42415.525888
226984.241852,1155.9936,1150.688256,0.0,1155.9936,42415.763456
227083.168663,1155.9936,1150.688256,0.0,1155.9936,42416.009216
227184.415137,1155.9936,1150.688256,0.0,1155.9936,42415.169536
227283.977635,1155.9936,1150.688256,0.0,1155.9936,42415.427584
227383.516103,1155.9936,1150.688256,0.0,1155.9936,42415.382528
227483.599705,1155.9936,1150.688256,0.0,1155.9936,42415.099904
227579.413847,1155.9936,1150.688256,0.0,1155.9936,42415.08352
227677.888214,1155.9936,1150.688256,0.0,1155.9936,42415.296512
227776.910632,1155.9936,1150.688256,0.0,1155.9936,42415.771648
227873.696137,1155.9936,1150.688256,0.0,1155.9936,42415.755264
227970.139583,1155.9936,1150.688256,0.0,1155.9936,42416.001024
228070.015066,1155.9936,1150.688256,0.0,1155.9936,42415.98464
228169.760604,1155.9936,1150.688256,0.0,1155.9936,42417.672192
228276.064813,1155.9936,1150.688256,0.0,1155.9936,42417.528832
228375.450668,1155.9936,1150.688256,0.0,1155.9936,42417.512448
228479.777488,1155.9936,1150.688256,0.0,1155.9936,42417.664
228580.100738,1155.9936,1150.688256,0.0,1155.9936,42417.17248
228681.552366,1155.9936,1150.688256,0.0,1155.9936,42416.66048
228784.23643,1155.9936,1150.688256,0.0,1155.9936,42416.644096
228885.024795,1155.9936,1150.688256,0.0,1155.9936,42416.889856
228988.315111,1155.9936,1150.688256,0.0,1155.9936,42416.877568
229094.766051,1155.9936,1150.688256,0.0,1155.9936,42416.820224
229199.127644,1155.9936,1150.688256,0.0,1155.9936,42417.033216
229320.392854,1155.9936,1150.688256,0.0,1155.9936,42417.262592
229422.704008,1160.790016,1155.484672,0.0,1160.790016,42422.247424
229521.728646,1160.790016,1155.484672,0.0,1160.790016,42421.968896
229620.773939,1160.790016,1155.484672,0.0,1160.790016,42421.952512
229718.33415,1160.790016,1155.484672,0.0,1160.790016,42421.694464
229814.228381,1160.790016,1155.484672,0.0,1160.790016,42421.67808
229913.828504,1160.790016,1155.484672,0.0,1160.790016,42421.92384
230012.800752,1160.790016,1155.484672,0.0,1160.790016,42421.907456
230108.997312,1160.790016,1155.484672,0.0,1160.790016,42421.633024
230207.737768,1160.790016,1155.484672,0.0,1160.790016,42421.612544
230306.814394,1160.790016,1155.484672,0.0,1160.790016,42421.858304
230405.189287,1160.790016,1155.484672,0.0,1160.790016,42421.84192
230500.996927,1160.790016,1155.484672,0.0,1160.790016,42421.825536
230599.510636,1160.790016,1155.484672,0.0,1160.790016,42421.809152
230698.594985,1160.790016,1155.484672,0.0,1160.790016,42421.792768
230800.869043,1160.790016,1155.484672,0.0,1160.790016,42421.78048
230899.670668,1160.790016,1155.484672,0.0,1160.790016,42421.764096
230996.531584,1160.790016,1155.484672,0.0,1160.790016,42422.272
231092.973744,1160.790016,1155.484672,0.0,1160.790016,42422.255616
231192.283089,1160.790016,1155.484672,0.0,1160.790016,42422.239232
231289.017097,1160.790016,1155.484672,0.0,1160.790016,42422.222848
231386.605886,1160.790016,1155.484672,0.0,1160.790016,42422.206464
231488.198015,1160.790016,1155.484672,0.0,1160.790016,42422.43584
231586.972442,1160.790016,1155.484672,0.0,1160.790016,42422.038528
231685.91407,1160.790016,1155.484672,0.0,1160.790016,42422.022144
231782.635764,1160.790016,1155.484672,0.0,1160.790016,42422.00576
231879.052751,1160.790016,1155.484672,0.0,1160.790016,42421.989376
231982.803669,1160.790016,1155.484672,0.0,1160.790016,42422.14912
232081.193704,1160.790016,1155.484672,0.0,1160.790016,42422.39488
232182.858757,1160.790016,1155.484672,0.0,1160.790016,42422.157312
232281.816671,1160.790016,1155.484672,0.0,1160.790016,42422.140928
232380.310839,1160.790016,1155.484672,0.0,1160.790016,42422.124544
232477.090323,1160.790016,1155.484672,0.0,1160.790016,42422.10816
232574.226687,1160.790016,1155.484672,0.0,1160.790016,42422.091776
232674.186994,1160.790016,1155.484672,0.0,1160.790016,42422.075392
232778.974871,1160.790016,1155.484672,0.0,1160.790016,42422.059008
232878.075933,1160.790016,1155.484672,0.0,1160.790016,42422.042624
232981.574463,1160.790016,1155.484672,0.0,1160.790016,42422.550528
233088.996857,1160.790016,1155.484672,0.0,1160.790016,42422.534144
233191.581549,1160.790016,1155.484672,0.0,1160.790016,42422.51776
233295.022603,1160.790016,1155.484672,0.0,1160.790016,42422.501376
233393.589965,1160.790016,1155.484672,0.0,1160.790016,42422.484992
233495.002152,1160.790016,1155.484672,0.0,1160.790016,42422.468608
233593.98381,1160.790016,1155.484672,0.0,1160.790016,42422.194176
233696.146842,1160.790016,1155.484672,0.0,1160.790016,42422.685696
233792.523861,1165.705216,1160.399872,0.0,1165.705216,42428.174336
233891.137591,1165.705216,1160.399872,0.0,1165.705216,42428.157952
233987.591768,1165.705216,1160.399872,0.0,1165.705216,42428.141568
234086.277885,1165.705216,1160.399872,0.0,1165.705216,42427.871232
234185.622702,1165.705216,1160.399872,0.0,1165.705216,42427.854848
234283.570489,1165.705216,1160.399872,0.0,1165.705216,42427.838464
234379.449443,1165.705216,1160.399872,0.0,1165.705216,42427.82208
234478.564266,1165.705216,1160.399872,0.0,1165.705216,42427.805696
234577.889789,1165.705216,1160.399872,0.0,1165.705216,42427.789312
234675.252086,1165.705216,1160.399872,0.0,1165.705216,42431.95904
234772.632664,1165.705216,1160.399872,0.0,1165.705216,42427.621376
234872.233552,1165.705216,1160.399872,0.0,1165.705216,42427.117568
234971.460947,1165.705216,1160.399872,0.0,1165.705216,42427.363328
235069.915446,1165.705216,1160.399872,0.0,1165.705216,42427.346944
235168.893565,1165.705216,1160.399872,0.0,1165.705216,42427.33056
235265.109931,1165.705216,1160.399872,0.0,1165.705216,42427.318272
235364.504373,1165.705216,1160.399872,0.0,1165.705216,42427.301888
235463.123008,1165.705216,1160.399872,0.0,1165.705216,42427.285504
235559.394977,1165.705216,1160.399872,0.0,1165.705216,42427.26912
235658.06719,1165.705216,1160.399872,0.0,1165.705216,42427.252736
235757.23154,1165.705216,1160.399872,0.0,1165.705216,42427.236352
235855.099921,1165.705216,1160.399872,0.0,1165.705216,42427.219968
235951.16322,1165.705216,1160.399872,0.0,1165.705216,42427.203584
236050.397489,1165.705216,1160.399872,0.0,1165.705216,42427.1872
236149.430663,1165.705216,1160.399872,0.0,1165.705216,42427.170816
236247.027729,1165.705216,1160.399872,0.0,1165.705216,42427.265024
236346.944733,1165.705216,1160.399872,0.0,1165.705216,42426.990592
236450.578081,1165.705216,1160.399872,0.0,1165.705216,42426.974208
236552.022549,1165.705216,1160.399872,0.0,1165.705216,42426.855424
236656.063665,1165.705216,1160.399872,0.0,1165.705216,42426.83904
236758.019741,1165.705216,1160.399872,0.0,1165.705216,42426.822656
236861.627834,1165.705216,1160.399872,0.0,1165.705216,42427.068416
236961.892665,1165.705216,1160.399872,0.0,1165.705216,42427.052032
237063.79136,1165.705216,1160.399872,0.0,1165.705216,42427.293696
237173.224259,1165.705216,1160.399872,0.0,1165.705216,42426.658816
237273.370166,1165.705216,1160.399872,0.0,1165.705216,42426.642432
237370.152106,1165.7216,1160.416256,0.0,1165.7216,42427.645952
237469.710297,1165.7216,1160.416256,0.0,1165.7216,42427.117568
237567.944867,1165.7216,1160.416256,0.0,1165.7216,42427.101184
237663.771479,1165.7216,1160.416256,0.0,1165.7216,42427.0848
237762.741845,1165.7216,1160.416256,0.0,1165.7216,42427.068416
237861.678059,1165.7216,1160.416256,0.0,1165.7216,42427.052032
237958.461165,1165.7216,1160.416256,0.0,1165.7216,42427.035648
238055.025107,1165.7216,1160.416256,0.0,1165.7216,42427.281408
238155.75302,1165.7216,1160.416256,0.0,1165.7216,42428.932096
238257.903145,1165.7216,1160.416256,0.0,1165.7216,42428.465152
238358.090504,1165.7216,1160.416256,0.0,1165.7216,42427.834368
238457.584664,1165.7216,1160.416256,0.0,1165.7216,42427.817984
238556.007985,1165.7216,1160.416256,0.0,1165.7216,42427.8016
238651.881464,1165.7216,1160.416256,0.0,1165.7216,42428.04736
238750.763423,1165.7216,1160.416256,0.0,1165.7216,42428.030976
238850.174176,1165.7216,1160.416256,0.0,1165.7216,42428.014592
238948.411094,1165.7216,1160.416256,0.0,1165.7216,42428.002304
239044.57461,1165.7216,1160.416256,0.0,1165.7216,42428.235776
239143.529908,1165.7216,1160.416256,0.0,1165.7216,42428.2112
239243.019106,1165.7216,1160.416256,0.0,1165.7216,42428.19072
239340.819686,1165.7216,1160.416256,0.0,1165.7216,42428.174336
239436.667321,1165.7216,1160.416256,0.0,1165.7216,42428.157952
239535.789857,1165.7216,1160.416256,0.0,1165.7216,42428.141568
239634.333168,1165.7216,1160.416256,0.0,1165.7216,42428.125184
239733.804945,1165.7216,1160.416256,0.0,1165.7216,42428.100608
239829.574432,1165.7216,1160.416256,0.0,1165.7216,42429.014016
239928.562274,1165.7216,1160.416256,0.0,1165.7216,42428.997632
240027.511471,1165.7216,1160.416256,0.0,1165.7216,42429.243392
240124.448755,1165.7216,1160.416256,0.0,1165.7216,42429.227008
240220.931929,1165.7216,1160.416256,0.0,1165.7216,42429.599744
240324.047576,1165.7216,1160.416256,0.0,1165.7216,42429.58336
240423.826858,1165.7216,1160.416256,0.0,1165.7216,42429.321216
240524.19248,1165.7216,1160.416256,0.0,1165.7216,42429.321216
240626.112735,1165.7216,1160.416256,0.0,1165.7216,42429.304832
240729.723372,1165.7216,1160.416256,0.0,1165.7216,42429.288448
240833.806834,1165.7216,1160.416256,0.0,1165.7216,42429.272064
240933.940452,1165.7216,1160.416256,0.0,1165.7216,42429.25568
241037.066478,1165.7216,1160.416256,0.0,1165.7216,42429.239296
241138.853476,1165.7216,1160.416256,0.0,1165.7216,42429.485056
241243.590995,1165.7216,1160.416256,0.0,1165.7216,42429.464576
241343.996817,1165.7216,1160.416256,0.0,1165.7216,42429.448192
241446.696972,1165.7216,1160.416256,0.0,1165.7216,42429.431808
241549.133666,1165.7216,1160.416256,0.0,1165.7216,42429.415424
241652.989985,1165.7216,1160.416256,0.0,1165.7216,42429.382656
241751.812062,1170.546688,1165.241344,0.0,1170.546688,42434.363392
241849.790584,1170.546688,1165.241344,0.0,1170.546688,42434.609152
241952.100684,1170.546688,1165.241344,0.0,1170.546688,42434.342912
242049.271804,1170.546688,1165.241344,0.0,1170.546688,42434.330624
242146.006619,1170.546688,1165.241344,0.0,1170.546688,42434.572288
242249.618442,1170.546688,1165.241344,0.0,1170.546688,42434.134016
242346.551693,1170.546688,1165.241344,0.0,1170.546688,42434.125824
242444.98709,1170.546688,1165.241344,0.0,1170.546688,42434.023424
242541.080879,1170.546688,1165.241344,0.0,1170.546688,42434.011136
242642.321783,1170.546688,1165.241344,0.0,1170.546688,42433.998848
242743.435808,1170.546688,1165.241344,0.0,1170.546688,42434.21184
242840.243587,1170.546688,1165.241344,0.0,1170.546688,42434.199552
242938.099813,1170.546688,1165.241344,0.0,1170.546688,42433.65888
243034.054458,1170.546688,1165.241344,0.0,1170.546688,42433.908736
243133.353739,1170.546688,1165.241344,0.0,1170.546688,42434.351104
243228.077241,1170.546688,1165.241344,0.0,1170.546688,42434.039808
243324.637486,1170.546688,1165.241344,0.0,1170.546688,42434.023424
243423.570001,1170.546688,1165.241344,0.0,1170.546688,42434.00704
243520.094092,1170.546688,1165.241344,0.0,1170.546688,42433.732608
243616.619643,1170.546688,1165.241344,0.0,1170.546688,42433.716224
243716.781931,1170.546688,1165.241344,0.0,1170.546688,42433.957888
243819.286383,1170.546688,1165.241344,0.0,1170.546688,42433.941504
243918.199593,1170.546688,1165.241344,0.0,1170.546688,42433.92512
244016.172493,1170.546688,1165.241344,0.0,1170.546688,42434.17088
244112.366628,1170.546688,1165.241344,0.0,1170.546688,42434.41664
244211.38544,1170.546688,1165.241344,0.0,1170.546688,42434.400256
244310.890119,1170.546688,1165.241344,0.0,1170.546688,42434.383872
244408.587248,1170.546688,1165.241344,0.0,1170.546688,42434.105344
244504.256252,1170.546688,1165.241344,0.0,1170.546688,42434.351104
244603.478597,1170.546688,1165.241344,0.0,1170.546688,42434.33472
244701.660302,1170.546688,1165.241344,0.0,1170.546688,42434.318336
244799.917584,1170.546688,1165.241344,0.0,1170.546688,42434.301952
244902.480365,1170.546688,1165.241344,0.0,1170.546688,42434.285568
245001.489841,1170.546688,1165.241344,0.0,1170.546688,42434.269184
245106.166988,1170.546688,1165.241344,0.0,1170.546688,42434.256896
245209.717897,1170.546688,1165.241344,0.0,1170.546688,42434.326528
245313.314688,1170.546688,1165.241344,0.0,1170.546688,42434.310144
245417.266593,1170.546688,1165.241344,0.0,1170.546688,42434.301952
245517.019157,1170.546688,1165.241344,0.0,1170.546688,42434.285568
245626.108127,1170.546688,1165.241344,0.0,1170.546688,42433.785856
245727.850645,1170.546688,1165.241344,0.0,1170.546688,42433.773568
245834.914341,1170.546688,1165.241344,0.0,1170.546688,42434.002944
245935.464411,1170.558976,1165.253632,0.0,1170.558976,42434.260992
246034.807181,1170.558976,1165.253632,0.0,1170.558976,42434.244608
246134.564644,1170.558976,1165.253632,0.0,1170.558976,42434.23232
246232.263479,1170.558976,1165.253632,0.0,1170.558976,42434.609152
246328.796183,1170.558976,1165.253632,0.0,1170.558976,42434.592768
246430.26127,1170.558976,1165.253632,0.0,1170.558976,42434.31424
246529.12657,1170.558976,1165.253632,0.0,1170.558976,42434.285568
246628.419675,1170.558976,1165.253632,0.0,1170.558976,42434.269184
246725.869475,1170.558976,1165.253632,0.0,1170.558976,42434.256896
246822.29144,1170.558976,1165.253632,0.0,1170.558976,42434.240512
246923.867131,1170.558976,1165.253632,0.0,1170.558976,42434.228224
247022.76118,1170.558976,1165.253632,0.0,1170.558976,42434.199552
247124.519157,1170.558976,1165.253632,0.0,1170.558976,42434.445312
247227.453045,1170.558976,1165.253632,0.0,1170.558976,42433.429504
247326.15154,1170.558976,1165.253632,0.0,1170.558976,42433.150976
247428.909304,1170.558976,1165.253632,0.0,1170.558976,42433.18784
247527.592066,1170.558976,1165.253632,0.0,1170.558976,42433.171456
247626.843807,1170.558976,1165.253632,0.0,1170.558976,42433.155072
247727.957647,1170.558976,1165.253632,0.0,1170.558976,42432.663552
247827.023215,1170.558976,1165.253632,0.0,1170.558976,42432.647168
247927.257241,1170.558976,1165.253632,0.0,1170.558976,42432.892928
248023.633303,1170.558976,1165.253632,0.0,1170.558976,42432.88064
248120.579651,1170.558976,1165.253632,0.0,1170.558976,42432.86016
248219.625383,1170.558976,1165.253632,0.0,1170.558976,42433.032192
248316.171506,1170.558976,1165.253632,0.0,1170.558976,42432.700416
248414.542714,1170.558976,1165.253632,0.0,1170.558976,42432.688128
248514.169531,1170.558976,1165.253632,0.0,1170.558976,42432.667648
248613.677818,1170.558976,1165.253632,0.0,1170.558976,42432.905216
248715.569254,1170.558976,1165.253632,0.0,1170.558976,42432.888832
248818.655823,1170.558976,1165.253632,0.0,1170.558976,42432.868352
248923.629913,1170.558976,1165.253632,0.0,1170.558976,42432.851968
249022.742067,1170.558976,1165.253632,0.0,1170.558976,42432.835584
249123.86616,1170.558976,1165.253632,0.0,1170.558976,42432.565248
249232.980639,1170.558976,1165.253632,0.0,1170.558976,42432.659456
249339.269431,1170.558976,1165.253632,0.0,1170.558976,42432.561152
249441.07736,1170.558976,1165.253632,0.0,1170.558976,42432.544768
249549.288861,1170.558976,1165.253632,0.0,1170.558976,42432.516096
249654.858307,1170.558976,1165.253632,0.0,1170.558976,42432.499712
249757.831716,1174.839296,1169.533952,0.0,1174.839296,42437.197824
249860.348357,1174.839296,1169.533952,0.0,1174.839296,42437.685248
249959.009503,1174.839296,1169.533952,0.0,1174.839296,42437.210112
250060.257805,1174.839296,1169.533952,0.0,1174.839296,42437.197824
250160.743258,1174.839296,1169.533952,0.0,1174.839296,42436.931584
250257.707282,1174.839296,1169.533952,0.0,1174.839296,42437.636096
250360.446222,1174.839296,1169.533952,0.0,1174.839296,42437.369856
250462.497531,1174.839296,1169.533952,0.0,1174.839296,42437.517312
250561.424209,1174.839296,1169.533952,0.0,1174.839296,42437.48864
250664.186395,1174.839296,1169.533952,0.0,1174.839296,42437.009408
250765.9668,1174.839296,1169.533952,0.0,1174.839296,42437.517312
250862.799601,1174.839296,1169.533952,0.0,1174.839296,42437.500928
250966.769604,1174.839296,1169.533952,0.0,1174.839296,42437.746688
251069.677876,1174.839296,1169.533952,0.0,1174.839296,42437.730304
251166.437789,1174.839296,1169.533952,0.0,1174.839296,42437.71392
251269.614972,1174.839296,1169.533952,0.0,1174.839296,42437.697536
251372.014137,1174.839296,1169.533952,0.0,1174.839296,42437.681152
251468.517086,1174.839296,1169.533952,0.0,1174.839296,42437.664768
251571.082931,1174.839296,1169.533952,0.0,1174.839296,42437.648384
251672.686234,1174.839296,1169.533952,0.0,1174.839296,42437.632
251770.922641,1174.839296,1169.533952,0.0,1174.839296,42437.615616
251870.521494,1174.839296,1169.533952,0.0,1174.839296,42437.599232
251972.836177,1174.839296,1169.533952,0.0,1174.839296,42437.844992
252072.133803,1174.839296,1169.533952,0.0,1174.839296,42437.828608
252171.998607,1174.839296,1169.533952,0.0,1174.839296,42437.812224
252270.499004,1174.839296,1169.533952,0.0,1174.839296,42437.799936
252367.27464,1174.839296,1169.533952,0.0,1174.839296,42438.045696
252466.38314,1174.839296,1169.533952,0.0,1174.839296,42437.763072
252566.116534,1174.839296,1169.533952,0.0,1174.839296,42437.369856
252665.727347,1174.839296,1169.533952,0.0,1174.839296,42437.353472
252763.744095,1174.839296,1169.533952,0.0,1174.839296,42437.066752
252860.435259,1174.839296,1169.533952,0.0,1174.839296,42437.050368
252960.78063,1174.839296,1169.533952,0.0,1174.839296,42436.77184
253065.340618,1174.839296,1169.533952,0.0,1174.839296,42437.0176
253166.495774,1174.839296,1169.533952,0.0,1174.839296,42436.743168
253268.775111,1174.839296,1169.533952,0.0,1174.839296,42436.988928
253369.301505,1174.839296,1169.533952,0.0,1174.839296,42437.230592
253471.819859,1174.839296,1169.533952,0.0,1174.839296,42437.214208
253572.935734,1174.839296,1169.533952,0.0,1174.839296,42437.197824
253680.629145,1174.839296,1169.533952,0.0,1174.839296,42437.091328
253779.259469,1174.839296,1169.533952,0.0,1174.839296,42437.074944
253880.28165,1174.839296,1169.533952,0.0,1174.839296,42436.800512
253984.920622,1174.839296,1169.533952,0.0,1174.839296,42437.046272
254081.577793,1179.598848,1174.293504,0.0,1179.598848,42442.256384
254180.944318,1179.598848,1174.293504,0.0,1179.598848,42441.986048
254280.426731,1179.598848,1174.293504,0.0,1179.598848,42441.977856
254384.183081,1179.598848,1174.283264,0.0,1179.598848,42441.715712
254481.265305,1179.598848,1174.293504,0.0,1179.598848,42441.699328
254582.733054,1179.598848,1174.293504,0.0,1179.598848,42441.682944
254682.499624,1179.598848,1174.29248,0.0,1179.598848,42441.928704
254782.578911,1179.598848,1174.293504,0.0,1179.598848,42441.91232
254881.542753,1179.598848,1174.293504,0.0,1179.598848,42441.637888
254981.274474,1179.598848,1174.293504,0.0,1179.598848,42441.883648
255080.564371,1179.598848,1174.293504,0.0,1179.598848,42441.64608
255179.23004,1179.598848,1174.293504,0.0,1179.598848,42441.629696
255278.074014,1179.598848,1174.293504,0.0,1179.598848,42441.875456
255377.668961,1179.598848,1174.293504,0.0,1179.598848,42441.859072
255480.191582,1179.598848,1174.293504,0.0,1179.598848,42441.842688
255579.612935,1179.598848,1174.293504,0.0,1179.598848,42441.826304
255679.228879,1179.598848,1174.293504,0.0,1179.598848,42441.80992
255777.82866,1179.598848,1174.293504,0.0,1179.598848,42441.793536
255875.547785,1179.598848,1174.293504,0.0,1179.598848,42441.70752
255974.094538,1179.598848,1174.293504,0.0,1179.598848,42441.95328
256073.703667,1179.598848,1174.293504,0.0,1179.598848,42441.936896
256173.291,1179.598848,1174.293504,0.0,1179.598848,42442.182656
256271.580639,1179.598848,1174.293504,0.0,1179.598848,42442.166272
256367.986189,1179.598848,1174.293504,0.0,1179.598848,42441.887744
256466.712503,1179.598848,1174.293504,0.0,1179.598848,42441.87136
256566.735461,1179.598848,1174.293504,0.0,1179.598848,42441.854976
256665.370942,1179.598848,1174.293504,0.0,1179.598848,42441.838592
256761.340447,1179.598848,1174.293504,0.0,1179.598848,42441.822208
256860.26167,1179.598848,1174.293504,0.0,1179.598848,42441.805824
256959.841201,1179.598848,1174.293504,0.0,1179.598848,42441.535488
257061.036672,1179.598848,1174.293504,0.0,1179.598848,42441.515008
257161.076421,1179.598848,1174.293504,0.0,1179.598848,42441.498624
257259.551764,1179.598848,1174.293504,0.0,1179.598848,42441.48224
257357.147901,1179.598848,1174.293504,0.0,1179.598848,42441.723904
257455.75699,1179.598848,1174.293504,0.0,1179.598848,42441.70752
257555.490735,1179.598848,1174.293504,0.0,1179.598848,42441.691136
257662.572728,1179.598848,1174.293504,0.0,1179.598848,42441.66656
257762.180752,1179.598848,1174.293504,0.0,1179.598848,42441.91232
257866.647895,1179.598848,1174.293504,0.0,1179.598848,42441.895936
257973.286624,1179.598848,1174.293504,0.0,1179.598848,42442.133504
258074.731083,1179.598848,1174.293504,0.0,1179.598848,42442.11712
258175.483518,1179.598848,1174.293504,0.0,1179.598848,42441.613312
258281.783613,1179.598848,1174.293504,0.0,1179.598848,42441.576448
258388.240187,1179.598848,1174.293504,0.0,1179.598848,42441.822208
258488.348481,1179.598848,1174.293504,0.0,1179.598848,42441.805824
258590.917627,1179.598848,1174.293504,0.0,1179.598848,42441.78944
258693.58064,1184.804864,1179.49952,0.0,1184.804864,42447.261696
258793.079039,1184.804864,1179.49952,0.0,1184.804864,42447.245312
258891.621726,1184.804864,1179.49952,0.0,1184.804864,42446.811136
258990.814196,1184.804864,1179.49952,0.0,1184.804864,42446.802944
259086.804479,1184.804864,1179.49952,0.0,1184.804864,42446.790656
259187.733031,1184.804864,1179.49952,0.0,1184.804864,42447.036416
259287.1003,1184.804864,1179.49952,0.0,1184.804864,42447.015936
259386.36082,1184.804864,1179.49952,0.0,1184.804864,42446.999552
259483.63167,1184.804864,1179.49952,0.0,1184.804864,42447.159296
259580.27203,1184.804864,1179.49952,0.0,1184.804864,42446.987264
259679.469275,1184.804864,1179.49952,0.0,1184.804864,42446.974976
259778.763312,1184.804864,1179.49952,0.0,1184.804864,42446.966784
259875.584028,1184.804864,1179.49952,0.0,1184.804864,42447.21664
259973.62876,1184.804864,1179.49952,0.0,1184.804864,42446.852096
260073.942604,1184.804864,1179.49952,0.0,1184.804864,42446.389248
260172.316669,1184.804864,1179.49952,0.0,1184.804864,42446.082048
260270.983823,1184.804864,1179.498496,0.0,1184.804864,42446.036992
260367.550991,1184.804864,1179.49952,0.0,1184.804864,42446.536704
260468.571509,1184.804864,1179.49952,0.0,1184.804864,42446.299136
260567.679851,1184.804864,1179.49952,0.0,1184.804864,42446.282752
260666.79427,1184.804864,1179.49952,0.0,1184.804864,42446.266368
260764.561777,1184.804864,1179.49952,0.0,1184.804864,42446.249984
260860.916075,1184.804864,1179.49952,0.0,1184.804864,42446.2336
260960.281558,1184.804864,1179.49952,0.0,1184.804864,42445.959168
261062.116223,1184.804864,1179.49952,0.0,1184.804864,42446.204928
261161.06774,1184.804864,1179.49952,0.0,1184.804864,42446.450688
261263.081981,1184.804864,1179.49952,0.0,1184.804864,42446.434304
261371.100969,1184.804864,1179.49952,0.0,1184.804864,42446.422016
261474.414798,1184.804864,1179.49952,0.0,1184.804864,42446.405632
261579.378276,1184.804864,1179.49952,0.0,1184.804864,42446.6432
261682.535606,1184.804864,1179.49952,0.0,1184.804864,42446.913536
261786.147942,1184.804864,1179.49952,0.0,1184.804864,42446.696448
261891.884914,1184.804864,1179.49952,0.0,1184.804864,42446.9504
261993.020193,1184.804864,1179.49952,0.0,1184.804864,42447.19616
262095.311962,1184.804864,1179.49952,0.0,1184.804864,42446.942208
262204.099917,1184.804864,1179.49952,0.0,1184.804864,42446.422016
262300.27722,1184.80896,1179.503616,0.0,1184.80896,42446.307328
262400.250748,1184.80896,1179.503616,0.0,1184.80896,42446.27456
262499.102795,1184.80896,1179.503616,0.0,1184.80896,42446.258176
262595.577734,1184.80896,1179.503616,0.0,1184.80896,42446.241792
262693.381887,1184.80896,1179.503616,0.0,1184.80896,42445.950976
262795.525895,1184.80896,1179.503616,0.0,1184.80896,42445.934592
262895.395818,1184.80896,1179.503616,0.0,1184.80896,42445.70112
262996.77024,1184.80896,1179.503616,0.0,1184.80896,42445.94688
263096.301243,1184.80896,1179.503616,0.0,1184.80896,42446.188544
263196.317217,1184.80896,1179.503616,0.0,1184.80896,42446.17216
263295.323853,1184.80896,1179.503616,0.0,1184.80896,42446.41792
263392.593073,1184.80896,1179.503616,0.0,1184.80896,42445.889536
263491.39326,1184.80896,1179.503616,0.0,1184.80896,42447.126528
263593.448027,1184.80896,1179.503616,0.0,1184.80896,42448.969728
263689.472866,1184.80896,1179.503616,0.0,1184.80896,42448.0768
263787.360283,1184.80896,1179.503616,0.0,1184.80896,42447.777792
263883.525891,1184.80896,1179.503616,0.0,1184.80896,42447.740928
263985.756768,1184.80896,1179.503616,0.0,1184.80896,42447.351808
264084.754243,1184.80896,1179.503616,0.0,1184.80896,42447.335424
264183.834228,1184.80896,1179.503616,0.0,1184.80896,42447.581184
264287.65737,1184.80896,1179.503616,0.0,1184.80896,42447.638528
264386.597286,1184.80896,1179.503616,0.0,1184.80896,42447.622144
264488.174604,1184.80896,1179.503616,0.0,1184.80896,42447.60576
264587.89222,1184.80896,1179.503616,0.0,1184.80896,42447.5648
264687.623258,1184.80896,1179.503616,0.0,1184.80896,42447.785984
264786.671746,1184.80896,1179.503616,0.0,1184.80896,42447.757312
264886.539846,1184.80896,1179.503616,0.0,1184.80896,42447.548416
264985.574535,1184.80896,1179.503616,0.0,1184.80896,42447.532032
265086.673278,1184.80896,1179.503616,0.0,1184.80896,42447.515648
265194.91677,1184.80896,1179.503616,0.0,1184.80896,42447.962112
265296.2687,1184.80896,1179.503616,0.0,1184.80896,42447.9744
265397.97228,1184.80896,1179.503616,0.0,1184.80896,42447.60576
265501.633955,1184.80896,1179.503616,0.0,1184.80896,42447.589376
265601.435463,1184.80896,1179.503616,0.0,1184.80896,42447.364096
265704.564309,1184.80896,1179.503616,0.0,1184.80896,42447.347712
265805.405539,1184.80896,1179.503616,0.0,1184.80896,42447.331328
265908.06991,1184.80896,1179.503616,0.0,1184.80896,42447.314944
266010.051379,1184.80896,1179.503616,0.0,1184.80896,42447.294464
266113.029526,1184.80896,1179.503616,0.0,1184.80896,42447.52384
266210.092844,1189.101568,1183.796224,0.0,1189.101568,42451.910656
266309.751818,1189.101568,1183.796224,0.0,1189.101568,42451.894272
266410.379893,1189.101568,1183.796224,0.0,1189.101568,42452.140032
266509.027906,1189.101568,1183.796224,0.0,1189.101568,42452.123648
266604.819836,1189.101568,1183.796224,0.0,1189.101568,42451.984384
266703.631544,1189.101568,1183.796224,0.0,1189.101568,42451.968
266803.387744,1189.101568,1183.796224,0.0,1189.101568,42451.951616
266902.17303,1189.101568,1183.796224,0.0,1189.101568,42451.935232
266998.640062,1189.101568,1183.796224,0.0,1189.101568,42451.918848
267095.505854,1189.101568,1183.796224,0.0,1189.101568,42451.902464
267194.470339,1189.101568,1183.796224,0.0,1189.101568,42451.88608
267291.068488,1189.101568,1183.796224,0.0,1189.101568,42451.869696
267390.000617,1189.101568,1183.796224,0.0,1189.101568,42451.853312
267489.535697,1189.101568,1183.796224,0.0,1189.101568,42449.829888
267591.516727,1189.101568,1183.796224,0.0,1189.101568,42449.563648
267690.607093,1189.101568,1183.796224,0.0,1189.101568,42449.42848
267790.140181,1189.101568,1183.796224,0.0,1189.101568,42449.408
267888.760833,1189.101568,1183.796224,0.0,1189.101568,42449.32608
267987.478607,1189.101568,1183.796224,0.0,1189.101568,42449.567744
268084.313256,1189.101568,1183.796224,0.0,1189.101568,42449.55136
268184.297636,1189.101568,1183.796224,0.0,1189.101568,42449.534976
268285.2414,1189.101568,1183.796224,0.0,1189.101568,42449.457152
268384.045935,1189.101568,1183.796224,0.0,1189.101568,42449.440768
268480.408399,1189.101568,1183.796224,0.0,1189.101568,42449.424384
268577.577012,1189.101568,1183.796224,0.0,1189.101568,42449.408
268676.517588,1189.101568,1183.796224,0.0,1189.101568,42449.391616
268773.264043,1189.101568,1183.796224,0.0,1189.101568,42449.375232
268873.386892,1189.101568,1183.796224,0.0,1189.101568,42449.358848
268982.490227,1189.101568,1183.796224,0.0,1189.101568,42449.34656
269085.720538,1189.101568,1183.796224,0.0,1189.101568,42449.330176
269186.894463,1189.101568,1183.796224,0.0,1189.101568,42449.313792
269290.125257,1189.101568,1183.796224,0.0,1189.101568,42449.297408
269389.502649,1189.101568,1183.796224,0.0,1189.101568,42449.281024
269494.86747,1189.101568,1183.796224,0.0,1189.101568,42449.26464
269596.414192,1189.101568,1183.796224,0.0,1189.101568,42449.5104
269700.567074,1189.101568,1183.796224,0.0,1189.101568,42449.494016
269800.016281,1189.101568,1183.796224,0.0,1189.101568,42449.477632
269899.319613,1193.201664,1187.89632,0.0,1193.201664,42453.901312
269999.735748,1193.201664,1187.89632,0.0,1193.201664,42454.052864
270101.309264,1193.201664,1187.89632,0.0,1193.201664,42454.03648
270200.901835,1193.201664,1187.89632,0.0,1193.201664,42453.89312
270304.321742,1193.201664,1187.89632,0.0,1193.201664,42453.741568
270403.28272,1193.201664,1187.89632,0.0,1193.201664,42453.725184
270506.049059,1193.201664,1187.89632,0.0,1193.201664,42453.639168
270605.074062,1193.201664,1187.89632,0.0,1193.201664,42453.868544
270704.402356,1193.201664,1187.89632,0.0,1193.201664,42453.85216
270803.735219,1193.201664,1187.89632,0.0,1193.201664,42453.835776
270904.107276,1193.201664,1187.89632,0.0,1193.201664,42453.815296
271001.535474,1193.201664,1187.89632,0.0,1193.201664,42454.040576
271098.043,1193.201664,1187.89632,0.0,1193.201664,42454.024192
271197.405097,1193.201664,1187.89632,0.0,1193.201664,42454.007808
271296.576913,1193.201664,1187.89632,0.0,1193.201664,42453.991424
271393.529964,1193.201664,1187.89632,0.0,1193.201664,42453.97504
271491.886158,1193.201664,1187.89632,0.0,1193.201664,42453.958656
271591.569587,1193.201664,1187.89632,0.0,1193.201664,42453.942272
271691.005191,1193.201664,1187.89632,0.0,1193.201664,42453.921792
271789.577648,1193.201664,1187.89632,0.0,1193.201664,42453.905408
271885.56534,1193.201664,1187.89632,0.0,1193.201664,42453.889024
271984.734055,1193.201664,1187.89632,0.0,1193.201664,42453.876736
272084.337549,1193.201664,1187.89632,0.0,1193.201664,42453.598208
272183.918762,1193.201664,1187.89632,0.0,1193.201664,42453.594112
272282.345158,1193.201664,1187.89632,0.0,1193.201664,42453.508096
272378.662185,1193.201664,1187.89632,0.0,1193.201664,42453.74976
272478.13717,1193.201664,1187.89632,0.0,1193.201664,42453.733376
272577.896856,1193.201664,1187.89632,0.0,1193.201664,42453.716992
272676.557888,1193.201664,1187.89632,0.0,1193.201664,42453.700608
272775.453449,1193.201664,1187.89632,0.0,1193.201664,42453.684224
272877.401742,1193.201664,1187.89632,0.0,1193.201664,42453.856256
272980.279838,1193.201664,1187.89632,0.0,1193.201664,42453.577728
273084.216889,1193.201664,1187.89632,0.0,1193.201664,42453.56544
273190.405054,1193.201664,1187.89632,0.0,1193.201664,42453.794816
273290.907678,1193.201664,1187.89632,0.0,1193.201664,42453.581824
273394.900277,1193.201664,1187.89632,0.0,1193.201664,42453.577728
273497.286875,1193.201664,1187.89632,0.0,1193.201664,42453.553152
273602.095848,1193.201664,1187.89632,0.0,1193.201664,42453.536768
273701.413546,1193.201664,1187.89632,0.0,1193.201664,42453.225472
273800.239259,1197.54752,1192.242176,0.0,1197.54752,42458.710016
273899.892649,1197.54752,1192.242176,0.0,1197.54752,42458.697728
273999.680106,1197.54752,1192.242176,0.0,1197.54752,42458.144768
274103.240643,1197.54752,1192.242176,0.0,1197.54752,42457.862144
274202.65552,1197.54752,1192.242176,0.0,1197.54752,42457.870336
274302.56963,1197.54752,1192.242176,0.0,1197.54752,42457.43616
274402.419909,1197.54752,1192.242176,0.0,1197.54752,42457.427968
274501.722677,1197.54752,1192.242176,0.0,1197.54752,42457.153536
274602.707562,1197.54752,1192.242176,0.0,1197.54752,42457.124864
274700.558244,1197.54752,1192.242176,0.0,1197.54752,42457.10848
274797.260227,1197.54752,1192.242176,0.0,1197.54752,42457.079808
274896.887923,1197.54752,1192.242176,0.0,1197.54752,42457.051136
275000.14387,1197.54752,1192.242176,0.0,1197.54752,42457.550848
275102.480271,1197.54752,1192.242176,0.0,1197.54752,42457.4976
275200.329801,1197.54752,1192.242176,0.0,1197.54752,42457.718784
275301.078821,1197.54752,1192.242176,0.0,1197.54752,42457.305088
275406.189978,1197.54752,1192.241152,0.0,1197.54752,42457.526272
275504.900381,1197.54752,1192.242176,0.0,1197.54752,42457.493504
275601.596123,1197.54752,1192.242176,0.0,1197.54752,42457.739264
275700.155107,1197.54752,1192.240128,0.0,1197.54752,42457.460736
275796.81688,1197.54752,1192.242176,0.0,1197.54752,42457.444352
275895.873636,1197.54752,1192.242176,0.0,1197.54752,42457.427968
275999.454704,1197.54752,1192.242176,0.0,1197.54752,42457.427968
276098.40401,1197.54752,1192.242176,0.0,1197.54752,42457.407488
276197.242394,1197.54752,1192.242176,0.0,1197.54752,42457.583616
276299.091156,1197.54752,1192.242176,0.0,1197.54752,42457.473024
276398.551598,1197.54752,1192.242176,0.0,1197.54752,42457.182208
276498.491201,1197.54752,1192.242176,0.0,1197.54752,42457.161728
276597.637563,1197.54752,1192.242176,0.0,1197.54752,42457.1904
276697.840455,1197.54752,1192.242176,0.0,1197.54752,42457.43616
276793.653026,1197.54752,1192.242176,0.0,1197.54752,42457.419776
276892.990234,1197.54752,1192.242176,0.0,1197.54752,42457.653248
276995.583001,1197.54752,1192.242176,0.0,1197.54752,42457.3952
277096.966752,1197.54752,1192.242176,0.0,1197.54752,42457.378816
277199.514336,1197.54752,1192.242176,0.0,1197.54752,42457.362432
277304.072772,1197.54752,1192.242176,0.0,1197.54752,42457.346048
277407.503309,1197.54752,1192.242176,0.0,1197.54752,42457.329664
277511.597764,1197.54752,1192.242176,0.0,1197.54752,42457.051136
277614.952021,1197.54752,1192.242176,0.0,1197.54752,42457.296896
277717.848997,1197.54752,1192.242176,0.0,1197.54752,42457.542656
277821.852227,1197.54752,1192.242176,0.0,1197.54752,42457.526272
277927.710162,1197.54752,1192.242176,0.0,1197.54752,42457.509888
278030.598625,1197.54752,1192.242176,0.0,1197.54752,42457.755648
278136.267324,1197.54752,1192.242176,0.0,1197.54752,42457.882624
278233.471321,1202.429952,1197.124608,0.0,1202.429952,42463.35488
278333.195429,1202.429952,1197.124608,0.0,1202.429952,42463.60064
278432.574407,1202.429952,1197.124608,0.0,1202.429952,42463.289344
278530.661579,1202.429952,1197.124608,0.0,1202.429952,42463.031296
278635.538726,1202.429952,1197.124608,0.0,1202.429952,42462.490624
278737.214036,1202.429952,1197.124608,0.0,1202.429952,42462.736384
278836.811559,1202.429952,1197.124608,0.0,1202.429952,42462.72
278936.394862,1202.429952,1197.124608,0.0,1202.429952,42462.711808
279037.3032,1202.429952,1197.124608,0.0,1202.429952,42462.695424
279135.500975,1202.429952,1197.124608,0.0,1202.429952,42462.67904
279234.798729,1202.429952,1197.124608,0.0,1202.429952,42462.662656
279331.64694,1202.429952,1197.124608,0.0,1202.429952,42462.646272
279431.479611,1202.429952,1197.124608,0.0,1202.429952,42462.625792
279533.523265,1202.429952,1197.124608,0.0,1202.429952,42462.609408
279633.255631,1202.429952,1197.124608,0.0,1202.429952,42462.593024
279737.380419,1202.429952,1197.124608,0.0,1202.429952,42462.314496
279834.789768,1202.429952,1197.124608,0.0,1202.429952,42462.298112
279934.945834,1202.429952,1197.124608,0.0,1202.429952,42462.543872
280036.879134,1202.429952,1197.124608,0.0,1202.429952,42462.527488
280136.468825,1202.429952,1197.124608,0.0,1202.429952,42462.511104
280235.687642,1202.429952,1197.124608,0.0,1202.429952,42462.756864
280333.004374,1202.429952,1197.124608,0.0,1202.429952,42462.74048
280429.752978,1202.429952,1197.124608,0.0,1202.429952,42462.724096
280529.495498,1202.429952,1197.124608,0.0,1202.429952,42462.707712
280628.579084,1202.429952,1197.124608,0.0,1202.429952,42462.691328
280728.995283,1202.429952,1197.124608,0.0,1202.429952,42462.937088
280825.626378,1202.429952,1197.124608,0.0,1202.429952,42462.920704
280925.757383,1202.429952,1197.124608,0.0,1202.429952,42462.646272
281024.957146,1202.429952,1197.124608,0.0,1202.429952,42462.629888
281126.360077,1202.429952,1197.124608,0.0,1202.429952,42462.613504
281227.854145,1202.429952,1197.124608,0.0,1202.429952,42462.859264
281333.279864,1202.429952,1197.124608,0.0,1202.429952,42462.84288
281433.249398,1202.429952,1197.124608,0.0,1202.429952,42462.826496
281536.674149,1202.429952,1197.124608,0.0,1202.429952,42463.072256
281638.655876,1202.429952,1197.124608,0.0,1202.429952,42463.055872
281744.615218,1202.429952,1197.124608,0.0,1202.429952,42463.039488
281845.412826,1202.429952,1197.124608,0.0,1202.429952,42463.023104
281946.447918,1202.429952,1197.124608,0.0,1202.429952,42463.00672
282052.280864,1202.429952,1197.124608,0.0,1202.429952,42463.25248
282155.639051,1202.429952,1197.124608,0.0,1202.429952,42463.236096
282259.247128,1202.429952,1197.124608,0.0,1202.429952,42463.469568
282357.655616,1207.021568,1201.716224,0.0,1207.021568,42468.67968
282456.636757,1207.021568,1201.716224,0.0,1207.021568,42468.1472
282556.007254,1207.021568,1201.716224,0.0,1207.021568,42468.12672
282655.735855,1207.021568,1201.716224,0.0,1207.021568,42468.110336
282762.20189,1207.021568,1201.716224,0.0,1207.021568,42467.848192
282859.091864,1207.021568,1201.716224,0.0,1207.021568,42467.831808
282960.801143,1207.021568,1201.716224,0.0,1207.021568,42467.811328
283062.410499,1207.021568,1201.716224,0.0,1207.021568,42467.794944
283159.933912,1207.021568,1201.716224,0.0,1207.021568,42467.274752
283259.810443,1207.021568,1201.716224,0.0,1207.021568,42467.258368
283359.276564,1207.021568,1201.716224,0.0,1207.021568,42467.237888
283462.198189,1207.021568,1201.716224,0.0,1207.021568,42467.221504
283562.23361,1207.021568,1201.716224,0.0,1207.021568,42466.95936
283661.684308,1207.021568,1201.716224,0.0,1207.021568,42466.942976
283762.711829,1207.021568,1201.716224,0.0,1207.021568,42467.192832
283860.809695,1207.021568,1201.716224,0.0,1207.021568,42467.176448
283962.918538,1207.021568,1201.716224,0.0,1207.021568,42467.160064
284059.74955,1207.021568,1201.716224,0.0,1207.021568,42467.14368
284157.045693,1207.021568,1201.716224,0.0,1207.021568,42467.127296
284256.507977,1207.021568,1201.716224,0.0,1207.021568,42467.110912
284361.051447,1207.021568,1201.716224,0.0,1207.021568,42469.92896
284460.208166,1207.021568,1201.716224,0.0,1207.021568,42470.080512
284562.74791,1207.021568,1201.716224,0.0,1207.021568,42469.306368
284664.843094,1207.021568,1201.716224,0.0,1207.021568,42469.220352
284764.592976,1207.021568,1201.716224,0.0,1207.021568,42469.265408
284862.453607,1207.021568,1201.716224,0.0,1207.021568,42469.249024
284964.717155,1207.021568,1201.716224,0.0,1207.021568,42468.974592
285072.731877,1207.021568,1201.716224,0.0,1207.021568,42468.954112
285177.828148,1207.021568,1201.716224,0.0,1207.021568,42468.937728
285283.056237,1207.021568,1201.716224,0.0,1207.021568,42469.175296
285387.501749,1207.021568,1201.716224,0.0,1207.021568,42469.1712
285494.299016,1207.021568,1201.716224,0.0,1207.021568,42469.154816
285601.89249,1207.021568,1201.716224,0.0,1207.021568,42468.868096
285708.562092,1207.021568,1201.716224,0.0,1207.021568,42469.113856
285814.885053,1207.021568,1201.716224,0.0,1207.021568,42469.101568
285918.673091,1207.021568,1201.716224,0.0,1207.021568,42469.347328
286042.700458,1207.021568,1201.716224,0.0,1207.021568,42469.838848
286145.73672,1207.02976,1201.724416,0.0,1207.02976,42469.822464
286243.706851,1207.02976,1201.724416,0.0,1207.02976,42469.646336
286345.217062,1207.02976,1201.724416,0.0,1207.02976,42469.629952
286446.52218,1207.02976,1201.724416,0.0,1207.02976,42469.613568
286546.092065,1207.02976,1201.724416,0.0,1207.02976,42469.597184
286645.847317,1207.02976,1201.724416,0.0,1207.02976,42469.085184
286752.008756,1207.02976,1201.724416,0.0,1207.02976,42469.318656
286852.265005,1207.02976,1201.724416,0.0,1207.02976,42469.302272
286955.282108,1207.02976,1201.724416,0.0,1207.02976,42469.02784
287054.965819,1207.02976,1201.724416,0.0,1207.02976,42469.2736
287151.494198,1207.02976,1201.724416,0.0,1207.02976,42468.995072
287250.947044,1207.02976,1201.724416,0.0,1207.02976,42468.978688
287350.68309,1207.02976,1201.724416,0.0,1207.02976,42468.962304
287454.509443,1207.02976,1201.724416,0.0,1207.02976,42468.94592
287553.818248,1207.02976,1201.724416,0.0,1207.02976,42469.19168
287653.574217,1207.02976,1201.724416,0.0,1207.02976,42469.175296
287759.320987,1207.02976,1201.724416,0.0,1207.02976,42469.41696
287856.829342,1207.02976,1201.724416,0.0,1207.02976,42469.400576
287959.569935,1207.02976,1201.724416,0.0,1207.02976,42468.769792
288062.07692,1207.02976,1201.724416,0.0,1207.02976,42469.015552
288159.699299,1207.02976,1201.724416,0.0,1207.02976,42468.999168
288260.236105,1207.02976,1201.724416,0.0,1207.02976,42468.982784
288361.894158,1207.02976,1201.723392,0.0,1207.02976,42468.487168
288461.16706,1207.02976,1201.724416,0.0,1207.02976,42468.470784
288560.622627,1207.02976,1201.724416,0.0,1207.02976,42468.716544
288660.270043,1207.02976,1201.724416,0.0,1207.02976,42468.70016
288768.426235,1207.02976,1201.724416,0.0,1207.02976,42468.683776
288865.357213,1207.02976,1201.724416,0.0,1207.02976,42468.667392
288966.334951,1207.02976,1201.724416,0.0,1207.02976,42468.651008
289071.980732,1207.02976,1201.724416,0.0,1207.02976,42469.158912
289172.175724,1207.02976,1201.724416,0.0,1207.02976,42468.88448
289276.527924,1207.02976,1201.724416,0.0,1207.02976,42468.868096
289381.755713,1207.02976,1201.724416,0.0,1207.02976,42468.851712
289483.792279,1207.02976,1201.724416,0.0,1207.02976,42468.835328
289589.728083,1207.02976,1201.724416,0.0,1207.02976,42468.818944
289692.490831,1207.02976,1201.724416,0.0,1207.02976,42468.80256
289797.521775,1207.02976,1201.724416,0.0,1207.02976,42469.04832
289898.361397,1207.02976,1201.724416,0.0,1207.02976,42469.031936
290001.505683,1207.02976,1201.724416,0.0,1207.02976,42469.2736
290119.42399,1207.02976,1201.724416,0.0,1207.02976,42468.9664
290222.694234,1211.498496,1206.193152,0.0,1211.498496,42473.934848
290322.772096,1211.498496,1206.193152,0.0,1211.498496,42473.918464
290422.116098,1211.498496,1206.193152,0.0,1211.498496,42473.90208
290519.882259,1211.498496,1206.193152,0.0,1211.498496,42473.885696
290616.082287,1211.498496,1206.193152,0.0,1211.498496,42473.099264
290715.983443,1211.498496,1206.193152,0.0,1211.498496,42473.332736
290811.356564,1211.498496,1206.193152,0.0,1211.498496,42473.578496
290908.376012,1211.498496,1206.193152,0.0,1211.498496,42473.304064
291008.514175,1211.498496,1206.193152,0.0,1211.498496,42473.549824
291110.839246,1211.498496,1206.193152,0.0,1211.498496,42473.271296
291212.277313,1211.498496,1206.193152,0.0,1211.498496,42473.517056
291311.508419,1211.498496,1206.193152,0.0,1211.498496,42473.500672
291410.964431,1211.498496,1206.193152,0.0,1211.498496,42473.484288
291514.289605,1211.498496,1206.193152,0.0,1211.498496,42473.467904
291613.452609,1211.498496,1206.193152,0.0,1211.498496,42472.992768
291716.6365,1211.498496,1206.193152,0.0,1211.498496,42472.710144
291814.933716,1211.498496,1206.193152,0.0,1211.498496,42472.96
291916.636569,1211.498496,1206.193152,0.0,1211.498496,42472.677376
292018.324347,1211.498496,1206.193152,0.0,1211.498496,42472.923136
292119.851894,1211.498496,1206.193152,0.0,1211.498496,42472.906752
292218.672221,1211.498496,1206.193152,0.0,1211.498496,42473.152512
292320.11429,1211.498496,1206.193152,0.0,1211.498496,42473.136128
292421.329499,1211.498496,1206.193152,0.0,1211.498496,42473.119744
292523.216723,1211.498496,1206.193152,0.0,1211.498496,42473.136128
292621.957423,1211.498496,1206.193152,0.0,1211.498496,42473.119744
292723.32883,1211.498496,1206.193152,0.0,1211.498496,42473.10336
292825.891663,1211.498496,1206.193152,0.0,1211.498496,42473.353216
292928.595078,1211.498496,1206.193152,0.0,1211.498496,42473.070592
293025.235043,1211.498496,1206.193152,0.0,1211.498496,42473.316352
293127.831011,1211.498496,1206.193152,0.0,1211.498496,42473.04192
293224.338094,1211.498496,1206.193152,0.0,1211.498496,42473.025536
293327.558196,1211.498496,1206.193152,0.0,1211.498496,42473.009152
293429.721403,1211.498496,1206.193152,0.0,1211.498496,42472.730624
293535.316751,1211.498496,1206.193152,0.0,1211.498496,42472.6528
293635.71098,1211.498496,1206.193152,0.0,1211.498496,42472.636416
293740.923141,1211.498496,1206.193152,0.0,1211.498496,42472.882176
293843.037166,1211.498496,1206.193152,0.0,1211.498496,42473.127936
293943.746294,1211.498496,1206.193152,0.0,1211.498496,42472.8576
294050.797099,1211.498496,1206.193152,0.0,1211.498496,42473.107456
294152.847178,1211.498496,1206.193152,0.0,1211.498496,42473.34912
294257.469969,1211.498496,1206.193152,0.0,1211.498496,42473.332736
294362.721204,1211.498496,1206.193152,0.0,1211.498496,42475.442176
294461.40585,1216.212992,1210.907648,0.0,1216.212992,42479.976448
294561.684367,1216.212992,1210.907648,0.0,1216.212992,42480.201728
294658.860526,1216.212992,1210.907648,0.0,1216.212992,42479.77984
294758.148573,1216.212992,1210.907648,0.0,1216.212992,42479.763456
294853.700593,1216.212992,1210.907648,0.0,1216.212992,42479.706112
294956.596282,1216.212992,1210.907648,0.0,1216.212992,42479.689728
295057.402271,1216.212992,1210.907648,0.0,1216.212992,42479.681536
295155.090267,1216.212992,1210.907648,0.0,1216.212992,42479.669248
295253.498267,1216.212992,1210.907648,0.0,1216.212992,42479.652864
295352.897779,1216.212992,1210.907648,0.0,1216.212992,42479.640576
295454.931592,1216.212992,1210.907648,0.0,1216.212992,42479.28832
295554.294104,1216.212992,1210.907648,0.0,1216.212992,42479.276032
295654.130957,1216.212992,1210.907648,0.0,1216.212992,42479.374336
295754.251826,1216.212992,1210.907648,0.0,1216.212992,42479.345664
295858.776668,1216.212992,1210.907648,0.0,1216.212992,42478.333952
295960.631671,1216.212992,1210.907648,0.0,1216.212992,42478.317568
296059.431631,1216.212992,1210.907648,0.0,1216.212992,42478.567424
296157.318057,1216.212992,1210.907648,0.0,1216.212992,42478.813184
296260.124347,1216.212992,1210.907648,0.0,1216.212992,42478.620672
296360.090616,1216.212992,1210.907648,0.0,1216.212992,42478.764032
296463.057421,1216.212992,1210.907648,0.0,1216.212992,42478.751744
296560.807188,1216.212992,1210.907648,0.0,1216.212992,42478.57152
296661.248133,1216.212992,1210.907648,0.0,1216.212992,42478.559232
296761.708126,1216.212992,1210.907648,0.0,1216.212992,42478.813184
296871.171065,1216.212992,1210.907648,0.0,1216.212992,42478.956544
296979.055418,1216.212992,1210.907648,0.0,1216.212992,42478.931968
297081.41855,1216.212992,1210.907648,0.0,1216.212992,42478.915584
297183.275981,1216.212992,1210.907648,0.0,1216.212992,42478.8992
297290.472083,1216.212992,1210.907648,0.0,1216.212992,42478.63296
297392.885801,1216.212992,1210.907648,0.0,1216.212992,42478.87872
297497.177625,1216.212992,1210.907648,0.0,1216.212992,42478.862336
297600.514327,1216.212992,1210.907648,0.0,1216.212992,42478.764032
297704.748139,1216.212992,1210.907648,0.0,1216.212992,42478.747648
297808.428307,1216.212992,1210.907648,0.0,1216.212992,42478.727168
297913.227748,1216.22528,1210.919936,0.0,1216.22528,42479.747072
298011.342406,1216.22528,1210.919936,0.0,1216.22528,42479.734784
298114.416199,1216.22528,1210.919936,0.0,1216.22528,42479.7184
298213.610595,1216.22528,1210.919936,0.0,1216.22528,42479.702016
298313.412907,1216.22528,1210.919936,0.0,1216.22528,42479.685632
298416.13837,1216.22528,1210.919936,0.0,1216.22528,42478.485504
298515.382091,1216.22528,1210.919936,0.0,1216.22528,42478.46912
298615.371208,1216.22528,1210.919936,0.0,1216.22528,42478.690304
298715.602066,1216.22528,1210.919936,0.0,1216.22528,42478.67392
298815.556422,1216.22528,1210.919936,0.0,1216.22528,42478.391296
298917.995414,1216.22528,1210.919936,0.0,1216.22528,42478.383104
299018.525546,1216.22528,1210.919936,0.0,1216.22528,42478.36672
299120.172308,1216.22528,1210.919936,0.0,1216.22528,42478.350336
299225.390513,1216.22528,1210.919936,0.0,1216.22528,42478.333952
299322.261643,1216.22528,1210.919936,0.0,1216.22528,42478.317568
299421.817194,1216.22528,1210.919936,0.0,1216.22528,42478.301184
299522.113044,1216.22528,1210.919936,0.0,1216.22528,42478.2848
299622.32914,1216.22528,1210.919936,0.0,1216.22528,42478.268416
299722.044552,1216.22528,1210.919936,0.0,1216.22528,42478.252032
299823.168573,1216.22528,1210.919936,0.0,1216.22528,42478.231552
299933.343756,1216.22528,1210.919936,0.0,1216.22528,42478.473216
300041.369001,1216.22528,1210.919936,0.0,1216.22528,42478.452736
300147.704031,1216.22528,1210.919936,0.0,1216.22528,42478.706688
300252.092437,1216.22528,1210.917888,0.0,1216.22528,42478.424064
300356.726284,1216.22528,1210.918912,0.0,1216.22528,42478.616576
300458.592287,1216.22528,1210.919936,0.0,1216.22528,42478.075904
300566.49392,1216.22528,1210.916864,0.0,1216.22528,42478.137344
300672.928731,1216.22528,1210.918912,0.0,1216.22528,42478.292992
300773.795922,1216.22528,1210.919936,0.0,1216.22528,42478.358528
300871.838339,1216.22528,1210.919936,0.0,1216.22528,42478.08
300976.760832,1216.22528,1210.908672,0.0,1216.22528,42477.89568
301083.838878,1216.22528,1210.916864,0.0,1216.22528,42477.871104
301185.240465,1216.22528,1210.917888,0.0,1216.22528,42477.850624
301289.205214,1216.22528,1210.919936,0.0,1216.22528,42477.830144
301390.578348,1216.22528,1210.917888,0.0,1216.22528,42478.067712
301492.318564,1216.22528,1210.919936,0.0,1216.22528,42478.047232
301593.769853,1216.22528,1210.919936,0.0,1216.22528,42478.030848
301697.351812,1216.22528,1210.919936,0.0,1216.22528,42478.014464
301802.731975,1216.22528,1210.919936,0.0,1216.22528,42477.99808
301902.392551,1216.22528,1210.919936,0.0,1216.22528,42477.981696
302009.896536,1216.229376,1210.924032,0.0,1216.229376,42480.320512
302131.770024,1220.714496,1215.408128,0.0,1220.714496,42482.921472
302247.300966,1220.714496,1215.408128,0.0,1220.714496,42482.753536
302363.535839,1220.714496,1215.399936,0.0,1220.714496,42482.364416
302481.855826,1220.714496,1215.408128,0.0,1220.714496,42482.352128
302586.619163,1220.714496,1215.409152,0.0,1220.714496,42482.335744
302687.23551,1220.714496,1215.409152,0.0,1220.714496,42482.31936
302787.698319,1220.714496,1215.409152,0.0,1220.714496,42482.29888
302887.872176,1220.714496,1215.409152,0.0,1220.714496,42482.282496
302990.604695,1220.714496,1215.409152,0.0,1220.714496,42482.860032
303090.56584,1220.714496,1215.409152,0.0,1220.714496,42482.843648
303190.436064,1220.714496,1215.409152,0.0,1220.714496,42482.827264
303293.014809,1220.714496,1215.409152,0.0,1220.714496,42482.81088
303392.29215,1220.714496,1215.409152,0.0,1220.714496,42482.761728
303494.674754,1220.714496,1215.409152,0.0,1220.714496,42482.4832
303597.339393,1220.714496,1215.409152,0.0,1220.714496,42482.466816
303694.956878,1220.714496,1215.409152,0.0,1220.714496,42482.450432
303794.955949,1220.714496,1215.409152,0.0,1220.714496,42482.438144
303895.327267,1220.714496,1215.409152,0.0,1220.714496,42482.42176
303995.834782,1220.714496,1215.409152,0.0,1220.714496,42482.66752
304100.24086,1220.714496,1215.409152,0.0,1220.714496,42482.651136
304197.739322,1220.714496,1215.409152,0.0,1220.714496,42482.634752
304300.985501,1220.714496,1215.409152,0.0,1220.714496,42482.618368
304400.572988,1220.714496,1215.409152,0.0,1220.714496,42482.601984
304500.552803,1220.714496,1215.409152,0.0,1220.714496,42482.847744
304603.375458,1220.714496,1215.409152,0.0,1220.714496,42482.827264
304701.064845,1220.714496,1215.409152,0.0,1220.714496,42482.81088
304801.163542,1220.714496,1215.409152,0.0,1220.714496,42482.798592
304901.570741,1220.714496,1215.409152,0.0,1220.714496,42482.782208
305006.326972,1220.714496,1215.409152,0.0,1220.714496,42482.765824
305109.662791,1220.714496,1215.409152,0.0,1220.714496,42482.74944
305211.595846,1220.714496,1215.409152,0.0,1220.714496,42482.9952
305313.102006,1220.714496,1215.409152,0.0,1220.714496,42482.978816
305415.006775,1220.714496,1215.409152,0.0,1220.714496,42482.962432
305520.553384,1220.714496,1215.409152,0.0,1220.714496,42482.946048
305623.677675,1220.714496,1215.409152,0.0,1220.714496,42482.929664
305727.331685,1220.714496,1215.409152,0.0,1220.714496,42482.91328
305833.1171,1220.714496,1215.409152,0.0,1220.714496,42482.896896
305934.990562,1220.714496,1215.409152,0.0,1220.714496,42482.880512
306035.788327,1220.714496,1215.409152,0.0,1220.714496,42484.40832
306139.071178,1225.146368,1219.841024,0.0,1225.146368,42488.324096
306236.430459,1225.146368,1219.841024,0.0,1225.146368,42488.307712
306333.973769,1225.146368,1219.841024,0.0,1225.146368,42488.291328
306434.584733,1225.146368,1219.841024,0.0,1225.146368,42488.274944
306534.926197,1225.146368,1219.841024,0.0,1225.146368,42488.25856
306635.018137,1225.146368,1219.841024,0.0,1225.146368,42488.23808
306735.183102,1225.146368,1219.841024,0.0,1225.146368,42488.221696
306834.242267,1225.146368,1219.841024,0.0,1225.146368,42488.467456
306931.361705,1225.146368,1219.841024,0.0,1225.146368,42488.193024
307029.068062,1225.146368,1219.841024,0.0,1225.146368,42488.438784
307131.838001,1225.146368,1219.841024,0.0,1225.146368,42488.4224
307231.576786,1225.146368,1219.841024,0.0,1225.146368,42488.143872
307331.803457,1225.146368,1219.841024,0.0,1225.146368,42488.127488
307432.085274,1225.146368,1219.841024,0.0,1225.146368,42488.123392
307532.478834,1225.146368,1219.841024,0.0,1225.146368,42488.107008
307634.258612,1225.146368,1219.841024,0.0,1225.146368,42486.554624
307737.960416,1225.146368,1219.838976,0.0,1225.146368,42486.53824
307842.554588,1225.146368,1219.841024,0.0,1225.146368,42486.775808
307941.551056,1225.146368,1219.84,0.0,1225.146368,42486.759424
308038.667787,1225.146368,1219.841024,0.0,1225.146368,42487.00928
308138.351189,1225.146368,1219.841024,0.0,1225.146368,42486.992896
308238.253526,1225.146368,1219.841024,0.0,1225.146368,42486.976512
308338.826196,1225.146368,1219.841024,0.0,1225.146368,42486.960128
308439.07212,1225.146368,1219.841024,0.0,1225.146368,42486.943744
308539.456435,1225.146368,1219.841024,0.0,1225.146368,42486.92736
308640.316666,1225.146368,1219.841024,0.0,1225.146368,42486.910976
308740.624972,1225.146368,1219.841024,0.0,1225.146368,42486.894592
308840.737371,1225.146368,1219.841024,0.0,1225.146368,42486.878208
308940.388674,1225.146368,1219.841024,0.0,1225.146368,42486.59968
309038.680389,1225.146368,1219.841024,0.0,1225.146368,42487.107584
309136.106937,1225.146368,1219.841024,0.0,1225.146368,42487.0912
309236.690155,1225.146368,1219.841024,0.0,1225.146368,42486.812672
309337.140049,1225.146368,1219.841024,0.0,1225.146368,42486.796288
309437.73264,1225.146368,1219.841024,0.0,1225.146368,42487.042048
309540.436791,1225.146368,1219.841024,0.0,1225.146368,42487.025664
309643.504701,1225.146368,1219.841024,0.0,1225.146368,42487.00928
309747.848592,1225.146368,1219.841024,0.0,1225.146368,42486.992896
309851.398361,1225.146368,1219.841024,0.0,1225.146368,42487.238656
309959.510663,1225.146368,1219.841024,0.0,1225.146368,42487.222272
310063.349935,1225.146368,1219.841024,0.0,1225.146368,42487.468032
310168.282284,1225.146368,1219.841024,0.0,1225.146368,42487.713792
310269.540458,1225.146368,1219.841024,0.0,1225.146368,42487.43936
310371.308098,1225.146368,1219.841024,0.0,1225.146368,42487.422976
310476.438029,1225.146368,1219.841024,0.0,1225.146368,42487.136256
310575.032579,1230.135296,1224.829952,0.0,1230.135296,42492.080128
310675.52767,1230.135296,1224.829952,0.0,1230.135296,42492.04736
310775.844688,1230.135296,1224.829952,0.0,1230.135296,42492.022784
310875.930449,1230.135296,1224.829952,0.0,1230.135296,42492.0064
310974.802369,1230.135296,1224.829952,0.0,1230.135296,42491.756544
311071.903926,1230.135296,1224.829952,0.0,1230.135296,42492.264448
311169.938771,1230.135296,1224.829952,0.0,1230.135296,42492.248064
311270.580349,1230.135296,1224.829952,0.0,1230.135296,42492.23168
311371.265251,1230.135296,1224.829952,0.0,1230.135296,42492.215296
311473.847476,1230.135296,1224.829952,0.0,1230.135296,42492.198912
311574.273544,1230.135296,1224.829952,0.0,1230.135296,42492.182528
311674.408359,1230.135296,1224.829952,0.0,1230.135296,42492.162048
311774.794688,1230.135296,1224.829952,0.0,1230.135296,42492.145664
311875.175475,1230.135296,1224.829952,0.0,1230.135296,42492.12928
311975.356343,1230.135296,1224.829952,0.0,1230.135296,42492.112896
312075.983945,1230.135296,1224.829952,0.0,1230.135296,42492.096512
312176.845975,1230.135296,1224.829952,0.0,1230.135296,42492.080128
312277.911734,1230.135296,1224.829952,0.0,1230.135296,42491.547648
312378.671844,1230.135296,1224.829952,0.0,1230.135296,42491.793408
312479.072906,1230.135296,1224.829952,0.0,1230.135296,42491.777024
312579.683974,1230.135296,1224.829952,0.0,1230.135296,42491.76064
312680.312237,1230.135296,1224.829952,0.0,1230.135296,42491.744256
312780.714234,1230.135296,1224.829952,0.0,1230.135296,42491.990016
312881.283973,1230.135296,1224.829952,0.0,1230.135296,42491.973632
312981.119761,1230.135296,1224.829952,0.0,1230.135296,42491.957248
313083.040267,1230.135296,1224.829952,0.0,1230.135296,42491.961344
313185.456127,1230.135296,1224.829952,0.0,1230.135296,42492.207104
313288.93524,1230.135296,1224.829952,0.0,1230.135296,42492.19072
313391.405571,1230.135296,1224.829952,0.0,1230.135296,42492.174336
313488.807645,1230.135296,1224.829952,0.0,1230.135296,42492.157952
313589.432704,1230.135296,1224.829952,0.0,1230.135296,42492.133376
313690.171123,1230.135296,1224.829952,0.0,1230.135296,42491.559936
313792.015557,1230.135296,1224.829952,0.0,1230.135296,42491.8016
313890.376221,1230.135296,1224.829952,0.0,1230.135296,42491.785216
313990.933464,1230.135296,1224.829952,0.0,1230.135296,42491.768832
314091.559859,1230.135296,1224.829952,0.0,1230.135296,42492.014592
314192.323773,1230.135296,1224.829952,0.0,1230.135296,42491.998208
314295.199556,1230.135296,1224.829952,0.0,1230.135296,42491.981824
314401.872276,1230.135296,1224.829952,0.0,1230.135296,42491.691008
314504.867394,1230.135296,1224.829952,0.0,1230.135296,42491.51488
314611.624332,1230.135296,1224.829952,0.0,1230.135296,42491.338752
314712.216498,1230.135296,1224.829952,0.0,1230.135296,42491.322368
314814.603587,1230.135296,1224.829952,0.0,1230.135296,42491.305984
314919.690252,1230.135296,1224.829952,0.0,1230.135296,42491.2896
315023.160499,1230.135296,1224.829952,0.0,1230.135296,42491.142144
315129.211288,1230.135296,1224.829952,0.0,1230.135296,42491.400192
315233.528776,1230.135296,1224.829952,0.0,1230.135296,42491.834368
315337.497929,1230.135296,1224.829952,0.0,1230.135296,42492.071936
315436.960731,1235.562496,1230.257152,0.0,1235.562496,42497.327104
315537.047425,1235.562496,1230.257152,0.0,1235.562496,42497.732608
315634.527692,1235.562496,1230.257152,0.0,1235.562496,42497.511424
315736.418396,1235.562496,1230.257152,0.0,1235.562496,42497.49504
315834.395089,1235.562496,1230.257152,0.0,1235.562496,42497.478656
315937.264886,1235.562496,1230.257152,0.0,1235.562496,42497.462272
316037.15048,1235.562496,1230.257152,0.0,1235.562496,42497.970176
316140.465401,1235.562496,1230.257152,0.0,1235.562496,42497.232896
316240.099518,1235.562496,1230.257152,0.0,1235.562496,42495.524864
316340.096869,1235.562496,1230.257152,0.0,1235.562496,42495.50848
316440.597405,1235.562496,1230.257152,0.0,1235.562496,42495.75424
316542.720864,1235.562496,1230.257152,0.0,1235.562496,42495.737856
316641.169011,1235.562496,1230.257152,0.0,1235.562496,42495.721472
316744.017683,1235.562496,1230.257152,0.0,1235.562496,42495.705088
316842.268368,1235.562496,1230.257152,0.0,1235.562496,42495.688704
316945.349768,1235.562496,1230.257152,0.0,1235.562496,42495.434752
317045.550201,1235.562496,1230.257152,0.0,1235.562496,42495.680512
317148.127737,1235.562496,1230.257152,0.0,1235.562496,42495.40608
317246.471827,1235.562496,1230.257152,0.0,1235.562496,42495.389696
317349.25207,1235.562496,1230.257152,0.0,1235.562496,42495.373312
317447.576374,1235.562496,1230.257152,0.0,1235.562496,42495.356928
317550.603816,1235.562496,1230.257152,0.0,1235.562496,42495.594496
317650.428875,1235.562496,1230.257152,0.0,1235.562496,42495.582208
317753.6855,1235.562496,1230.257152,0.0,1235.562496,42495.565824
317851.984487,1235.562496,1230.257152,0.0,1235.562496,42495.287296
317954.679323,1235.562496,1230.257152,0.0,1235.562496,42495.270912
318052.940486,1235.562496,1230.257152,0.0,1235.562496,42495.246336
318155.811848,1235.562496,1230.25408,0.0,1235.562496,42495.229952
318255.917578,1235.562496,1230.257152,0.0,1235.562496,42495.422464
318364.83956,1235.562496,1230.257152,0.0,1235.562496,42495.40608
318468.474637,1235.562496,1230.257152,0.0,1235.562496,42495.389696
318571.627865,1235.562496,1230.257152,0.0,1235.562496,42495.373312
318675.746957,1235.562496,1230.257152,0.0,1235.562496,42495.102976
318778.683056,1235.562496,1230.257152,0.0,1235.562496,42495.086592
318885.439908,1235.562496,1230.257152,0.0,1235.562496,42495.070208
318986.349093,1235.562496,1230.257152,0.0,1235.562496,42495.053824
319089.507919,1235.562496,1230.257152,0.0,1235.562496,42495.033344
319196.639361,1235.562496,1230.257152,0.0,1235.562496,42495.541248
319310.698499,1235.562496,1230.257152,0.0,1235.562496,42496.032768
319419.992578,1239.94112,1234.635776,0.0,1239.94112,42500.734976
319518.118882,1239.94112,1234.635776,0.0,1239.94112,42500.718592
319615.59513,1239.94112,1234.635776,0.0,1239.94112,42500.460544
319717.67356,1239.94112,1234.635776,0.0,1239.94112,42500.44416
319817.599385,1239.94112,1234.635776,0.0,1239.94112,42500.427776
319917.700515,1239.94112,1234.635776,0.0,1239.94112,42500.411392
320017.71755,1239.94112,1234.635776,0.0,1239.94112,42500.657152
320120.746926,1239.94112,1234.635776,0.0,1239.94112,42500.38272
320220.987588,1239.94112,1234.635776,0.0,1239.94112,42500.366336
320321.348429,1239.94112,1234.635776,0.0,1239.94112,42500.349952
320422.282751,1239.94112,1234.635776,0.0,1239.94112,42500.333568
320523.169203,1239.94112,1234.635776,0.0,1239.94112,42500.059136
320624.40483,1239.94112,1234.635776,0.0,1239.94112,42500.501504
320724.740835,1239.94112,1234.635776,0.0,1239.94112,42500.231168
320823.629779,1239.94112,1234.635776,0.0,1239.94112,42499.95264
320928.119173,1239.94112,1234.632704,0.0,1239.94112,42499.842048
321026.135033,1239.94112,1234.635776,0.0,1239.94112,42499.82976
321126.621468,1239.94112,1234.635776,0.0,1239.94112,42499.813376
321231.47428,1239.94112,1234.635776,0.0,1239.94112,42500.169728
321332.779363,1239.94112,1234.635776,0.0,1239.94112,42500.169728
321436.219601,1239.94112,1234.635776,0.0,1239.94112,42500.153344
321538.107225,1239.94112,1234.635776,0.0,1239.94112,42500.169728
321638.910985,1239.94112,1234.635776,0.0,1239.94112,42500.153344
321742.6885,1239.94112,1234.635776,0.0,1239.94112,42500.165632
321845.783128,1239.94112,1234.635776,0.0,1239.94112,42500.149248
321945.550022,1239.94112,1234.635776,0.0,1239.94112,42500.165632
322045.411509,1239.94112,1234.635776,0.0,1239.94112,42500.149248
322148.94994,1239.94112,1234.635776,0.0,1239.94112,42500.165632
322247.474423,1239.94112,1234.635776,0.0,1239.94112,42500.149248
322347.895178,1239.94112,1234.635776,0.0,1239.94112,42499.653632
322448.021326,1239.94112,1234.635776,0.0,1239.94112,42499.899392
322551.233743,1239.94112,1234.635776,0.0,1239.94112,42499.883008
322649.326521,1239.94112,1234.635776,0.0,1239.94112,42499.866624
322750.196788,1239.94112,1234.635776,0.0,1239.94112,42499.85024
322850.717332,1239.94112,1234.635776,0.0,1239.94112,42499.833856
322951.383792,1239.94112,1234.635776,0.0,1239.94112,42499.559424
323052.369723,1239.94112,1234.635776,0.0,1239.94112,42499.538944
323152.879351,1239.94112,1234.635776,0.0,1239.94112,42499.52256
323256.943151,1239.94112,1234.635776,0.0,1239.94112,42499.506176
323358.316356,1239.94112,1234.635776,0.0,1239.94112,42499.227648
323460.944343,1239.94112,1234.635776,0.0,1239.94112,42499.473408
323565.584596,1239.94112,1234.635776,0.0,1239.94112,42499.457024
323669.653492,1239.94112,1234.635776,0.0,1239.94112,42499.44064
323774.662698,1239.94112,1234.635776,0.0,1239.94112,42499.424256
323885.414153,1239.94112,1234.635776,0.0,1239.94112,42499.670016
323994.976414,1239.94112,1234.635776,0.0,1239.94112,42499.653632
324100.30897,1239.94112,1234.635776,0.0,1239.94112,42499.899392
324206.856511,1239.94112,1234.635776,0.0,1239.94112,42499.883008
324313.799399,1239.94112,1234.635776,0.0,1239.94112,42499.866624
324437.385869,1239.94112,1234.635776,0.0,1239.94112,42500.354048
324537.921212,1245.720576,1240.415232,0.0,1245.720576,42505.60512
324635.800174,1245.720576,1240.415232,0.0,1245.720576,42505.588736
324733.94495,1245.720576,1240.415232,0.0,1245.720576,42505.572352
324834.50966,1245.720576,1240.415232,0.0,1245.720576,42505.555968
324935.172822,1245.720576,1240.415232,0.0,1245.720576,42505.539584
325035.936736,1245.720576,1240.415232,0.0,1245.720576,42505.5232
325136.692523,1245.720576,1240.415232,0.0,1245.720576,42505.506816
325239.859042,1245.720576,1240.415232,0.0,1245.720576,42505.490432
325338.094407,1245.720576,1240.415232,0.0,1245.720576,42505.474048
325438.774089,1245.720576,1240.415232,0.0,1245.720576,42505.457664
325539.373553,1245.720576,1240.415232,0.0,1245.720576,42505.703424
325640.168892,1245.720576,1240.415232,0.0,1245.720576,42505.68704
325740.981944,1245.720576,1240.415232,0.0,1245.720576,42505.408512
325844.161691,1245.720576,1240.415232,0.0,1245.720576,42505.392128
325944.595511,1245.720576,1240.415232,0.0,1245.720576,42505.117696
326047.202451,1245.720576,1240.415232,0.0,1245.720576,42505.363456
326150.511189,1245.720576,1240.415232,0.0,1245.720576,42505.347072
326252.685265,1245.720576,1240.415232,0.0,1245.720576,42505.068544
326358.614426,1245.720576,1240.415232,0.0,1245.720576,42505.05216
326458.4885,1245.720576,1240.415232,0.0,1245.720576,42505.29792
326561.373736,1245.720576,1240.415232,0.0,1245.720576,42505.281536
326662.121266,1245.720576,1240.415232,0.0,1245.720576,42505.003008
326760.369574,1245.720576,1240.415232,0.0,1245.720576,42504.986624
326863.385424,1245.720576,1240.415232,0.0,1245.720576,42505.232384
326967.216376,1245.720576,1240.415232,0.0,1245.720576,42505.216
327069.421872,1245.720576,1240.415232,0.0,1245.720576,42505.46176
327176.807371,1245.720576,1240.415232,0.0,1245.720576,42505.70752
327281.504332,1245.720576,1240.415232,0.0,1245.720576,42505.428992
327385.874203,1245.720576,1240.415232,0.0,1245.720576,42505.412608
327491.839595,1245.720576,1240.415232,0.0,1245.720576,42505.40032
327599.603496,1245.720576,1240.415232,0.0,1245.720576,42505.383936
327702.966527,1245.720576,1240.415232,0.0,1245.720576,42505.330688
327807.540379,1245.720576,1240.415232,0.0,1245.720576,42505.314304
327913.220204,1245.720576,1240.415232,0.0,1245.720576,42505.29792
328013.404465,1245.720576,1240.415232,0.0,1245.720576,42506.313728
328114.168517,1245.73696,1240.431616,0.0,1245.73696,42506.559488
328215.924749,1245.73696,1240.431616,0.0,1245.73696,42506.543104
328320.360059,1245.73696,1240.431616,0.0,1245.73696,42506.788864
328424.991064,1245.73696,1240.431616,0.0,1245.73696,42506.77248
328529.344118,1245.73696,1240.431616,0.0,1245.73696,42506.493952
328633.694717,1245.73696,1240.431616,0.0,1245.73696,42505.711616
328739.168998,1245.73696,1240.431616,0.0,1245.73696,42505.162752
328843.418542,1245.73696,1240.431616,0.0,1245.73696,42504.64256
328950.538763,1245.73696,1240.431616,0.0,1245.73696,42504.613888
329051.522849,1245.73696,1240.431616,0.0,1245.73696,42504.863744
329156.410323,1245.73696,1240.431616,0.0,1245.73696,42504.84736
329257.963283,1245.73696,1240.428544,0.0,1245.73696,42504.830976
329362.045206,1245.73696,1240.431616,0.0,1245.73696,42504.814592
329462.028292,1245.73696,1240.431616,0.0,1245.73696,42505.060352
329565.359105,1245.73696,1240.431616,0.0,1245.73696,42505.043968
329663.474128,1245.73696,1240.431616,0.0,1245.73696,42505.027584
329764.343095,1245.73696,1240.431616,0.0,1245.73696,42505.0112
329867.29982,1245.73696,1240.431616,0.0,1245.73696,42504.736768
329969.854521,1245.73696,1240.431616,0.0,1245.73696,42504.912896
330073.639239,1245.73696,1240.431616,0.0,1245.73696,42504.900608
330178.303858,1245.73696,1240.431616,0.0,1245.73696,42505.023488
330282.726912,1245.73696,1240.431616,0.0,1245.73696,42504.855552
330381.240396,1245.73696,1240.431616,0.0,1245.73696,42505.101312
330481.599071,1245.73696,1240.431616,0.0,1245.73696,42505.084928
330583.512481,1245.73696,1240.431616,0.0,1245.73696,42505.068544
330687.176443,1245.73696,1240.431616,0.0,1245.73696,42505.05216
330789.856312,1245.73696,1240.431616,0.0,1245.73696,42505.035776
330891.520233,1245.73696,1240.431616,0.0,1245.73696,42505.019392
330994.337278,1245.73696,1240.431616,0.0,1245.73696,42504.974336
331092.900862,1245.73696,1240.431616,0.0,1245.73696,42504.957952
331194.939669,1245.73696,1240.431616,0.0,1245.73696,42504.921088
331298.635524,1245.73696,1240.431616,0.0,1245.73696,42504.904704
331398.049847,1245.73696,1240.431616,0.0,1245.73696,42506.027008
331502.030681,1245.73696,1240.431616,0.0,1245.73696,42508.853248
331608.664222,1245.73696,1240.430592,0.0,1245.73696,42513.117184
331716.535273,1245.73696,1240.431616,0.0,1245.73696,42507.698176
331827.048171,1245.73696,1240.431616,0.0,1245.73696,42507.280384
331931.854262,1245.73696,1240.431616,0.0,1245.73696,42507.423744
332037.374587,1245.73696,1240.431616,0.0,1245.73696,42507.669504
332143.571551,1245.73696,1240.431616,0.0,1245.73696,42507.65312
332247.762505,1245.73696,1240.431616,0.0,1245.73696,42507.69408
332355.903352,1245.73696,1240.431616,0.0,1245.73696,42507.415552
332458.265505,1245.73696,1240.431616,0.0,1245.73696,42507.649024
332564.089782,1245.73696,1240.431616,0.0,1245.73696,42507.620352
332673.60702,1245.73696,1240.431616,0.0,1245.73696,42507.972608
332775.997752,1251.06176,1245.756416,0.0,1251.06176,42513.453056
332877.57534,1251.06176,1245.756416,0.0,1251.06176,42513.158144
332981.454931,1251.06176,1245.756416,0.0,1251.06176,42513.137664
333085.055036,1251.06176,1245.756416,0.0,1251.06176,42513.12128
333184.585117,1251.06176,1245.756416,0.0,1251.06176,42512.9984
333288.199844,1251.06176,1245.756416,0.0,1251.06176,42512.982016
333389.615394,1251.06176,1245.756416,0.0,1251.06176,42512.965632
333491.236126,1251.06176,1245.756416,0.0,1251.06176,42512.953344
333592.710728,1251.06176,1245.756416,0.0,1251.06176,42513.199104
333694.112142,1251.06176,1245.756416,0.0,1251.06176,42513.18272
333795.030872,1251.06176,1245.756416,0.0,1251.06176,42513.05984
333895.727464,1251.06176,1245.756416,0.0,1251.06176,42513.043456
333998.215587,1251.06176,1245.756416,0.0,1251.06176,42513.027072
334098.398362,1251.06176,1245.756416,0.0,1251.06176,42513.272832
334197.203527,1251.06176,1245.756416,0.0,1251.06176,42513.1008
334298.578349,1251.06176,1245.756416,0.0,1251.06176,42512.838656
334400.109828,1251.06176,1245.756416,0.0,1251.06176,42513.350656
334501.015133,1251.06176,1245.756416,0.0,1251.06176,42513.334272
334601.800965,1251.06176,1245.756416,0.0,1251.06176,42513.317888
334704.752302,1251.06176,1245.756416,0.0,1251.06176,42513.03936
334802.949556,1251.06176,1245.756416,0.0,1251.06176,42513.022976
334903.123032,1251.06176,1245.756416,0.0,1251.06176,42512.748544
335004.093663,1251.06176,1245.756416,0.0,1251.06176,42512.740352
335107.635229,1251.06176,1245.756416,0.0,1251.06176,42512.728064
335206.127109,1251.06176,1245.756416,0.0,1251.06176,42512.71168
335306.585871,1251.06176,1245.756416,0.0,1251.06176,42512.703488
335407.420748,1251.06176,1245.756416,0.0,1251.06176,42512.945152
335507.796993,1251.06176,1245.756416,0.0,1251.06176,42512.674816
335609.193656,1251.06176,1245.756416,0.0,1251.06176,42512.658432
335713.813406,1251.06176,1245.756416,0.0,1251.06176,42512.642048
335818.682214,1251.06176,1245.756416,0.0,1251.06176,42512.625664
335923.93902,1251.06176,1245.756416,0.0,1251.06176,42512.60928
336027.311308,1251.06176,1245.756416,0.0,1251.06176,42513.113088
336135.804378,1251.06176,1245.756416,0.0,1251.06176,42513.108992
336238.334509,1251.06176,1245.756416,0.0,1251.06176,42513.432576
336343.599234,1251.06176,1245.756416,0.0,1251.06176,42513.154048
336447.896552,1251.06176,1245.756416,0.0,1251.06176,42513.137664
336551.031671,1251.06176,1245.756416,0.0,1251.06176,42513.383424
336656.49925,1251.06176,1245.756416,0.0,1251.06176,42512.101376
336756.393254,1251.065856,1245.760512,0.0,1251.065856,42512.330752
336857.826374,1251.065856,1245.760512,0.0,1251.065856,42512.576512
336958.80954,1251.065856,1245.760512,0.0,1251.065856,42512.306176
337059.958558,1251.065856,1245.760512,0.0,1251.065856,42512.289792
337160.761758,1251.065856,1245.760512,0.0,1251.065856,42511.765504
337261.132099,1251.065856,1245.760512,0.0,1251.065856,42511.745024
337361.293766,1251.065856,1245.760512,0.0,1251.065856,42511.72864
337461.938946,1251.065856,1245.760512,0.0,1251.065856,42511.970304
337562.696639,1251.065856,1245.760512,0.0,1251.065856,42511.958016
337663.52447,1251.065856,1245.760512,0.0,1251.065856,42511.683584
337764.360867,1251.065856,1245.760512,0.0,1251.065856,42511.663104
337867.928892,1251.065856,1245.760512,0.0,1251.065856,42511.64672
337966.180384,1251.065856,1245.760512,0.0,1251.065856,42511.630336
338066.86568,1251.065856,1245.760512,0.0,1251.065856,42511.613952
338167.901862,1251.065856,1245.760512,0.0,1251.065856,42511.425536
338266.755379,1251.065856,1245.760512,0.0,1251.065856,42511.409152
338368.365626,1251.065856,1245.760512,0.0,1251.065856,42511.392768
338469.452189,1251.065856,1245.760512,0.0,1251.065856,42511.376384
338570.683932,1251.065856,1245.760512,0.0,1251.065856,42511.36
338674.093808,1251.065856,1245.760512,0.0,1251.065856,42511.855616
338772.672952,1251.065856,1245.760512,0.0,1251.065856,42511.581184
338874.962972,1251.065856,1245.760512,0.0,1251.065856,42511.527936
338973.654835,1251.065856,1245.760512,0.0,1251.065856,42511.511552
339074.804375,1251.065856,1245.760512,0.0,1251.065856,42511.757312
339176.065595,1251.065856,1245.760512,0.0,1251.065856,42511.478784
339277.617796,1251.065856,1245.760512,0.0,1251.065856,42511.01184
339376.457831,1251.065856,1245.760512,0.0,1251.065856,42510.741504
339486.062734,1251.065856,1245.760512,0.0,1251.065856,42510.721024
339591.515257,1251.065856,1245.760512,0.0,1251.065856,42510.450688
339697.908186,1251.065856,1245.760512,0.0,1251.065856,42510.19264
339806.564562,1251.065856,1245.760512,0.0,1251.065856,42509.910016
339908.949582,1251.065856,1245.760512,0.0,1251.065856,42509.893632
340018.5217,1251.065856,1245.759488,0.0,1251.065856,42509.877248
340124.737903,1251.065856,1245.760512,0.0,1251.065856,42510.123008
340229.386071,1251.065856,1245.760512,0.0,1251.065856,42510.368768
340334.856556,1251.065856,1245.760512,0.0,1251.065856,42510.352384
340463.464655,1251.065856,1245.760512,0.0,1251.065856,42510.843904
340563.326758,1255.112704,1249.80736,0.0,1255.112704,42515.546112
340665.879255,1255.112704,1249.80736,0.0,1255.112704,42515.529728
340767.845968,1255.112704,1249.80736,0.0,1255.112704,42515.51744
340869.10428,1255.112704,1249.80736,0.0,1255.112704,42515.501056
340970.235312,1255.112704,1249.80736,0.0,1255.112704,42515.484672
341073.137495,1255.112704,1249.80736,0.0,1255.112704,42515.468288
341171.862714,1255.112704,1249.80736,0.0,1255.112704,42515.456
341272.880656,1255.112704,1249.80736,0.0,1255.112704,42515.439616
341373.279479,1255.112704,1249.80736,0.0,1255.112704,42514.907136
341474.176727,1255.112704,1249.80736,0.0,1255.112704,42514.886656
341575.055942,1255.112704,1249.80736,0.0,1255.112704,42514.857984
341675.346016,1255.112704,1249.80736,0.0,1255.112704,42514.587648
341776.498005,1255.112704,1249.80736,0.0,1255.112704,42514.833408
341877.701644,1255.112704,1249.80736,0.0,1255.112704,42514.817024
341978.371201,1255.112704,1249.80736,0.0,1255.112704,42514.804736
342081.545536,1255.112704,1249.80736,0.0,1255.112704,42514.812928
342180.17478,1255.112704,1249.80736,0.0,1255.112704,42514.968576
342285.414891,1255.112704,1249.80736,0.0,1255.112704,42515.603456
342384.311594,1255.112704,1249.80736,0.0,1255.112704,42517.037056
342482.714746,1255.112704,1249.80736,0.0,1255.112704,42517.172224
342581.406983,1255.112704,1249.80736,0.0,1255.112704,42517.037056
342682.81347,1255.112704,1249.80736,0.0,1255.112704,42517.020672
342784.138467,1255.112704,1249.80736,0.0,1255.112704,42517.266432
342885.039862,1255.112704,1249.80736,0.0,1255.112704,42517.250048
342986.03583,1255.112704,1249.80736,0.0,1255.112704,42517.233664
343084.979826,1255.112704,1249.80736,0.0,1255.112704,42517.21728
343186.273031,1255.112704,1249.80736,0.0,1255.112704,42517.200896
343287.378076,1255.112704,1249.80736,0.0,1255.112704,42517.184512
343388.294345,1255.112704,1249.80736,0.0,1255.112704,42517.168128
343489.573224,1255.112704,1249.80736,0.0,1255.112704,42517.151744
343591.011667,1255.112704,1249.80736,0.0,1255.112704,42517.397504
343690.958924,1255.112704,1249.80736,0.0,1255.112704,42517.028864
343792.481876,1255.112704,1249.80736,0.0,1255.112704,42517.274624
343900.562336,1255.112704,1249.80736,0.0,1255.112704,42517.25824
344010.13311,1255.112704,1249.80736,0.0,1255.112704,42516.983808
344116.753828,1255.112704,1249.80736,0.0,1255.112704,42517.229568
344222.582966,1255.112704,1249.80736,0.0,1255.112704,42517.213184
344326.657175,1255.112704,1249.80736,0.0,1255.112704,42517.1968
344435.505772,1255.112704,1249.80736,0.0,1255.112704,42517.049344
344543.649158,1255.112704,1249.80736,0.0,1255.112704,42517.03296
344646.604226,1255.112704,1249.80736,0.0,1255.112704,42516.754432
344754.363906,1255.112704,1249.80736,0.0,1255.112704,42517.000192
344880.236016,1255.112704,1249.80736,0.0,1255.112704,42517.495808
344980.756085,1259.958272,1254.652928,0.0,1259.958272,42522.198016
345085.349102,1259.958272,1254.652928,0.0,1259.958272,42522.181632
345183.828409,1259.958272,1254.652928,0.0,1259.958272,42522.177536
345282.49895,1259.958272,1254.652928,0.0,1259.958272,42522.161152
345383.621318,1259.958272,1254.652928,0.0,1259.958272,42522.144768
345484.524181,1259.958272,1254.652928,0.0,1259.958272,42522.128384
345585.85728,1259.958272,1254.652928,0.0,1259.958272,42522.112
345686.820595,1259.958272,1254.652928,0.0,1259.958272,42521.849856
345788.289047,1259.958272,1254.652928,0.0,1259.958272,42522.095616
345889.061754,1259.958272,1254.652928,0.0,1259.958272,42522.079232
345989.686348,1259.958272,1254.652928,0.0,1259.958272,42522.07104
346090.274995,1259.958272,1254.652928,0.0,1259.958272,42522.054656
346191.149164,1259.958272,1254.652928,0.0,1259.958272,42522.300416
346291.91479,1259.958272,1254.652928,0.0,1259.958272,42522.284032
346392.677053,1259.958272,1254.652928,0.0,1259.958272,42522.0096
346493.854733,1259.958272,1254.652928,0.0,1259.958272,42521.98912
346594.366685,1259.958272,1254.652928,0.0,1259.958272,42521.972736
346695.337734,1259.958272,1254.652928,0.0,1259.958272,42521.952256
346796.796923,1259.958272,1254.652928,0.0,1259.958272,42522.198016
346895.574382,1259.958272,1254.652928,0.0,1259.958272,42521.919488
346998.807969,1259.958272,1254.652928,0.0,1259.958272,42521.903104
347097.579879,1259.958272,1254.652928,0.0,1259.958272,42521.624576
347198.482531,1259.958272,1254.652928,0.0,1259.958272,42521.608192
347299.569507,1259.958272,1254.652928,0.0,1259.958272,42521.587712
347401.874566,1259.958272,1254.652928,0.0,1259.958272,42521.571328
347500.737098,1259.958272,1254.652928,0.0,1259.958272,42521.550848
347601.392289,1259.958272,1254.652928,0.0,1259.958272,42522.472448
347701.849924,1259.958272,1254.652928,0.0,1259.958272,42522.456064
347803.647203,1259.958272,1254.652928,0.0,1259.958272,42522.70592
347902.983208,1259.958272,1254.652928,0.0,1259.958272,42522.689536
348004.288867,1259.958272,1254.652928,0.0,1259.958272,42522.415104
348105.430062,1259.958272,1254.652928,0.0,1259.958272,42522.914816
348206.339586,1259.958272,1254.652928,0.0,1259.958272,42523.140096
348307.667377,1259.958272,1254.652928,0.0,1259.958272,42523.119616
348409.032361,1259.958272,1254.652928,0.0,1259.958272,42523.103232
348512.682541,1259.958272,1254.652928,0.0,1259.958272,42523.070464
348616.07134,1259.958272,1254.652928,0.0,1259.958272,42522.537984
348724.256983,1259.958272,1254.652928,0.0,1259.958272,42522.517504
348826.541923,1259.958272,1254.652928,0.0,1259.958272,42522.763264
348931.91943,1259.958272,1254.652928,0.0,1259.958272,42522.484736
349039.724059,1259.958272,1254.652928,0.0,1259.958272,42522.468352
349144.828095,1259.958272,1254.652928,0.0,1259.958272,42522.451968
349250.807228,1259.958272,1254.652928,0.0,1259.958272,42522.697728
349356.828001,1259.958272,1254.652928,0.0,1259.958272,42522.681344
349460.173772,1259.958272,1254.652928,0.0,1259.958272,42522.927104
349564.315829,1265.057792,1259.752448,0.0,1265.057792,42528.657408
349670.716464,1265.057792,1259.752448,0.0,1265.057792,42528.444416
349769.454748,1265.057792,1259.752448,0.0,1265.057792,42528.428032
349868.874853,1265.057792,1259.752448,0.0,1265.057792,42528.673792
349969.704897,1265.057792,1259.752448,0.0,1265.057792,42528.403456
350072.57538,1265.057792,1259.752448,0.0,1265.057792,42528.387072
350171.489946,1265.057792,1259.752448,0.0,1265.057792,42528.374784
350272.799957,1265.057792,1259.752448,0.0,1265.057792,42528.3584
350371.858251,1265.057792,1259.752448,0.0,1265.057792,42528.342016
350473.332941,1265.057792,1259.752448,0.0,1265.057792,42528.325632
350576.433996,1265.057792,1259.752448,0.0,1265.057792,42528.309248
350675.277628,1265.057792,1259.752448,0.0,1265.057792,42528.292864
350778.951,1265.057792,1259.752448,0.0,1265.057792,42528.27648
350885.672958,1265.057792,1259.752448,0.0,1265.057792,42528.518144
350989.600212,1265.057792,1259.752448,0.0,1265.057792,42528.50176
351092.354819,1265.057792,1259.752448,0.0,1265.057792,42528.227328
351194.730197,1265.057792,1259.752448,0.0,1265.057792,42528.735232
351298.331161,1265.057792,1259.752448,0.0,1265.057792,42528.456704
351404.162194,1265.057792,1259.752448,0.0,1265.057792,42528.178176
351503.463489,1265.057792,1259.752448,0.0,1265.057792,42528.41984
351606.661333,1265.057792,1259.752448,0.0,1265.057792,42528.141312
351705.379868,1265.057792,1259.752448,0.0,1265.057792,42528.387072
351806.497827,1265.057792,1259.752448,0.0,1265.057792,42528.370688
351903.856973,1265.057792,1259.752448,0.0,1265.057792,42528.362496
352005.289298,1265.057792,1259.752448,0.0,1265.057792,42528.083968
352109.275347,1265.057792,1259.752448,0.0,1265.057792,42528.329728
352210.523255,1265.057792,1259.752448,0.0,1265.057792,42528.313344
352310.126643,1265.057792,1259.752448,0.0,1265.057792,42528.530432
352420.426256,1265.057792,1259.752448,0.0,1265.057792,42529.615872
352525.719604,1265.057792,1259.752448,0.0,1265.057792,42529.599488
352633.944409,1265.057792,1259.752448,0.0,1265.057792,42529.406976
352737.275933,1265.057792,1259.752448,0.0,1265.057792,42529.652736
352843.307162,1265.057792,1259.752448,0.0,1265.057792,42529.898496
352954.487615,1265.057792,1259.752448,0.0,1265.057792,42530.144256
353058.778332,1265.057792,1259.752448,0.0,1265.057792,42529.882112
353164.210033,1265.057792,1259.752448,0.0,1265.057792,42530.021376
353269.982381,1265.057792,1259.752448,0.0,1265.057792,42529.75104
353373.721343,1265.057792,1259.752448,0.0,1265.057792,42529.558528
353477.966166,1265.057792,1259.752448,0.0,1265.057792,42530.24256
353578.694347,1265.061888,1259.756544,0.0,1265.061888,42529.9968
353677.684785,1265.061888,1259.756544,0.0,1265.061888,42529.83296
353778.592183,1265.061888,1259.756544,0.0,1265.061888,42529.816576
353884.516746,1265.061888,1259.756544,0.0,1265.061888,42530.062336
353987.194284,1265.061888,1259.756544,0.0,1265.061888,42529.787904
354088.907167,1265.061888,1259.756544,0.0,1265.061888,42529.77152
354192.573598,1265.061888,1259.756544,0.0,1265.061888,42529.947648
354291.383891,1265.061888,1259.756544,0.0,1265.061888,42529.800192
354394.687702,1265.061888,1259.756544,0.0,1265.061888,42529.783808
354498.233131,1265.061888,1259.756544,0.0,1265.061888,42530.029568
354600.295581,1265.061888,1259.756544,0.0,1265.061888,42530.013184
354700.142308,1265.061888,1259.756544,0.0,1265.061888,42529.64864
354802.456466,1265.061888,1259.756544,0.0,1265.061888,42529.632256
354915.226436,1265.061888,1259.756544,0.0,1265.061888,42529.75104
355020.964884,1265.061888,1259.756544,0.0,1265.061888,42528.722944
355122.910866,1265.061888,1259.754496,0.0,1265.061888,42528.714752
355222.57259,1265.061888,1259.754496,0.0,1265.061888,42528.985088
355321.421215,1265.061888,1259.754496,0.0,1265.061888,42529.447936
355426.845758,1265.061888,1259.7504,0.0,1265.061888,42528.620544
355532.936318,1265.061888,1259.756544,0.0,1265.061888,42528.772096
355631.872858,1265.061888,1259.756544,0.0,1265.061888,42528.776192
355733.331544,1265.061888,1259.75552,0.0,1265.061888,42528.919552
355837.8072,1265.061888,1259.756544,0.0,1265.061888,42528.903168
355944.638608,1265.061888,1259.756544,0.0,1265.061888,42527.879168
356054.306334,1265.061888,1259.756544,0.0,1265.061888,42528.206848
356159.768667,1265.061888,1259.756544,0.0,1265.061888,42528.452608
356267.955872,1265.061888,1259.756544,0.0,1265.061888,42528.526336
356374.578329,1265.061888,1259.756544,0.0,1265.061888,42528.251904
356479.552862,1265.061888,1259.756544,0.0,1265.061888,42528.23552
356585.510831,1265.061888,1259.756544,0.0,1265.061888,42527.961088
356689.442088,1265.061888,1259.756544,0.0,1265.061888,42527.944704
356797.256272,1265.061888,1259.756544,0.0,1265.061888,42527.92832
356918.004806,1265.061888,1259.756544,0.0,1265.061888,42528.944128
357023.374253,1265.07008,1259.764736,0.0,1265.07008,42528.673792
357124.456224,1265.07008,1259.764736,0.0,1265.07008,42528.657408
357225.909614,1265.07008,1259.764736,0.0,1265.07008,42528.37888
357325.415404,1265.07008,1259.764736,0.0,1265.07008,42528.100352
357428.161371,1265.07008,1259.764736,0.0,1265.07008,42528.083968
357528.762135,1265.07008,1259.764736,0.0,1265.07008,42527.80544
357629.272509,1265.07008,1259.764736,0.0,1265.07008,42528.0512
357729.77922,1265.07008,1259.764736,0.0,1265.07008,42528.034816
357828.954593,1265.07008,1259.764736,0.0,1265.07008,42528.018432
357936.698475,1265.07008,1259.764736,0.0,1265.07008,42528.01024
358040.612258,1265.07008,1259.764736,0.0,1265.07008,42527.993856
358141.825935,1265.07008,1259.764736,0.0,1265.07008,42527.973376
358242.742742,1265.07008,1259.764736,0.0,1265.07008,42527.956992
358342.113578,1265.07008,1259.764736,0.0,1265.07008,42527.940608
358443.580571,1265.07008,1259.764736,0.0,1265.07008,42527.924224
358543.267184,1265.07008,1259.764736,0.0,1265.07008,42527.90784
358645.230275,1265.07008,1259.764736,0.0,1265.07008,42527.891456
358746.738998,1265.07008,1259.764736,0.0,1265.07008,42527.875072
358848.054237,1265.07008,1259.764736,0.0,1265.07008,42527.858688
358957.121543,1265.07008,1259.764736,0.0,1265.07008,42527.850496
359058.202822,1265.07008,1259.764736,0.0,1265.07008,42527.830016
359159.725508,1265.07008,1259.764736,0.0,1265.07008,42527.813632
359259.014943,1265.07008,1259.764736,0.0,1265.07008,42528.059392
359369.060586,1265.07008,1259.764736,0.0,1265.07008,42528.043008
359474.619716,1265.07008,1259.764736,0.0,1265.07008,42528.026624
359580.556689,1265.07008,1259.764736,0.0,1265.07008,42528.01024
359686.888261,1265.07008,1259.764736,0.0,1265.07008,42527.993856
359790.414033,1265.07008,1259.764736,0.0,1265.07008,42527.977472
359899.766548,1265.07008,1259.764736,0.0,1265.07008,42527.698944
360001.376012,1265.07008,1259.764736,0.0,1265.07008,42527.944704
360112.411807,1265.07008,1259.764736,0.0,1265.07008,42527.932416
360221.705715,1265.07008,1259.764736,0.0,1265.07008,42527.817728
360349.882789,1265.07008,1259.764736,0.0,1265.07008,42528.301056
360448.502451,1268.723712,1263.418368,0.0,1268.723712,42531.954688
360547.971032,1268.723712,1263.418368,0.0,1268.723712,42531.938304
360649.226846,1268.723712,1263.418368,0.0,1268.723712,42531.92192
360750.129385,1268.723712,1263.418368,0.0,1268.723712,42531.905536
360851.089351,1268.723712,1263.418368,0.0,1268.723712,42531.889152
360955.263525,1268.723712,1263.418368,0.0,1268.723712,42532.134912
361060.173007,1268.723712,1263.418368,0.0,1268.723712,42532.118528
361162.076837,1268.723712,1263.418368,0.0,1268.723712,42532.102144
361263.799602,1268.723712,1263.418368,0.0,1268.723712,42531.827712
361365.061829,1268.723712,1263.418368,0.0,1268.723712,42531.811328
361466.098274,1268.723712,1263.418368,0.0,1268.723712,42531.794944
361567.242039,1268.723712,1263.418368,0.0,1268.723712,42531.77856
361666.346887,1268.723712,1263.418368,0.0,1268.723712,42532.02432
361768.238279,1268.723712,1263.418368,0.0,1268.723712,42532.007936
361869.494804,1268.723712,1263.418368,0.0,1268.723712,42531.991552
361975.847744,1268.723712,1263.418368,0.0,1268.723712,42531.975168
362076.767389,1268.723712,1263.418368,0.0,1268.723712,42532.220928
362177.44182,1268.723712,1263.418368,0.0,1268.723712,42532.204544
362280.513966,1268.723712,1263.418368,0.0,1268.723712,42532.18816
362382.191425,1268.723712,1263.418368,0.0,1268.723712,42531.909632
362483.630501,1268.723712,1263.418368,0.0,1268.723712,42531.889152
362587.124409,1268.723712,1263.418368,0.0,1268.723712,42532.134912
362685.703593,1268.723712,1263.418368,0.0,1268.723712,42532.380672
362784.603889,1268.723712,1263.418368,0.0,1268.723712,42532.364288
362886.340301,1268.723712,1263.418368,0.0,1268.723712,42532.347904
362994.192576,1268.723712,1263.418368,0.0,1268.723712,42532.33152
363100.330328,1268.723712,1263.418368,0.0,1268.723712,42532.315136
363199.094782,1268.723712,1263.418368,0.0,1268.723712,42532.298752
363298.638607,1268.723712,1263.418368,0.0,1268.723712,42532.282368
363400.631749,1268.723712,1263.418368,0.0,1268.723712,42532.265984
363501.509662,1268.723712,1263.418368,0.0,1268.723712,42532.2496
363606.735028,1268.723712,1263.418368,0.0,1268.723712,42532.233216
363712.921756,1268.723712,1263.418368,0.0,1268.723712,42531.987456
363817.244725,1268.723712,1263.418368,0.0,1268.723712,42531.971072
363922.62037,1268.723712,1263.418368,0.0,1268.723712,42531.954688
364029.484894,1268.723712,1263.418368,0.0,1268.723712,42531.938304
364138.052853,1268.723712,1263.418368,0.0,1268.723712,42532.442112
364242.750872,1268.723712,1263.418368,0.0,1268.723712,42532.425728
364347.908189,1268.723712,1263.418368,0.0,1268.723712,42532.151296
364455.754346,1268.723712,1263.418368,0.0,1268.723712,42532.134912
364561.692852,1268.723712,1263.418368,0.0,1268.723712,42532.118528
364657.858228,1268.723712,1263.42656,0.0,1268.723712,42537.32864
364760.053357,1273.442304,1268.13696,0.0,1273.442304,42537.312256
364861.606931,1273.442304,1268.13696,0.0,1273.442304,42537.295872
364965.897431,1273.442304,1268.13696,0.0,1273.442304,42536.759296
365067.856683,1273.442304,1268.13696,0.0,1273.442304,42536.747008
365167.337704,1273.442304,1268.13696,0.0,1273.442304,42536.726528
365265.86809,1273.442304,1268.13696,0.0,1273.442304,42536.710144
365368.795687,1273.442304,1268.13696,0.0,1273.442304,42536.69376
365470.618549,1273.442304,1268.13696,0.0,1273.442304,42536.677376
365569.942262,1273.442304,1268.13696,0.0,1273.442304,42536.644608
365668.862677,1273.442304,1268.13696,0.0,1273.442304,42536.378368
365767.995311,1273.442304,1268.13696,0.0,1273.442304,42536.620032
365868.878482,1273.442304,1268.13696,0.0,1273.442304,42536.599552
365970.089346,1273.442304,1268.13696,0.0,1273.442304,42536.583168
366069.828628,1273.442304,1268.13696,0.0,1273.442304,42536.828928
366171.581191,1273.442304,1268.13696,0.0,1273.442304,42536.812544
366271.113808,1273.442304,1268.13696,0.0,1273.442304,42536.79616
366372.795548,1273.442304,1268.13696,0.0,1273.442304,42536.779776
366472.428415,1273.442304,1268.13696,0.0,1273.442304,42536.763392
366574.098685,1273.442304,1268.13696,0.0,1273.442304,42536.747008
366673.410171,1273.442304,1268.13696,0.0,1273.442304,42536.730624
366777.445397,1273.442304,1268.13696,0.0,1273.442304,42536.71424
366876.694697,1273.442304,1268.13696,0.0,1273.442304,42536.697856
366977.923699,1273.442304,1268.13696,0.0,1273.442304,42536.681472
367077.261431,1273.442304,1268.13696,0.0,1273.442304,42536.63232
367179.280502,1273.442304,1268.13696,0.0,1273.442304,42536.615936
367278.586745,1273.442304,1268.13696,0.0,1273.442304,42536.599552
367382.250817,1273.442304,1268.13696,0.0,1273.442304,42536.177664
367482.947478,1273.442304,1268.13696,0.0,1273.442304,42536.148992
367581.929382,1273.442304,1268.13696,0.0,1273.442304,42536.132608
367681.306003,1273.442304,1268.13696,0.0,1273.442304,42536.116224
367787.080486,1273.442304,1268.13696,0.0,1273.442304,42535.862272
367885.884254,1273.442304,1268.13696,0.0,1273.442304,42536.103936
367985.264313,1273.442304,1268.13696,0.0,1273.442304,42536.087552
368085.023221,1273.442304,1268.13696,0.0,1273.442304,42536.083456
368186.138073,1273.442304,1268.13696,0.0,1273.442304,42536.067072
368292.650849,1273.442304,1268.13696,0.0,1273.442304,42536.050688
368395.742595,1273.442304,1268.13696,0.0,1273.442304,42536.034304
368505.056555,1273.442304,1268.13696,0.0,1273.442304,42536.01792
368613.3472,1273.442304,1268.13696,0.0,1273.442304,42536.001536
368716.444286,1273.442304,1268.13696,0.0,1273.442304,42535.985152
368824.229642,1273.442304,1268.13696,0.0,1273.442304,42535.968768
368925.771339,1273.442304,1268.13696,0.0,1273.442304,42535.952384
369029.819029,1273.442304,1268.13696,0.0,1273.442304,42536.198144
369138.600947,1273.442304,1268.13696,0.0,1273.442304,42536.18176
369242.032088,1273.442304,1268.13696,0.0,1273.442304,42535.903232
369340.846753,1273.442304,1268.13696,0.0,1273.442304,42537.181184
369447.604179,1278.717952,1273.412608,0.0,1278.717952,42541.621248
369546.959758,1278.717952,1273.412608,0.0,1278.717952,42541.867008
369647.769243,1278.717952,1273.412608,0.0,1278.717952,42541.850624
369747.075515,1278.717952,1273.412608,0.0,1278.717952,42541.83424
369848.664639,1278.717952,1273.412608,0.0,1278.717952,42541.817856
369949.81653,1278.717952,1273.412608,0.0,1278.717952,42541.801472
370050.956569,1278.717952,1273.412608,0.0,1278.717952,42542.047232
370150.938397,1278.717952,1273.412608,0.0,1278.717952,42541.699072
370250.779134,1278.717952,1273.412608,0.0,1278.717952,42541.420544
370352.265771,1278.717952,1273.412608,0.0,1278.717952,42541.666304
370453.722059,1278.717952,1273.412608,0.0,1278.717952,42541.64992
370554.579438,1278.717952,1273.412608,0.0,1278.717952,42541.633536
370653.602191,1278.717952,1273.412608,0.0,1278.717952,42541.617152
370754.944633,1278.717952,1273.412608,0.0,1278.717952,42541.600768
370856.366063,1278.717952,1273.412608,0.0,1278.717952,42541.584384
370955.913147,1278.717952,1273.412608,0.0,1278.717952,42541.568
371058.090395,1278.717952,1273.412608,0.0,1278.717952,42541.81376
371157.492124,1278.717952,1273.412608,0.0,1278.717952,42542.05952
371259.280853,1278.717952,1273.412608,0.0,1278.717952,42542.043136
371358.621086,1278.717952,1273.412608,0.0,1278.717952,42541.768704
371460.283495,1278.717952,1273.412608,0.0,1278.717952,42541.75232
371561.301673,1278.717952,1273.412608,0.0,1278.717952,42541.735936
371660.707571,1278.717952,1273.412608,0.0,1278.717952,42541.719552
371762.63304,1278.717952,1273.412608,0.0,1278.717952,42541.703168
371861.901967,1278.717952,1273.412608,0.0,1278.717952,42541.686784
371963.962261,1278.717952,1273.412608,0.0,1278.717952,42541.6704
372065.763585,1278.717952,1273.412608,0.0,1278.717952,42541.91616
372170.116124,1278.717952,1273.412608,0.0,1278.717952,42541.637632
372275.969294,1278.717952,1273.412608,0.0,1278.717952,42541.621248
372380.850532,1278.717952,1273.412608,0.0,1278.717952,42541.40416
372483.997052,1278.717952,1273.412608,0.0,1278.717952,42541.387776
372591.865522,1278.717952,1273.412608,0.0,1278.717952,42541.105152
372698.390345,1278.717952,1273.412608,0.0,1278.717952,42540.822528
372808.428243,1278.717952,1273.412608,0.0,1278.717952,42541.068288
372920.397029,1278.717952,1273.412608,0.0,1278.717952,42541.051904
373028.5508,1278.717952,1273.412608,0.0,1278.717952,42541.03552
373140.035804,1278.717952,1273.412608,0.0,1278.717952,42541.285376
373254.021586,1278.717952,1273.412608,0.0,1278.717952,42541.002752
373362.152866,1278.717952,1273.412608,0.0,1278.717952,42540.986368
373471.388787,1278.717952,1273.412608,0.0,1278.717952,42541.24032
373583.134556,1278.717952,1273.412608,0.0,1278.717952,42540.756992
373718.12944,1278.717952,1273.412608,0.0,1278.717952,42540.66688
373822.091271,1278.717952,1273.412608,0.0,1278.717952,42540.91264
373927.467187,1278.717952,1273.412608,0.0,1278.717952,42540.806144
374032.723399,1278.717952,1273.412608,0.0,1278.717952,42540.78976
374150.471799,1278.717952,1273.412608,0.0,1278.717952,42540.961792
374268.218808,1278.717952,1273.412608,0.0,1278.717952,42541.027328
374385.779631,1278.717952,1273.412608,0.0,1278.717952,42541.010944
374503.246045,1278.717952,1273.412608,0.0,1278.717952,42540.99456
374620.559876,1278.717952,1273.412608,0.0,1278.717952,42540.724224
374738.317219,1278.717952,1273.412608,0.0,1278.717952,42540.70784
374856.170116,1278.717952,1273.412608,0.0,1278.717952,42540.691456
374973.965832,1278.717952,1273.412608,0.0,1278.717952,42540.675072
375091.79,1278.717952,1273.412608,0.0,1278.717952,42540.91264
375210.655989,1278.717952,1273.412608,0.0,1278.717952,42540.494848
375328.339662,1278.717952,1273.412608,0.0,1278.717952,42540.740608
375446.431151,1278.717952,1273.412608,0.0,1278.717952,42540.908544
375565.211481,1278.717952,1273.412608,0.0,1278.717952,42540.371968
375683.692227,1278.717952,1273.412608,0.0,1278.717952,42540.179456
375801.068699,1278.717952,1273.41056,0.0,1278.717952,42539.896832
375918.896201,1278.717952,1273.408512,0.0,1278.717952,42540.404736
376037.10965,1278.717952,1273.408512,0.0,1278.717952,42540.388352
376159.520672,1278.717952,1273.411584,0.0,1278.717952,42539.6224
376273.702423,1278.717952,1273.412608,0.0,1278.717952,42539.606016
376376.350921,1278.717952,1273.412608,0.0,1278.717952,42539.851776
376477.814308,1278.717952,1273.411584,0.0,1278.717952,42539.835392
376578.77002,1278.717952,1273.412608,0.0,1278.717952,42539.819008
376682.283102,1278.717952,1273.412608,0.0,1278.717952,42539.802624
376786.919347,1278.717952,1273.412608,0.0,1278.717952,42539.78624
376898.836547,1278.717952,1273.412608,0.0,1278.717952,42539.769856
377005.86785,1278.717952,1273.412608,0.0,1278.717952,42539.495424
377114.234698,1278.717952,1273.412608,0.0,1278.717952,42539.47904
377216.207625,1278.717952,1273.412608,0.0,1278.717952,42539.982848
377319.559798,1278.717952,1273.412608,0.0,1278.717952,42539.966464
377429.014527,1278.717952,1273.412608,0.0,1278.717952,42539.95008
377536.746287,1278.717952,1273.412608,0.0,1278.717952,42539.966464
377642.836868,1278.717952,1273.412608,0.0,1278.717952,42539.95008
377771.857966,1278.717952,1273.412608,0.0,1278.717952,42540.4416
377870.36294,1283.080192,1277.774848,0.0,1283.080192,42544.881664
377969.087821,1283.080192,1277.774848,0.0,1283.080192,42544.86528
378069.456632,1283.080192,1277.774848,0.0,1283.080192,42544.848896
378170.472479,1283.080192,1277.774848,0.0,1283.080192,42544.832512
378269.336078,1283.080192,1277.774848,0.0,1283.080192,42544.816128
378370.260214,1283.080192,1277.774848,0.0,1283.080192,42544.799744
378471.319104,1283.080192,1277.774848,0.0,1283.080192,42544.78336
378572.327625,1283.080192,1277.774848,0.0,1283.080192,42544.766976
378672.739067,1283.080192,1277.774848,0.0,1283.080192,42544.492544
378773.776769,1283.080192,1277.774848,0.0,1283.080192,42544.47616
378874.78602,1283.080192,1277.774848,0.0,1283.080192,42544.459776
378975.526937,1283.080192,1277.774848,0.0,1283.080192,42544.443392
379076.311736,1283.080192,1277.774848,0.0,1283.080192,42544.689152
379177.22069,1283.080192,1277.774848,0.0,1283.080192,42544.672768
379278.013787,1283.080192,1277.774848,0.0,1283.080192,42544.656384
379378.700043,1283.080192,1277.774848,0.0,1283.080192,42544.64
379479.770425,1283.080192,1277.774848,0.0,1283.080192,42544.623616
379580.614494,1283.080192,1277.774848,0.0,1283.080192,42544.607232
379681.804901,1283.080192,1277.774848,0.0,1283.080192,42544.590848
379780.774741,1283.080192,1277.774848,0.0,1283.080192,42544.574464
379883.756202,1283.080192,1277.774848,0.0,1283.080192,42544.55808
379982.675051,1283.080192,1277.774848,0.0,1283.080192,42544.541696
380083.618821,1283.080192,1277.774848,0.0,1283.080192,42544.529408
380185.039058,1283.080192,1277.774848,0.0,1283.080192,42544.513024
380285.582304,1283.080192,1277.774848,0.0,1283.080192,42544.49664
380386.928921,1283.080192,1277.774848,0.0,1283.080192,42543.980544
380487.259123,1283.080192,1277.774848,0.0,1283.080192,42543.96416
380588.329543,1283.080192,1277.774848,0.0,1283.080192,42543.947776
380692.925514,1283.080192,1277.774848,0.0,1283.080192,42544.193536
380800.069918,1283.080192,1277.774848,0.0,1283.080192,42544.177152
380903.757575,1283.080192,1277.774848,0.0,1283.080192,42544.160768
381006.930867,1283.080192,1277.774848,0.0,1283.080192,42544.144384
381118.561436,1283.080192,1277.774848,0.0,1283.080192,42544.128
381231.395938,1283.080192,1277.774848,0.0,1283.080192,42544.386048
381337.129221,1283.080192,1277.774848,0.0,1283.080192,42544.652288
381445.167904,1283.080192,1277.774848,0.0,1283.080192,42544.66048
381551.100999,1283.080192,1277.774848,0.0,1283.080192,42544.877568
381657.70465,1283.080192,1277.774848,0.0,1283.080192,42545.258496
381760.460375,1287.41376,1282.108416,0.0,1287.41376,42549.948416
381862.486315,1287.41376,1282.108416,0.0,1287.41376,42549.932032
381967.847812,1287.41376,1282.108416,0.0,1287.41376,42549.915648
382071.918959,1287.41376,1282.108416,0.0,1287.41376,42549.645312
382170.711659,1287.41376,1282.108416,0.0,1287.41376,42549.10464
382270.57605,1287.41376,1282.108416,0.0,1287.41376,42549.297152
382375.933687,1287.41376,1282.108416,0.0,1287.41376,42548.51072
382474.921606,1287.41376,1282.108416,0.0,1287.41376,42548.46976
382580.142296,1287.41376,1282.108416,0.0,1287.41376,42548.973568
382685.955506,1287.41376,1282.108416,0.0,1287.41376,42549.215232
382790.493109,1287.41376,1282.108416,0.0,1287.41376,42549.198848
382897.236018,1287.41376,1282.108416,0.0,1287.41376,42549.182464
382997.656148,1287.41376,1282.108416,0.0,1287.41376,42549.16608
383097.883952,1287.41376,1282.108416,0.0,1287.41376,42549.620736
383196.50966,1287.41376,1282.108416,0.0,1287.41376,42549.604352
383301.731913,1287.41376,1282.108416,0.0,1287.41376,42553.155584
383404.533059,1287.41376,1282.107392,0.0,1287.41376,42557.054976
383509.284549,1287.41376,1282.108416,0.0,1287.41376,42551.451648
383613.592566,1287.41376,1282.108416,0.0,1287.41376,42551.169024
383711.807864,1287.41376,1282.108416,0.0,1287.41376,42551.15264
383810.846161,1287.41376,1282.108416,0.0,1287.41376,42550.644736
383911.888784,1287.41376,1282.108416,0.0,1287.41376,42550.624256
384013.101979,1287.41376,1282.108416,0.0,1287.41376,42550.607872
384119.811143,1287.41376,1282.108416,0.0,1287.41376,42550.72256
384231.695628,1287.41376,1282.108416,0.0,1287.41376,42551.00928
384336.358617,1287.41376,1282.108416,0.0,1287.41376,42550.992896
384442.162941,1287.41376,1282.108416,0.0,1287.41376,42550.972416
384548.733622,1287.41376,1282.108416,0.0,1287.41376,42551.033856
384652.5374,1287.41376,1282.108416,0.0,1287.41376,42551.017472
384757.380481,1287.41376,1282.108416,0.0,1287.41376,42551.001088
384862.325535,1287.41376,1282.108416,0.0,1287.41376,42550.984704
384967.661103,1287.41376,1282.108416,0.0,1287.41376,42550.96832
385079.193677,1287.41376,1282.108416,0.0,1287.41376,42550.951936
385179.796452,1287.421952,1282.116608,0.0,1287.421952,42551.97184
385281.985146,1287.421952,1282.116608,0.0,1287.421952,42551.844864
385383.200235,1287.421952,1282.116608,0.0,1287.421952,42551.31648
385487.091751,1287.421952,1282.116608,0.0,1287.421952,42550.726656
385585.450976,1287.421952,1282.116608,0.0,1287.421952,42550.710272
385684.058211,1287.421952,1282.116608,0.0,1287.421952,42550.431744
385785.62355,1287.421952,1282.116608,0.0,1287.421952,42550.132736
385890.854786,1287.421952,1282.116608,0.0,1287.421952,42550.358016
385990.177022,1287.421952,1282.116608,0.0,1287.421952,42550.341632
386088.702962,1287.421952,1282.116608,0.0,1287.421952,42550.325248
386189.69119,1287.421952,1282.116608,0.0,1287.421952,42550.76352
386290.466445,1287.421952,1282.116608,0.0,1287.421952,42549.6576
386390.880454,1287.421952,1282.116608,0.0,1287.421952,42549.641216
386491.530972,1287.421952,1282.116608,0.0,1287.421952,42549.612544
386592.286371,1287.421952,1282.116608,0.0,1287.421952,42549.858304
386692.87275,1287.421952,1282.116608,0.0,1287.421952,42549.579776
386793.899518,1287.421952,1282.116608,0.0,1287.421952,42549.825536
386894.772511,1287.421952,1282.116608,0.0,1287.421952,42549.809152
386995.841287,1287.421952,1282.116608,0.0,1287.421952,42549.792768
387096.31821,1287.421952,1282.116608,0.0,1287.421952,42549.776384
387197.35123,1287.421952,1282.116608,0.0,1287.421952,42550.022144
387298.175482,1287.421952,1282.116608,0.0,1287.421952,42549.743616
387399.546182,1287.421952,1282.116608,0.0,1287.421952,42549.989376
387499.408571,1287.421952,1282.116608,0.0,1287.421952,42549.456896
387602.18788,1287.421952,1282.116608,0.0,1287.421952,42549.108736
387708.681862,1287.421952,1282.116608,0.0,1287.421952,42548.871168
387811.997049,1287.421952,1282.116608,0.0,1287.421952,42548.6336
387922.163874,1287.421952,1282.116608,0.0,1287.421952,42548.682752
388029.373097,1287.421952,1282.113536,0.0,1287.421952,42548.916224
388135.953192,1287.421952,1282.115584,0.0,1287.421952,42548.65408
388243.952008,1287.421952,1282.116608,0.0,1287.421952,42548.830208
388353.429414,1287.421952,1282.116608,0.0,1287.421952,42548.6336
388466.433919,1287.421952,1282.116608,0.0,1287.421952,42548.363264
388573.127286,1287.421952,1282.116608,0.0,1287.421952,42548.609024
388676.735769,1287.421952,1282.116608,0.0,1287.421952,42548.334592
388787.699276,1287.421952,1282.113536,0.0,1287.421952,42548.318208
388895.14928,1287.421952,1282.116608,0.0,1287.421952,42548.30592
388993.763071,1287.421952,1282.120704,0.0,1287.421952,42553.008128
389097.743123,1291.526144,1286.2208,0.0,1291.526144,42552.991744
389198.172201,1291.526144,1286.2208,0.0,1291.526144,42552.97536
389297.36546,1291.526144,1286.2208,0.0,1291.526144,42552.958976
389401.607004,1291.526144,1286.2208,0.0,1291.526144,42553.192448
389503.177118,1291.526144,1286.2208,0.0,1291.526144,42553.176064
389604.818999,1291.526144,1286.2208,0.0,1291.526144,42553.15968
389706.367557,1291.526144,1286.2208,0.0,1291.526144,42552.696832
389810.113438,1291.526144,1286.2208,0.0,1291.526144,42552.643584
389910.752401,1291.526144,1286.2208,0.0,1291.526144,42552.6272
390011.828831,1291.526144,1286.2208,0.0,1291.526144,42552.778752
390110.327389,1291.526144,1286.2208,0.0,1291.526144,42552.762368
390209.746762,1291.526144,1286.2208,0.0,1291.526144,42552.918016
390311.08632,1291.526144,1286.2208,0.0,1291.526144,42552.901632
390412.103031,1291.526144,1286.2208,0.0,1291.526144,42553.073664
390512.583369,1291.526144,1286.2208,0.0,1291.526144,42552.799232
390615.37776,1291.526144,1286.2208,0.0,1291.526144,42552.664064
390719.251768,1291.526144,1286.2208,0.0,1291.526144,42552.553472
390818.73787,1291.526144,1286.2208,0.0,1291.526144,42552.537088
390916.886421,1291.526144,1286.2208,0.0,1291.526144,42552.520704
391015.621002,1291.526144,1286.2208,0.0,1291.526144,42552.766464
391116.662108,1291.526144,1286.2208,0.0,1291.526144,42552.75008
391219.713443,1291.526144,1286.2208,0.0,1291.526144,42552.733696
391318.242127,1291.526144,1286.2208,0.0,1291.526144,42552.717312
391419.579043,1291.526144,1286.2208,0.0,1291.526144,42552.700928
391518.494461,1291.526144,1286.2208,0.0,1291.526144,42552.684544
391619.90829,1291.526144,1286.2208,0.0,1291.526144,42552.66816
391721.186435,1291.526144,1286.2208,0.0,1291.526144,42552.651776
391821.899018,1291.526144,1286.2208,0.0,1291.526144,42552.635392
391922.638106,1291.526144,1286.2208,0.0,1291.526144,42552.619008
392026.486021,1291.526144,1286.2208,0.0,1291.526144,42552.598528
392130.60359,1291.526144,1286.2208,0.0,1291.526144,42552.58624
392238.168803,1291.526144,1286.2208,0.0,1291.526144,42552.664064
392341.254404,1291.526144,1286.2208,0.0,1291.526144,42551.99232
392447.985023,1291.526144,1286.2208,0.0,1291.526144,42552.23808
392550.729033,1291.526144,1286.2208,0.0,1291.526144,42552.2176
392655.50524,1291.526144,1286.2208,0.0,1291.526144,42552.46336
392762.26212,1291.526144,1286.2208,0.0,1291.526144,42552.446976
392865.485362,1291.526144,1286.2208,0.0,1291.526144,42552.430592
392974.633326,1291.526144,1286.2208,0.0,1291.526144,42552.926208
393074.131764,1295.945728,1290.640384,0.0,1295.945728,42557.366272
393172.71004,1295.945728,1290.640384,0.0,1295.945728,42557.349888
393273.9137,1295.945728,1290.640384,0.0,1295.945728,42557.079552
393373.039542,1295.945728,1290.640384,0.0,1295.945728,42556.78464
393476.005504,1295.945728,1290.640384,0.0,1295.945728,42556.768256
393574.774687,1295.945728,1290.640384,0.0,1295.945728,42556.751872
393675.681485,1295.945728,1290.640384,0.0,1295.945728,42556.735488
393776.183036,1295.945728,1290.640384,0.0,1295.945728,42556.706816
393877.613564,1295.945728,1290.640384,0.0,1295.945728,42556.690432
393977.764918,1295.945728,1290.640384,0.0,1295.945728,42556.674048
394079.003332,1295.945728,1290.640384,0.0,1295.945728,42556.657664
394178.00883,1295.945728,1290.640384,0.0,1295.945728,42556.637184
394281.356403,1295.945728,1290.640384,0.0,1295.945728,42556.882944
394380.281075,1295.945728,1290.640384,0.0,1295.945728,42556.86656
394483.606766,1295.945728,1290.640384,0.0,1295.945728,42556.850176
394582.4804,1295.945728,1290.640384,0.0,1295.945728,42556.833792
394682.01654,1295.945728,1290.640384,0.0,1295.945728,42556.817408
394783.79514,1295.945728,1290.640384,0.0,1295.945728,42556.801024
394888.32653,1295.945728,1290.640384,0.0,1295.945728,42556.86656
394987.61733,1295.945728,1290.640384,0.0,1295.945728,42556.850176
395087.765262,1295.945728,1290.640384,0.0,1295.945728,42556.833792
395186.98002,1295.945728,1290.640384,0.0,1295.945728,42557.079552
395291.508756,1295.945728,1290.640384,0.0,1295.945728,42557.063168
395401.791641,1295.945728,1290.640384,0.0,1295.945728,42556.86656
395511.073068,1295.945728,1290.640384,0.0,1295.945728,42556.850176
395617.461994,1295.945728,1290.640384,0.0,1295.945728,42556.833792
395724.492252,1295.945728,1290.640384,0.0,1295.945728,42556.817408
395829.308443,1295.945728,1290.640384,0.0,1295.945728,42556.801024
395937.812645,1295.945728,1290.640384,0.0,1295.945728,42556.78464
396041.94147,1295.945728,1290.640384,0.0,1295.945728,42556.768256
396152.657866,1295.945728,1290.640384,0.0,1295.945728,42557.27616
396261.351236,1295.945728,1290.640384,0.0,1295.945728,42557.259776
396361.374595,1295.949824,1290.64448,0.0,1295.949824,42558.01344
396467.727431,1295.949824,1290.64448,0.0,1295.949824,42557.648896
396567.164048,1295.949824,1290.64448,0.0,1295.949824,42557.632512
396668.5343,1295.949824,1290.64448,0.0,1295.949824,42557.616128
396769.571632,1295.949824,1290.64448,0.0,1295.949824,42557.599744
396870.950283,1295.949824,1290.64448,0.0,1295.949824,42557.58336
396970.254078,1295.949824,1290.64448,0.0,1295.949824,42557.566976
397074.117611,1295.949824,1290.64448,0.0,1295.949824,42557.550592
397173.123163,1295.949824,1290.64448,0.0,1295.949824,42557.534208
397272.440752,1295.949824,1290.64448,0.0,1295.949824,42557.517824
397374.130914,1295.949824,1290.64448,0.0,1295.949824,42557.239296
397478.626833,1295.949824,1290.64448,0.0,1295.949824,42556.964864
397577.351701,1295.949824,1290.64448,0.0,1295.949824,42556.940288
397676.50842,1295.949824,1290.64448,0.0,1295.949824,42556.923904
397777.524995,1295.949824,1290.64448,0.0,1295.949824,42556.90752
397878.459531,1295.949824,1290.64448,0.0,1295.949824,42556.891136
397981.15615,1295.949824,1290.64448,0.0,1295.949824,42557.136896
398080.467529,1295.949824,1290.64448,0.0,1295.949824,42557.382656
398179.807487,1295.949824,1290.64448,0.0,1295.949824,42557.366272
398282.076235,1295.949824,1290.64448,0.0,1295.949824,42557.341696
398386.464396,1295.949824,1290.643456,0.0,1295.949824,42557.042688
398489.966029,1295.949824,1290.64448,0.0,1295.949824,42557.026304
398591.609229,1295.949824,1290.64448,0.0,1295.949824,42557.272064
398696.048138,1295.949824,1290.64448,0.0,1295.949824,42557.25568
398794.937202,1295.949824,1290.64448,0.0,1295.949824,42557.239296
398896.628676,1295.949824,1290.64448,0.0,1295.949824,42557.730816
398997.663564,1295.949824,1290.64448,0.0,1295.949824,42557.714432
399097.006385,1295.949824,1290.64448,0.0,1295.949824,42557.698048
399198.381999,1295.949824,1290.64448,0.0,1295.949824,42557.681664
399299.132548,1295.949824,1290.64448,0.0,1295.949824,42557.66528
399406.020882,1295.949824,1290.64448,0.0,1295.949824,42557.648896
399510.319422,1295.949824,1290.64448,0.0,1295.949824,42557.632512
399618.341135,1295.949824,1290.64448,0.0,1295.949824,42557.616128
399724.419139,1295.949824,1290.64448,0.0,1295.949824,42557.599744
399828.558346,1295.949824,1290.64448,0.0,1295.949824,42557.58336
399936.243001,1295.949824,1290.64448,0.0,1295.949824,42557.82912
400042.897495,1295.949824,1290.641408,0.0,1295.949824,42557.812736
400152.405155,1295.949824,1290.641408,0.0,1295.949824,42558.058496
400260.200935,1295.949824,1290.641408,0.0,1295.949824,42558.046208
400388.391159,1295.949824,1290.641408,0.0,1295.949824,42558.537728
400495.562448,1300.422656,1295.11424,0.0,1300.422656,42563.46112
400601.695565,1300.422656,1295.11424,0.0,1300.422656,42563.178496
400704.800313,1300.422656,1295.11424,0.0,1300.422656,42562.6624
400803.858409,1300.422656,1295.11424,0.0,1300.422656,42562.646016
400902.948528,1300.422656,1295.11424,0.0,1300.422656,42562.363392
401002.433331,1300.422656,1295.11424,0.0,1300.422656,42562.342912
401105.566376,1300.422656,1295.11424,0.0,1300.422656,42562.326528
401206.728131,1300.422656,1295.10912,0.0,1300.422656,42562.301952
401312.635099,1300.422656,1295.117312,0.0,1300.422656,42562.285568
401415.0699,1300.422656,1295.117312,0.0,1300.422656,42562.269184
401523.054475,1300.422656,1295.117312,0.0,1300.422656,42562.510848
401625.041096,1300.422656,1295.117312,0.0,1300.422656,42562.756608
401729.162583,1300.422656,1295.117312,0.0,1300.422656,42562.740224
401828.313792,1300.422656,1295.117312,0.0,1300.422656,42562.985984
401929.539792,1300.422656,1295.117312,0.0,1300.422656,42562.9696
402029.455951,1300.422656,1295.117312,0.0,1300.422656,42562.953216
402131.293377,1300.422656,1295.117312,0.0,1300.422656,42562.936832
402230.409818,1300.422656,1295.117312,0.0,1300.422656,42562.920448
402332.12722,1300.422656,1295.117312,0.0,1300.422656,42562.904064
402431.164841,1300.422656,1295.117312,0.0,1300.422656,42562.64192
402541.027796,1300.422656,1295.117312,0.0,1300.422656,42562.367488
402643.26381,1300.422656,1295.117312,0.0,1300.422656,42562.351104
402745.599126,1300.422656,1295.117312,0.0,1300.422656,42562.072576
402845.009449,1300.422656,1295.117312,0.0,1300.422656,42562.318336
402946.632085,1300.422656,1295.117312,0.0,1300.422656,42562.301952
403046.09121,1300.422656,1295.117312,0.0,1300.422656,42562.285568
403149.382087,1300.422656,1295.117312,0.0,1300.422656,42562.531328
403248.515166,1300.422656,1295.117312,0.0,1300.422656,42562.514944
403349.780791,1300.422656,1295.117312,0.0,1300.422656,42562.49856
403451.030267,1300.422656,1295.117312,0.0,1300.422656,42562.482176
403557.187891,1300.422656,1295.117312,0.0,1300.422656,42562.465792
403658.218349,1300.422656,1295.117312,0.0,1300.422656,42562.449408
403759.851186,1300.422656,1295.117312,0.0,1300.422656,42562.424832
403862.234814,1300.422656,1295.117312,0.0,1300.422656,42562.666496
403966.483107,1300.422656,1295.117312,0.0,1300.422656,42562.650112
404065.428298,1300.422656,1295.117312,0.0,1300.422656,42562.633728
404166.463163,1300.422656,1295.117312,0.0,1300.422656,42562.879488
404265.920842,1300.422656,1295.117312,0.0,1300.422656,42562.863104
404367.389879,1300.422656,1295.117312,0.0,1300.422656,42562.84672
404470.439322,1300.422656,1295.117312,0.0,1300.422656,42562.830336
404578.899454,1300.422656,1295.117312,0.0,1300.422656,42563.21536
404685.937748,1300.422656,1295.117312,0.0,1300.422656,42564.837376
404792.884665,1300.422656,1295.117312,0.0,1300.422656,42565.091328
404898.493189,1300.422656,1295.117312,0.0,1300.422656,42564.988928
405003.719984,1300.422656,1295.117312,0.0,1300.422656,42564.972544
405112.340059,1300.422656,1295.117312,0.0,1300.422656,42564.95616
405215.333321,1300.422656,1295.117312,0.0,1300.422656,42564.939776
405319.618084,1300.422656,1295.117312,0.0,1300.422656,42564.923392
405427.589498,1300.422656,1295.117312,0.0,1300.422656,42564.64896
405530.677206,1306.136576,1300.831232,0.0,1306.136576,42570.903552
405638.065906,1306.136576,1300.831232,0.0,1306.136576,42570.887168
405737.447754,1306.136576,1300.831232,0.0,1306.136576,42570.416128
405837.162119,1306.136576,1300.831232,0.0,1306.136576,42570.399744
405937.497654,1306.136576,1300.831232,0.0,1306.136576,42569.854976
406039.08507,1306.136576,1300.831232,0.0,1306.136576,42569.8304
406142.160847,1306.136576,1300.831232,0.0,1306.136576,42569.814016
406241.328372,1306.136576,1300.831232,0.0,1306.136576,42570.006528
406340.471331,1306.136576,1300.831232,0.0,1306.136576,42569.990144
406440.213039,1306.136576,1300.831232,0.0,1306.136576,42570.235904
406544.190121,1306.136576,1300.831232,0.0,1306.136576,42570.21952
406646.409781,1306.136576,1300.831232,0.0,1306.136576,42570.211328
406745.191361,1306.136576,1300.831232,0.0,1306.136576,42570.194944
406844.142796,1306.136576,1300.831232,0.0,1306.136576,42570.17856
406943.694445,1306.136576,1300.831232,0.0,1306.136576,42570.162176
407045.542706,1306.136576,1300.831232,0.0,1306.136576,42570.145792
407145.484181,1306.136576,1300.831232,0.0,1306.136576,42570.129408
407247.146101,1306.136576,1300.831232,0.0,1306.136576,42570.113024
407348.536491,1306.136576,1300.831232,0.0,1306.136576,42569.834496
407447.885565,1306.136576,1300.831232,0.0,1306.136576,42570.080256
407552.61262,1306.136576,1300.831232,0.0,1306.136576,42570.326016
407656.825261,1306.136576,1300.831232,0.0,1306.136576,42569.74848
407759.546824,1306.136576,1300.831232,0.0,1306.136576,42569.732096
407861.539418,1306.136576,1300.831232,0.0,1306.136576,42569.715712
407961.239051,1306.136576,1300.831232,0.0,1306.136576,42569.699328
408062.564217,1306.136576,1300.831232,0.0,1306.136576,42569.682944
408168.723769,1306.136576,1300.831232,0.0,1306.136576,42569.670656
408273.501131,1306.136576,1300.831232,0.0,1306.136576,42569.654272
408381.301171,1306.136576,1300.831232,0.0,1306.136576,42569.637888
408489.307085,1306.136576,1300.831232,0.0,1306.136576,42569.621504
408592.729346,1306.136576,1300.831232,0.0,1306.136576,42569.60512
408703.323741,1306.136576,1300.831232,0.0,1306.136576,42569.580544
408811.521901,1306.136576,1300.831232,0.0,1306.136576,42569.826304
408914.810846,1306.136576,1300.831232,0.0,1306.136576,42569.80992
409022.562258,1306.136576,1300.831232,0.0,1306.136576,42569.793536
409125.560634,1306.136576,1300.831232,0.0,1306.136576,42570.30144
409224.247734,1306.144768,1300.839424,0.0,1306.144768,42571.579392
409323.37249,1306.144768,1300.839424,0.0,1306.144768,42571.563008
409422.908159,1306.144768,1300.839424,0.0,1306.144768,42571.546624
409522.750477,1306.144768,1300.839424,0.0,1306.144768,42571.53024
409624.851318,1306.144768,1300.839424,0.0,1306.144768,42571.776
409724.607644,1306.144768,1300.839424,0.0,1306.144768,42570.985472
409826.31494,1306.144768,1300.839424,0.0,1306.144768,42570.960896
409927.787338,1306.144768,1300.839424,0.0,1306.144768,42570.944512
410027.58376,1306.144768,1300.839424,0.0,1306.144768,42570.928128
410129.263667,1306.144768,1300.839424,0.0,1306.144768,42571.173888
410228.88598,1306.144768,1300.839424,0.0,1306.144768,42571.1616
410328.778921,1306.144768,1300.839424,0.0,1306.144768,42571.145216
410430.742745,1306.144768,1300.839424,0.0,1306.144768,42571.128832
410530.374913,1306.144768,1300.839424,0.0,1306.144768,42571.112448
410632.281004,1306.144768,1300.839424,0.0,1306.144768,42571.096064
410733.801152,1306.144768,1300.839424,0.0,1306.144768,42570.612736
410833.424046,1306.144768,1300.839424,0.0,1306.144768,42570.596352
410933.478991,1306.144768,1300.839424,0.0,1306.144768,42570.579968
411033.25835,1306.144768,1300.839424,0.0,1306.144768,42570.825728
411135.479548,1306.144768,1300.839424,0.0,1306.144768,42570.309632
411235.3534,1306.144768,1300.839424,0.0,1306.144768,42570.289152
411335.284197,1306.144768,1300.839424,0.0,1306.144768,42570.272768
411436.597681,1306.144768,1300.839424,0.0,1306.144768,42570.256384
411536.234925,1306.144768,1300.839424,0.0,1306.144768,42569.981952
411638.258327,1306.144768,1300.839424,0.0,1306.144768,42570.489856
411739.772906,1306.144768,1300.839424,0.0,1306.144768,42570.473472
411840.795742,1306.144768,1300.839424,0.0,1306.144768,42570.457088
411939.931831,1306.144768,1300.839424,0.0,1306.144768,42570.440704
412041.61089,1306.144768,1300.839424,0.0,1306.144768,42570.42432
412140.954123,1306.144768,1300.839424,0.0,1306.144768,42570.407936
412242.705309,1306.144768,1300.839424,0.0,1306.144768,42570.391552
412346.293927,1306.144768,1300.839424,0.0,1306.144768,42569.854976
412453.08907,1306.144768,1300.839424,0.0,1306.144768,42569.838592
412558.769571,1306.144768,1300.839424,0.0,1306.144768,42569.822208
412665.309022,1306.144768,1300.839424,0.0,1306.144768,42569.539584
412772.168233,1306.144768,1300.839424,0.0,1306.144768,42569.785344
412877.607222,1306.144768,1300.839424,0.0,1306.144768,42570.031104
412984.441771,1306.144768,1300.839424,0.0,1306.144768,42570.01472
413096.840587,1306.144768,1300.839424,0.0,1306.144768,42569.998336
413203.627806,1306.144768,1300.839424,0.0,1306.144768,42569.981952
413309.979028,1306.144768,1300.839424,0.0,1306.144768,42569.965568
413398.654042,1306.144768,1300.839424,0.0,1306.144768,42570.194944
