elapsed_ms,rss_mb_decimal,pss_mb_decimal,gpu_memory_mb_decimal,total_memory_mb_decimal,cgroup_memory_mb_decimal
0.0,1288.62208,1283.315712,0.0,1288.62208,26949.177344
94.546828,1288.62208,1283.315712,0.0,1288.62208,26949.16096
187.76454,1288.62208,1283.315712,0.0,1288.62208,26949.12
279.997112,1288.62208,1283.315712,0.0,1288.62208,26949.34528
372.545455,1288.62208,1283.315712,0.0,1288.62208,26949.390336
467.13562,1288.62208,1283.315712,0.0,1288.62208,26949.083136
562.119608,1288.62208,1283.315712,0.0,1288.62208,26949.029888
654.769385,1288.62208,1283.315712,0.0,1288.62208,26949.013504
749.696677,1288.62208,1283.315712,0.0,1288.62208,26948.99712
842.666459,1288.62208,1283.315712,0.0,1288.62208,26949.144576
934.789152,1288.62208,1283.315712,0.0,1288.62208,26949.128192
1027.508712,1288.62208,1283.315712,0.0,1288.62208,26949.111808
1122.375847,1288.62208,1283.315712,0.0,1288.62208,26949.095424
1215.425683,1288.62208,1283.315712,0.0,1288.62208,26949.07904
1307.741651,1288.62208,1283.315712,0.0,1288.62208,26949.3248
1400.344062,1288.62208,1283.315712,0.0,1288.62208,26949.57056
1495.312625,1288.62208,1283.315712,0.0,1288.62208,26949.554176
1588.07135,1288.62208,1283.315712,0.0,1288.62208,26949.799936
1680.441354,1288.62208,1283.315712,0.0,1288.62208,26949.783552
1776.679535,1288.62208,1283.315712,0.0,1288.62208,26949.767168
1869.662269,1288.62208,1283.315712,0.0,1288.62208,26949.750784
1962.149514,1288.62208,1283.315712,0.0,1288.62208,26949.7344
2054.78529,1288.62208,1283.315712,0.0,1288.62208,26949.718016
2149.675419,1288.62208,1283.315712,0.0,1288.62208,26949.701632
2242.344748,1288.62208,1283.315712,0.0,1288.62208,26949.685248
2334.967877,1288.62208,1283.315712,0.0,1288.62208,26949.668864
2427.452169,1288.62208,1283.315712,0.0,1288.62208,26949.65248
2522.783993,1288.62208,1283.315712,0.0,1288.62208,26949.61152
2615.757993,1288.62208,1283.315712,0.0,1288.62208,26949.59104
2708.176422,1288.62208,1283.315712,0.0,1288.62208,26949.09952
2804.753996,1288.62208,1283.315712,0.0,1288.62208,26948.56704
2897.740152,1288.62208,1283.315712,0.0,1288.62208,26948.390912
2989.767948,1288.62208,1283.315712,0.0,1288.62208,26948.640768
3082.336678,1288.62208,1283.315712,0.0,1288.62208,26949.16096
3177.4308,1288.62208,1283.315712,0.0,1288.62208,26948.890624
3270.223433,1288.62208,1283.315712,0.0,1288.62208,26948.612096
3362.740521,1288.62208,1283.315712,0.0,1288.62208,26949.128192
3455.943459,1288.62208,1283.315712,0.0,1288.62208,26948.845568
3551.511151,1288.62208,1283.315712,0.0,1288.62208,26949.103616
3646.445512,1288.62208,1283.315712,0.0,1288.62208,26948.79232
3741.582541,1288.62208,1283.315712,0.0,1288.62208,26948.763648
3834.403964,1288.62208,1283.315712,0.0,1288.62208,26948.747264
3926.610135,1288.62208,1283.315712,0.0,1288.62208,26948.73088
4019.60547,1288.62208,1283.315712,0.0,1288.62208,26948.964352
4115.48323,1288.62208,1283.315712,0.0,1288.62208,26948.64896
4207.992826,1288.62208,1283.315712,0.0,1288.62208,26949.14048
4300.352889,1288.62208,1283.315712,0.0,1288.62208,26949.111808
4394.653469,1288.62208,1283.315712,0.0,1288.62208,26949.074944
4490.137147,1288.62208,1283.315712,0.0,1288.62208,26948.276224
4582.572871,1288.62208,1283.315712,0.0,1288.62208,26948.390912
4676.680182,1288.62208,1283.315712,0.0,1288.62208,26948.616192
4771.726106,1288.62208,1283.315712,0.0,1288.62208,26949.107712
4864.608589,1288.62208,1283.315712,0.0,1288.62208,26950.926336
4962.297654,1288.62208,1283.315712,0.0,1288.62208,26950.967296
5054.922013,1288.62208,1283.315712,0.0,1288.62208,26950.672384
5148.214718,1288.62208,1283.315712,0.0,1288.62208,26952.650752
5243.761226,1288.62208,1283.315712,0.0,1288.62208,26951.606272
5336.302301,1288.62208,1283.315712,0.0,1288.62208,26950.074368
5428.441351,1288.62208,1283.315712,0.0,1288.62208,26949.881856
5521.840091,1288.62208,1283.315712,0.0,1288.62208,26950.10304
5617.512142,1288.62208,1283.315712,0.0,1288.62208,26950.049792
5711.923741,1288.62208,1283.315712,0.0,1288.62208,26950.008832
5811.551192,1288.62208,1283.315712,0.0,1288.62208,26949.71392
5910.236755,1288.62208,1283.315712,0.0,1288.62208,26949.947392
6008.24212,1288.62208,1283.315712,0.0,1288.62208,26950.279168
6108.870773,1288.62208,1283.315712,0.0,1288.62208,26950.90176
6206.908372,1288.62208,1283.315712,0.0,1288.62208,26952.572928
6308.891196,1288.62208,1283.315712,0.0,1288.62208,26952.818688
6409.692218,1288.62208,1283.315712,0.0,1288.62208,26952.732672
6507.745349,1288.62208,1283.315712,0.0,1288.62208,26952.716288
6604.769409,1288.62208,1283.315712,0.0,1288.62208,26952.962048
6699.293918,1288.62208,1283.315712,0.0,1288.62208,26952.675328
6798.457329,1288.62208,1283.315712,0.0,1288.62208,26951.073792
6893.972049,1288.62208,1283.315712,0.0,1288.62208,26951.233536
6990.968582,1288.62208,1283.315712,0.0,1288.62208,26951.217152
7086.705377,1288.62208,1283.315712,0.0,1288.62208,26951.200768
7181.728781,1288.859648,1285.797888,0.0,1288.859648,26956.84096
7275.010647,1293.897728,1288.59136,0.0,1293.897728,26956.824576
7370.776562,1293.897728,1288.59136,0.0,1293.897728,26957.070336
7463.413206,1293.897728,1288.59136,0.0,1293.897728,26957.058048
7556.550218,1293.897728,1288.59136,0.0,1293.897728,26957.303808
7656.158428,1293.897728,1288.59136,0.0,1293.897728,26957.287424
7750.519976,1293.897728,1288.59136,0.0,1293.897728,26957.266944
7848.500881,1293.897728,1288.59136,0.0,1293.897728,26956.324864
7944.215923,1293.897728,1288.59136,0.0,1293.897728,26956.30848
8036.999198,1293.897728,1288.59136,0.0,1293.897728,26956.292096
8129.397623,1293.897728,1288.59136,0.0,1293.897728,26956.275712
8226.116702,1293.897728,1288.59136,0.0,1293.897728,26956.259328
8318.843665,1293.897728,1288.59136,0.0,1293.897728,26956.505088
8414.465947,1293.897728,1288.59136,0.0,1293.897728,26956.488704
8509.704012,1293.897728,1288.59136,0.0,1293.897728,26956.47232
8601.972575,1293.897728,1288.59136,0.0,1293.897728,26956.71808
8695.211918,1293.897728,1288.59136,0.0,1293.897728,26956.447744
8790.875932,1293.897728,1288.59136,0.0,1293.897728,26956.63616
8883.464396,1293.897728,1288.59136,0.0,1293.897728,26956.619776
8975.731341,1293.897728,1288.59136,0.0,1293.897728,26956.603392
9069.923376,1293.897728,1288.59136,0.0,1293.897728,26956.587008
9165.134825,1293.897728,1288.59136,0.0,1293.897728,26956.570624
9257.778421,1293.897728,1288.59136,0.0,1293.897728,26958.06976
9351.973328,1293.897728,1288.59136,0.0,1293.897728,26958.266368
9447.16039,1293.897728,1288.59136,0.0,1293.897728,26957.78304
9539.821,1293.897728,1288.59136,0.0,1293.897728,26957.766656
9633.959066,1293.897728,1288.59136,0.0,1293.897728,26957.746176
9729.179994,1293.897728,1288.59136,0.0,1293.897728,26957.729792
9821.652724,1293.897728,1288.59136,0.0,1293.897728,26957.713408
9915.614511,1293.897728,1288.59136,0.0,1293.897728,26957.697024
10010.917252,1293.897728,1288.59136,0.0,1293.897728,26957.68064
10103.432163,1293.897728,1288.59136,0.0,1293.897728,26957.668352
10196.309161,1293.897728,1288.59136,0.0,1293.897728,26957.651968
10292.29861,1293.897728,1288.59136,0.0,1293.897728,26957.627392
10385.161924,1293.897728,1288.59136,0.0,1293.897728,26957.611008
10481.864284,1293.897728,1288.59136,0.0,1293.897728,26957.041664
10576.555954,1293.897728,1288.59136,0.0,1293.897728,26957.02528
10669.799063,1293.897728,1288.59136,0.0,1293.897728,26957.008896
10765.826697,1293.897728,1288.59136,0.0,1293.897728,26956.992512
10860.695166,1293.897728,1288.59136,0.0,1293.897728,26956.976128
10956.195343,1293.897728,1288.59136,0.0,1293.897728,26956.959744
11048.986554,1293.897728,1288.59136,0.0,1293.897728,26956.94336
11141.279305,1293.897728,1288.59136,0.0,1293.897728,26956.926976
11235.06589,1293.897728,1288.59136,0.0,1293.897728,26956.910592
11330.720683,1293.897728,1288.59136,0.0,1293.897728,26957.156352
11422.988671,1293.897728,1288.59136,0.0,1293.897728,26957.139968
11516.343471,1293.897728,1288.59136,0.0,1293.897728,26957.123584
11612.080382,1293.897728,1288.59136,0.0,1293.897728,26957.369344
11704.50951,1293.897728,1288.59136,0.0,1293.897728,26957.615104
11797.033934,1293.897728,1288.59136,0.0,1293.897728,26957.59872
11891.54533,1293.897728,1288.59136,0.0,1293.897728,26957.582336
11986.886199,1293.897728,1288.59136,0.0,1293.897728,26957.828096
12080.590364,1293.897728,1288.59136,0.0,1293.897728,26957.553664
12176.477599,1293.897728,1288.59136,0.0,1293.897728,26957.279232
12268.987275,1293.897728,1288.59136,0.0,1293.897728,26957.262848
12361.534796,1293.897728,1288.59136,0.0,1293.897728,26957.246464
12459.000995,1293.897728,1288.59136,0.0,1293.897728,26957.23008
12551.400038,1293.897728,1288.59136,0.0,1293.897728,26957.213696
12644.992765,1293.897728,1288.59136,0.0,1293.897728,26957.197312
12740.422339,1293.897728,1288.59136,0.0,1293.897728,26957.180928
12833.154096,1293.897728,1288.59136,0.0,1293.897728,26956.9024
12926.482083,1293.897728,1288.59136,0.0,1293.897728,26956.6976
13028.674034,1293.897728,1288.59136,0.0,1293.897728,26956.88192
13127.502339,1293.897728,1288.59136,0.0,1293.897728,26957.12768
13226.788154,1293.897728,1288.59136,0.0,1293.897728,26957.111296
13324.091113,1293.897728,1288.59136,0.0,1293.897728,26957.357056
13420.077954,1293.897728,1288.59136,0.0,1293.897728,26957.340672
13518.948554,1293.897728,1288.59136,0.0,1293.897728,26957.324288
13614.869281,1293.897728,1288.59136,0.0,1293.897728,26957.307904
13709.983956,1293.897728,1288.59136,0.0,1293.897728,26957.553664
13804.933126,1293.897728,1288.59136,0.0,1293.897728,26957.316096
13902.278678,1293.897728,1288.59136,0.0,1293.897728,26957.299712
13998.040563,1293.897728,1288.59136,0.0,1293.897728,26957.283328
14093.185791,1293.897728,1288.59136,0.0,1293.897728,26957.0048
14191.827316,1293.897728,1288.59136,0.0,1293.897728,26957.25056
14286.326989,1293.897728,1288.59136,0.0,1293.897728,26957.49632
14383.796139,1293.897728,1288.59136,0.0,1293.897728,26957.479936
14476.207569,1294.843904,1292.42112,0.0,1294.843904,26962.436096
14568.987221,1299.202048,1293.89568,0.0,1299.202048,26962.415616
14665.02625,1299.202048,1293.89568,0.0,1299.202048,26962.92352
14758.045479,1299.202048,1293.89568,0.0,1299.202048,26962.386944
14850.995888,1299.202048,1293.89568,0.0,1299.202048,26962.37056
14946.905653,1299.202048,1293.89568,0.0,1299.202048,26962.354176
15039.627667,1299.202048,1293.89568,0.0,1299.202048,26962.337792
15131.921683,1299.202048,1293.89568,0.0,1299.202048,26962.321408
15225.920501,1299.202048,1293.89568,0.0,1299.202048,26962.305024
15321.300938,1299.202048,1293.89568,0.0,1299.202048,26962.292736
15414.13703,1299.202048,1293.894656,0.0,1299.202048,26961.997824
15511.167958,1299.202048,1293.89568,0.0,1299.202048,26961.73568
15604.173148,1299.202048,1293.89568,0.0,1299.202048,26961.98144
15697.345956,1299.202048,1293.89568,0.0,1299.202048,26962.2272
15793.501005,1299.202048,1293.89568,0.0,1299.202048,26961.948672
15886.135209,1299.202048,1293.89568,0.0,1299.202048,26961.928192
15979.210762,1299.202048,1293.89568,0.0,1299.202048,26961.911808
16075.043365,1299.202048,1293.89568,0.0,1299.202048,26962.157568
16168.109232,1299.202048,1293.89568,0.0,1299.202048,26964.320256
16260.47138,1299.202048,1293.89568,0.0,1299.202048,26963.771392
16355.468386,1299.202048,1293.89568,0.0,1299.202048,26964.017152
16448.675448,1299.202048,1293.89568,0.0,1299.202048,26964.000768
16541.211885,1299.202048,1293.89568,0.0,1299.202048,26963.984384
16634.614612,1299.202048,1293.89568,0.0,1299.202048,26963.968
16730.309966,1299.202048,1293.89568,0.0,1299.202048,26964.21376
16823.364093,1299.202048,1293.89568,0.0,1299.202048,26964.02944
16916.345004,1299.202048,1293.89568,0.0,1299.202048,26964.013056
17015.837454,1299.202048,1293.89568,0.0,1299.202048,26963.996672
17110.124684,1299.202048,1293.89568,0.0,1299.202048,26964.242432
17205.291305,1299.202048,1293.89568,0.0,1299.202048,26963.980288
17297.729873,1299.202048,1293.89568,0.0,1299.202048,26964.221952
17394.513398,1299.202048,1293.89568,0.0,1299.202048,26964.50048
17487.461076,1299.202048,1293.89568,0.0,1299.202048,26964.230144
17579.835459,1299.202048,1293.89568,0.0,1299.202048,26963.951616
17674.025251,1299.202048,1293.89568,0.0,1299.202048,26964.197376
17769.244033,1299.202048,1293.89568,0.0,1299.202048,26964.086784
17861.66889,1299.202048,1293.89568,0.0,1299.202048,26964.0704
17955.489167,1299.202048,1293.89568,0.0,1299.202048,26964.267008
18054.192741,1299.202048,1293.89568,0.0,1299.202048,26963.78368
18149.95285,1299.202048,1293.89568,0.0,1299.202048,26963.767296
18242.758853,1299.202048,1293.89568,0.0,1299.202048,26963.750912
18338.571717,1299.202048,1293.89568,0.0,1299.202048,26963.996672
18433.724637,1299.202048,1293.89568,0.0,1299.202048,26963.718144
18529.764269,1299.202048,1293.89568,0.0,1299.202048,26963.70176
18625.038898,1299.202048,1293.89568,0.0,1299.202048,26963.685376
18717.710729,1299.202048,1293.89568,0.0,1299.202048,26963.038208
18812.066125,1299.202048,1293.89568,0.0,1299.202048,26963.021824
18906.963859,1299.202048,1293.89568,0.0,1299.202048,26963.00544
18999.35651,1299.202048,1293.89568,0.0,1299.202048,26962.989056
19092.746899,1299.202048,1293.89568,0.0,1299.202048,26962.972672
19188.239123,1299.202048,1293.89568,0.0,1299.202048,26962.956288
19280.925106,1299.202048,1293.89568,0.0,1299.202048,26963.202048
19373.747612,1299.202048,1293.89568,0.0,1299.202048,26963.185664
19469.24246,1299.202048,1293.89568,0.0,1299.202048,26963.173376
19567.17819,1299.202048,1293.89568,0.0,1299.202048,26962.78016
19665.435555,1299.202048,1293.89568,0.0,1299.202048,26962.763776
19760.833329,1299.202048,1293.89568,0.0,1299.202048,26962.743296
19853.581407,1299.202048,1293.89568,0.0,1299.202048,26962.726912
19946.637649,1299.202048,1293.89568,0.0,1299.202048,26962.444288
20040.396621,1299.202048,1293.89568,0.0,1299.202048,26962.427904
20135.814364,1299.202048,1293.89568,0.0,1299.202048,26962.41152
20228.471115,1299.202048,1293.89568,0.0,1299.202048,26962.395136
20327.387585,1299.202048,1293.89568,0.0,1299.202048,26963.177472
20423.195779,1299.202048,1293.89568,0.0,1299.202048,26963.181568
20523.058934,1299.202048,1293.89568,0.0,1299.202048,26963.156992
20621.445336,1299.202048,1293.89568,0.0,1299.202048,26963.382272
20717.501351,1299.202048,1293.89568,0.0,1299.202048,26963.136512
20812.628086,1299.202048,1293.89568,0.0,1299.202048,26963.202048
20908.405908,1299.202048,1293.89568,0.0,1299.202048,26962.915328
21005.368874,1299.202048,1293.89568,0.0,1299.202048,26963.161088
21101.608073,1299.202048,1293.89568,0.0,1299.202048,26962.886656
21196.505938,1299.202048,1293.89568,0.0,1299.202048,26962.870272
21292.207674,1299.202048,1293.89568,0.0,1299.202048,26963.378176
21387.388925,1299.202048,1293.89568,0.0,1299.202048,26963.365888
21482.668326,1299.202048,1293.89568,0.0,1299.202048,26963.3536
21580.172081,1299.202048,1293.89568,0.0,1299.202048,26963.075072
21679.787433,1299.202048,1293.89568,0.0,1299.202048,26963.320832
21773.047384,1304.543232,1299.236864,0.0,1304.543232,26969.57952
21868.812071,1304.543232,1299.236864,0.0,1304.543232,26969.563136
21961.302277,1304.543232,1299.236864,0.0,1304.543232,26969.546752
22054.080325,1304.543232,1299.236864,0.0,1304.543232,26969.530368
22150.311872,1304.543232,1299.236864,0.0,1304.543232,26969.513984
22242.983007,1304.543232,1299.236864,0.0,1304.543232,26969.4976
22335.795485,1304.543232,1299.236864,0.0,1304.543232,26969.74336
22432.593769,1304.543232,1299.236864,0.0,1304.543232,26969.255936
22525.344856,1304.543232,1299.236864,0.0,1304.543232,26969.243648
22618.606867,1304.543232,1299.236864,0.0,1304.543232,26969.227264
22714.328975,1304.543232,1299.236864,0.0,1304.543232,26969.202688
22812.923268,1304.543232,1299.236864,0.0,1304.543232,26968.45312
22906.265957,1304.543232,1299.236864,0.0,1304.543232,26968.440832
22998.636691,1304.543232,1299.236864,0.0,1304.543232,26968.424448
23091.819211,1304.543232,1299.236864,0.0,1304.543232,26968.408064
23187.714317,1304.543232,1299.236864,0.0,1304.543232,26968.137728
23285.608231,1304.543232,1299.236864,0.0,1304.543232,26968.12544
23380.735513,1304.543232,1299.236864,0.0,1304.543232,26968.109056
23473.534314,1304.543232,1299.236864,0.0,1304.543232,26968.092672
23569.222003,1304.543232,1299.236864,0.0,1304.543232,26968.076288
23667.235552,1304.543232,1299.236864,0.0,1304.543232,26968.059904
23762.533977,1304.543232,1299.236864,0.0,1304.543232,26968.04352
23854.81391,1304.543232,1299.236864,0.0,1304.543232,26968.28928
23948.561376,1304.543232,1299.236864,0.0,1304.543232,26968.272896
24043.910689,1304.543232,1299.236864,0.0,1304.543232,26968.256512
24136.367132,1304.543232,1299.236864,0.0,1304.543232,26968.240128
24229.79138,1304.543232,1299.236864,0.0,1304.543232,26968.485888
24325.729292,1304.543232,1299.236864,0.0,1304.543232,26968.731648
24421.17279,1304.543232,1299.236864,0.0,1304.543232,26968.715264
24517.081335,1304.543232,1299.236864,0.0,1304.543232,26968.436736
24609.421904,1304.543232,1299.236864,0.0,1304.543232,26968.420352
24702.618716,1304.543232,1299.236864,0.0,1304.543232,26968.403968
24798.604346,1304.543232,1299.236864,0.0,1304.543232,26968.387584
24891.122573,1304.543232,1299.236864,0.0,1304.543232,26968.633344
24984.151016,1304.543232,1299.236864,0.0,1304.543232,26968.354816
25079.923545,1304.543232,1299.236864,0.0,1304.543232,26968.338432
25172.580066,1304.543232,1299.236864,0.0,1304.543232,26968.322048
25265.026778,1304.543232,1299.236864,0.0,1304.543232,26968.305664
25359.556217,1304.543232,1299.236864,0.0,1304.543232,26968.551424
25454.669344,1304.543232,1299.236864,0.0,1304.543232,26968.276992
25547.165613,1304.543232,1299.236864,0.0,1304.543232,26968.260608
25642.013008,1304.543232,1299.236864,0.0,1304.543232,26968.244224
25735.218249,1304.543232,1299.236864,0.0,1304.543232,26968.489984
25827.752106,1304.543232,1299.236864,0.0,1304.543232,26968.4736
25921.282716,1304.543232,1299.236864,0.0,1304.543232,26968.457216
26016.920531,1304.543232,1299.236864,0.0,1304.543232,26968.440832
26109.792586,1304.543232,1299.236864,0.0,1304.543232,26968.424448
26205.922419,1304.543232,1299.236864,0.0,1304.543232,26968.662016
26299.233383,1304.543232,1299.236864,0.0,1304.543232,26969.16992
26391.713648,1304.543232,1299.236864,0.0,1304.543232,26968.633344
26488.435034,1304.543232,1299.236864,0.0,1304.543232,26968.61696
26581.626982,1304.543232,1299.236864,0.0,1304.543232,26968.338432
26674.326625,1304.543232,1299.236864,0.0,1304.543232,26968.322048
26768.490433,1304.543232,1299.236864,0.0,1304.543232,26968.301568
26863.780812,1304.543232,1299.236864,0.0,1304.543232,26968.547328
26956.039941,1304.543232,1299.236864,0.0,1304.543232,26968.530944
27049.524231,1304.543232,1299.236864,0.0,1304.543232,26968.51456
27145.395818,1304.543232,1299.236864,0.0,1304.543232,26968.498176
27237.703148,1304.543232,1299.236864,0.0,1304.543232,26968.485888
27330.70936,1304.543232,1299.236864,0.0,1304.543232,26968.731648
27426.541354,1304.543232,1299.236864,0.0,1304.543232,26968.71936
27522.614718,1304.543232,1299.236864,0.0,1304.543232,26968.444928
27621.37904,1304.543232,1299.236864,0.0,1304.543232,26968.428544
27718.621035,1304.543232,1299.236864,0.0,1304.543232,26968.41216
27814.085779,1304.543232,1299.236864,0.0,1304.543232,26968.395776
27912.592998,1304.543232,1299.236864,0.0,1304.543232,26968.641536
28008.086272,1304.543232,1299.236864,0.0,1304.543232,26968.625152
28105.411549,1304.543232,1299.236864,0.0,1304.543232,26968.870912
28202.237373,1304.543232,1299.236864,0.0,1304.543232,26968.592384
28301.842571,1304.543232,1299.236864,0.0,1304.543232,26968.04352
28398.649989,1304.543232,1299.236864,0.0,1304.543232,26967.764992
28496.457554,1304.543232,1299.236864,0.0,1304.543232,26968.010752
28591.254683,1304.543232,1299.236864,0.0,1304.543232,26967.732224
28689.261541,1304.543232,1299.236864,0.0,1304.543232,26967.71584
28786.369465,1304.543232,1299.236864,0.0,1304.543232,26967.9616
28883.364907,1304.543232,1299.236864,0.0,1304.543232,26968.20736
28984.194849,1309.814784,1304.508416,0.0,1309.814784,26973.94176
29080.365647,1309.814784,1304.508416,0.0,1309.814784,26973.687808
29173.025568,1309.814784,1304.508416,0.0,1309.814784,26973.413376
29266.542858,1309.814784,1304.508416,0.0,1309.814784,26973.396992
29362.609197,1309.814784,1304.508416,0.0,1309.814784,26973.3888
29455.236092,1309.814784,1304.508416,0.0,1309.814784,26973.110272
29549.03209,1309.814784,1304.508416,0.0,1309.814784,26973.089792
29644.814312,1309.814784,1304.508416,0.0,1309.814784,26973.073408
29737.271856,1309.814784,1304.508416,0.0,1309.814784,26973.057024
29830.85309,1309.814784,1304.508416,0.0,1309.814784,26973.04064
29926.535573,1309.814784,1304.508416,0.0,1309.814784,26973.024256
30019.126085,1309.814784,1304.508416,0.0,1309.814784,26973.007872
30112.639107,1309.814784,1304.508416,0.0,1309.814784,26973.253632
30208.596176,1309.814784,1304.508416,0.0,1309.814784,26972.975104
30303.891155,1309.814784,1304.508416,0.0,1309.814784,26973.47072
30400.00196,1309.814784,1304.508416,0.0,1309.814784,26973.192192
30492.609894,1309.814784,1304.508416,0.0,1309.814784,26972.913664
30585.877845,1309.814784,1304.508416,0.0,1309.814784,26972.89728
30681.917782,1309.814784,1304.508416,0.0,1309.814784,26972.860416
30774.690192,1309.814784,1304.508416,0.0,1309.814784,26972.79488
30868.207733,1309.814784,1304.508416,0.0,1309.814784,26972.778496
30963.948123,1309.814784,1304.508416,0.0,1309.814784,26973.024256
31056.486852,1309.814784,1304.508416,0.0,1309.814784,26973.007872
31149.870357,1309.814784,1304.508416,0.0,1309.814784,26972.991488
31245.608204,1309.814784,1304.508416,0.0,1309.814784,26972.975104
31338.40995,1309.814784,1304.508416,0.0,1309.814784,26973.220864
31431.440843,1309.814784,1304.508416,0.0,1309.814784,26973.212672
31527.57329,1309.814784,1304.508416,0.0,1309.814784,26973.196288
31620.099833,1309.814784,1304.508416,0.0,1309.814784,26973.179904
31713.2004,1309.814784,1304.508416,0.0,1309.814784,26973.425664
31812.078582,1309.814784,1304.508416,0.0,1309.814784,26972.864512
31905.578981,1309.814784,1304.508416,0.0,1309.814784,26972.852224
32001.739273,1309.814784,1304.508416,0.0,1309.814784,26973.093888
32094.323062,1309.814784,1304.508416,0.0,1309.814784,26973.077504
32188.195466,1309.814784,1304.508416,0.0,1309.814784,26973.06112
32283.92006,1309.814784,1304.508416,0.0,1309.814784,26973.044736
32376.725451,1309.814784,1304.508416,0.0,1309.814784,26973.294592
32470.519382,1309.814784,1304.508416,0.0,1309.814784,26973.278208
32566.199273,1309.814784,1304.508416,0.0,1309.814784,26973.261824
32658.862686,1309.814784,1304.508416,0.0,1309.814784,26973.24544
32752.790392,1309.814784,1304.508416,0.0,1309.814784,26973.229056
32848.947379,1309.814784,1304.508416,0.0,1309.814784,26972.950528
32941.550932,1309.814784,1304.508416,0.0,1309.814784,26972.934144
33035.968624,1309.814784,1304.508416,0.0,1309.814784,26972.91776
33131.579579,1309.814784,1304.508416,0.0,1309.814784,26972.901376
33224.209692,1309.814784,1304.508416,0.0,1309.814784,26973.147136
33319.158427,1309.814784,1304.508416,0.0,1309.814784,26973.392896
33412.44353,1309.814784,1304.508416,0.0,1309.814784,26973.376512
33511.167285,1309.814784,1304.508416,0.0,1309.814784,26973.974528
33604.328259,1309.814784,1304.508416,0.0,1309.814784,26973.958144
33697.09923,1309.814784,1304.508416,0.0,1309.814784,26973.47072
33791.42748,1309.814784,1304.508416,0.0,1309.814784,26973.454336
33886.568037,1309.814784,1304.508416,0.0,1309.814784,26973.437952
33982.171438,1309.814784,1304.508416,0.0,1309.814784,26973.683712
34077.764363,1309.814784,1304.508416,0.0,1309.814784,26973.642752
34170.378872,1309.814784,1304.508416,0.0,1309.814784,26973.618176
34264.99573,1309.814784,1304.508416,0.0,1309.814784,26973.601792
34360.210823,1309.814784,1304.508416,0.0,1309.814784,26973.851648
34452.622383,1309.814784,1304.508416,0.0,1309.814784,26973.57312
34546.551896,1309.814784,1304.508416,0.0,1309.814784,26973.55264
34642.488504,1309.814784,1304.508416,0.0,1309.814784,26973.536256
34740.171864,1309.814784,1304.508416,0.0,1309.814784,26974.035968
34837.391249,1309.814784,1304.508416,0.0,1309.814784,26974.019584
34936.083215,1309.814784,1304.508416,0.0,1309.814784,26974.0032
35033.342673,1309.814784,1304.508416,0.0,1309.814784,26973.986816
35129.7741,1309.814784,1304.508416,0.0,1309.814784,26973.970432
35228.590864,1309.814784,1304.508416,0.0,1309.814784,26973.954048
35325.203623,1309.814784,1304.508416,0.0,1309.814784,26974.203904
35420.381888,1309.814784,1304.508416,0.0,1309.814784,26974.18752
35516.514829,1309.814784,1304.508416,0.0,1309.814784,26974.171136
35611.843725,1309.814784,1304.508416,0.0,1309.814784,26974.150656
35708.478257,1309.814784,1304.508416,0.0,1309.814784,26974.400512
35803.463156,1309.814784,1304.508416,0.0,1309.814784,26974.384128
35900.542382,1309.814784,1304.508416,0.0,1309.814784,26974.1056
35995.53854,1309.814784,1304.508416,0.0,1309.814784,26974.347264
36092.988622,1309.814784,1304.508416,0.0,1309.814784,26974.33088
36183.040241,1309.884416,1304.582144,0.0,1309.884416,26974.154752
36277.429924,1315.086336,1309.779968,0.0,1315.086336,26978.217984
36373.01356,1315.086336,1309.779968,0.0,1315.086336,26977.927168
36471.027623,1315.086336,1309.779968,0.0,1315.086336,26977.910784
36566.737187,1315.086336,1309.779968,0.0,1315.086336,26978.095104
36659.187481,1315.086336,1309.779968,0.0,1315.086336,26977.816576
36753.305389,1315.086336,1309.779968,0.0,1315.086336,26977.808384
36849.144014,1315.086336,1309.779968,0.0,1315.086336,26977.599488
36941.642044,1315.086336,1309.779968,0.0,1315.086336,26977.591296
37036.458175,1315.086336,1309.779968,0.0,1315.086336,26977.591296
37129.818098,1315.086336,1309.779968,0.0,1315.086336,26977.804288
37222.454817,1315.086336,1309.779968,0.0,1315.086336,26977.787904
37315.903224,1315.086336,1309.779968,0.0,1315.086336,26978.033664
37411.861253,1315.086336,1309.779968,0.0,1315.086336,26978.01728
37504.596626,1315.086336,1309.779968,0.0,1315.086336,26977.742848
37597.58273,1315.086336,1309.779968,0.0,1315.086336,26977.726464
37693.645093,1315.086336,1309.779968,0.0,1315.086336,26977.972224
37786.780697,1315.086336,1309.779968,0.0,1315.086336,26977.959936
37880.106111,1315.086336,1309.779968,0.0,1315.086336,26977.902592
37976.080531,1315.086336,1309.779968,0.0,1315.086336,26977.992704
38068.923343,1315.086336,1309.779968,0.0,1315.086336,26977.97632
38162.16375,1315.086336,1309.779968,0.0,1315.086336,26978.148352
38258.232803,1315.086336,1309.779968,0.0,1315.086336,26978.177024
38350.988848,1315.086336,1309.779968,0.0,1315.086336,26978.422784
38446.911999,1315.086336,1309.779968,0.0,1315.086336,26978.144256
38545.569596,1315.086336,1309.779968,0.0,1315.086336,26977.406976
38641.625859,1315.086336,1309.779968,0.0,1315.086336,26977.390592
38734.466703,1315.086336,1309.779968,0.0,1315.086336,26977.11616
38828.220264,1315.086336,1309.779968,0.0,1315.086336,26977.44384
38923.854858,1315.086336,1309.779968,0.0,1315.086336,26977.6896
39016.516193,1315.086336,1309.779968,0.0,1315.086336,26977.411072
39109.736756,1315.086336,1309.779968,0.0,1315.086336,26977.656832
39205.636365,1315.086336,1309.779968,0.0,1315.086336,26977.890304
39298.461087,1315.086336,1309.779968,0.0,1315.086336,26977.878016
39391.809452,1315.086336,1309.779968,0.0,1315.086336,26977.865728
39487.90252,1315.086336,1309.779968,0.0,1315.086336,26977.763328
39580.618857,1315.086336,1309.779968,0.0,1315.086336,26977.746944
39676.97598,1315.086336,1309.779968,0.0,1315.086336,26977.73056
39770.448526,1315.086336,1309.779968,0.0,1315.086336,26977.775616
39863.217061,1315.086336,1309.779968,0.0,1315.086336,26977.759232
39957.076027,1315.086336,1309.779968,0.0,1315.086336,26977.734656
40052.937095,1315.086336,1309.779968,0.0,1315.086336,26977.718272
40145.609664,1315.086336,1309.779968,0.0,1315.086336,26977.701888
40239.247425,1315.086336,1309.779968,0.0,1315.086336,26977.685504
40335.321235,1315.086336,1309.779968,0.0,1315.086336,26977.673216
40427.703678,1315.086336,1309.779968,0.0,1315.086336,26977.656832
40521.83257,1315.086336,1309.779968,0.0,1315.086336,26977.640448
40617.739253,1315.086336,1309.779968,0.0,1315.086336,26977.624064
40710.583827,1315.086336,1309.779968,0.0,1315.086336,26977.366016
40805.877735,1315.086336,1309.779968,0.0,1315.086336,26977.345536
40899.007449,1315.086336,1309.779968,0.0,1315.086336,26977.329152
40992.085336,1315.086336,1309.779968,0.0,1315.086336,26981.359616
41091.174088,1315.086336,1309.778944,0.0,1315.086336,26984.26368
41184.270584,1315.086336,1309.779968,0.0,1315.086336,26979.524608
41280.125051,1315.086336,1309.779968,0.0,1315.086336,26979.495936
41374.527319,1315.086336,1309.779968,0.0,1315.086336,26979.741696
41471.402195,1315.086336,1309.779968,0.0,1315.086336,26979.467264
41564.272194,1315.086336,1309.779968,0.0,1315.086336,26979.45088
41656.715265,1315.086336,1309.779968,0.0,1315.086336,26979.438592
41750.993232,1315.086336,1309.779968,0.0,1315.086336,26979.160064
41846.156728,1315.086336,1309.779968,0.0,1315.086336,26979.155968
41938.56421,1315.086336,1309.779968,0.0,1315.086336,26979.131392
42033.798729,1315.086336,1309.779968,0.0,1315.086336,26979.115008
42133.247938,1315.086336,1309.779968,0.0,1315.086336,26979.131392
42234.237284,1315.086336,1309.779968,0.0,1315.086336,26979.377152
42336.931879,1315.086336,1309.779968,0.0,1315.086336,26979.590144
42435.240299,1315.086336,1309.779968,0.0,1315.086336,26979.315712
42534.922823,1315.086336,1309.779968,0.0,1315.086336,26979.299328
42633.6873,1315.086336,1309.779968,0.0,1315.086336,26979.282944
42730.352673,1315.086336,1309.779968,0.0,1315.086336,26979.26656
42827.042251,1315.086336,1309.779968,0.0,1315.086336,26978.848768
42925.310405,1315.086336,1309.779968,0.0,1315.086336,26978.684928
43020.146538,1315.086336,1309.779968,0.0,1315.086336,26978.668544
43117.649296,1315.086336,1309.779968,0.0,1315.086336,26978.65216
43213.381388,1315.086336,1309.779968,0.0,1315.086336,26978.635776
43307.904707,1315.086336,1309.779968,0.0,1315.086336,26978.881536
43402.378338,1315.086336,1309.779968,0.0,1315.086336,26978.865152
43509.621719,1315.094528,1309.78816,0.0,1315.094528,26979.356672
43601.96792,1320.431616,1315.125248,0.0,1320.431616,26984.59136
43696.877406,1320.431616,1315.125248,0.0,1320.431616,26984.075264
43793.826568,1320.431616,1315.125248,0.0,1320.431616,26984.247296
43889.012354,1320.431616,1315.125248,0.0,1320.431616,26984.300544
43982.002995,1320.431616,1315.125248,0.0,1320.431616,26984.034304
44074.870422,1320.431616,1315.125248,0.0,1320.431616,26984.01792
44169.074861,1320.431616,1315.125248,0.0,1320.431616,26984.26368
44264.909514,1320.431616,1315.125248,0.0,1320.431616,26984.247296
44357.536139,1320.431616,1315.125248,0.0,1320.431616,26984.493056
44454.207353,1320.431616,1315.125248,0.0,1320.431616,26984.476672
44547.712866,1320.431616,1315.125248,0.0,1320.431616,26984.722432
44640.710663,1320.431616,1315.125248,0.0,1320.431616,26984.706048
44736.584489,1320.431616,1315.125248,0.0,1320.431616,26984.42752
44829.622986,1320.431616,1315.125248,0.0,1320.431616,26984.484864
44922.734884,1320.431616,1315.125248,0.0,1320.431616,26984.46848
45018.516356,1320.431616,1315.125248,0.0,1320.431616,26984.452096
45111.568563,1320.431616,1315.125248,0.0,1320.431616,26984.435712
45207.37845,1320.431616,1315.125248,0.0,1320.431616,26984.943616
45302.378113,1320.431616,1315.125248,0.0,1320.431616,26985.189376
45395.205179,1320.431616,1315.125248,0.0,1320.431616,26985.177088
45490.020691,1320.431616,1315.125248,0.0,1320.431616,26984.902656
45583.363418,1320.431616,1315.125248,0.0,1320.431616,26984.882176
45676.205578,1320.431616,1315.125248,0.0,1320.431616,26984.865792
45770.040577,1320.431616,1315.125248,0.0,1320.431616,26984.849408
45865.861967,1320.431616,1315.125248,0.0,1320.431616,26984.833024
45958.770931,1320.431616,1315.125248,0.0,1320.431616,26984.820736
46053.407522,1320.431616,1315.125248,0.0,1320.431616,26984.5504
46148.757012,1320.431616,1315.125248,0.0,1320.431616,26984.792064
46241.755604,1320.431616,1315.125248,0.0,1320.431616,26984.50944
46337.132706,1320.431616,1315.125248,0.0,1320.431616,26985.017344
46431.761419,1320.431616,1315.125248,0.0,1320.431616,26984.480768
46525.44932,1320.431616,1315.125248,0.0,1320.431616,26984.460288
46621.333368,1320.431616,1315.125248,0.0,1320.431616,26984.701952
46713.922626,1320.431616,1315.125248,0.0,1320.431616,26984.685568
46807.651028,1320.431616,1315.125248,0.0,1320.431616,26984.665088
46906.249,1320.431616,1315.125248,0.0,1320.431616,26984.648704
47000.727833,1320.431616,1315.125248,0.0,1320.431616,26984.63232
47096.26805,1320.431616,1315.1232,0.0,1320.431616,26990.739456
47189.100969,1320.431616,1315.125248,0.0,1320.431616,26985.119744
47285.016583,1320.431616,1315.125248,0.0,1320.431616,26985.10336
47377.827678,1320.431616,1315.125248,0.0,1320.431616,26985.607168
47470.415819,1320.431616,1315.125248,0.0,1320.431616,26985.3696
47564.86476,1320.431616,1315.125248,0.0,1320.431616,26985.091072
47660.42948,1320.431616,1315.125248,0.0,1320.431616,26985.074688
47753.377585,1320.431616,1315.125248,0.0,1320.431616,26985.058304
47849.607058,1320.431616,1315.125248,0.0,1320.431616,26984.783872
47942.700663,1320.431616,1315.125248,0.0,1320.431616,26985.025536
48036.172758,1320.431616,1315.125248,0.0,1320.431616,26984.747008
48132.131238,1320.431616,1315.125248,0.0,1320.431616,26985.254912
48225.003974,1320.431616,1315.125248,0.0,1320.431616,26983.206912
48319.171523,1320.431616,1315.125248,0.0,1320.431616,26983.235584
48414.731666,1320.431616,1315.125248,0.0,1320.431616,26983.211008
48507.478069,1320.431616,1315.125248,0.0,1320.431616,26983.002112
48602.441102,1320.431616,1315.125248,0.0,1320.431616,26982.989824
48695.653543,1320.431616,1315.125248,0.0,1320.431616,26982.715392
48789.606694,1320.431616,1315.125248,0.0,1320.431616,26982.744064
48884.795985,1320.431616,1315.125248,0.0,1320.431616,26982.62528
48977.90324,1320.431616,1315.125248,0.0,1320.431616,26982.612992
49070.601149,1320.431616,1315.125248,0.0,1320.431616,26982.596608
49164.180706,1320.431616,1315.125248,0.0,1320.431616,26982.580224
49260.338895,1320.431616,1315.125248,0.0,1320.431616,26983.067648
49353.943609,1320.431616,1315.125248,0.0,1320.431616,26982.8096
49451.567587,1320.431616,1315.125248,0.0,1320.431616,26982.54336
49546.579013,1320.431616,1315.125248,0.0,1320.431616,26982.465536
49646.221359,1320.431616,1315.125248,0.0,1320.431616,26982.8096
49746.492625,1320.431616,1315.125248,0.0,1320.431616,26983.391232
49845.687881,1320.431616,1315.125248,0.0,1320.431616,26983.395328
49946.377269,1320.431616,1315.125248,0.0,1320.431616,26983.38304
50043.341235,1320.431616,1315.125248,0.0,1320.431616,26983.358464
50141.883138,1320.431616,1315.125248,0.0,1320.431616,26983.346176
50241.607152,1320.431616,1315.125248,0.0,1320.431616,26983.325696
50342.243732,1320.431616,1315.125248,0.0,1320.431616,26983.575552
50439.22933,1320.431616,1315.125248,0.0,1320.431616,26983.047168
50534.104773,1320.431616,1315.125248,0.0,1320.431616,26983.03488
50631.535516,1320.431616,1315.125248,0.0,1320.431616,26983.018496
50726.326349,1320.431616,1315.125248,0.0,1320.431616,26983.022592
50844.143756,1320.439808,1315.13344,0.0,1320.439808,26982.858752
50936.769285,1325.740032,1320.433664,0.0,1325.740032,26991.57504
51036.876878,1325.740032,1320.43264,0.0,1325.740032,26999.296
51131.414959,1325.740032,1320.433664,0.0,1325.740032,26990.03904
51226.639157,1325.740032,1320.433664,0.0,1325.740032,26990.268416
51319.40192,1325.740032,1320.433664,0.0,1325.740032,26990.252032
51416.687286,1325.740032,1320.433664,0.0,1325.740032,26990.526464
51509.982011,1325.740032,1320.433664,0.0,1325.740032,26990.51008
51603.639172,1325.740032,1320.433664,0.0,1325.740032,26990.501888
51701.557937,1325.740032,1320.433664,0.0,1325.740032,26990.518272
51795.482052,1325.740032,1320.433664,0.0,1325.740032,26990.518272
51891.114788,1325.740032,1320.433664,0.0,1325.740032,26990.501888
51983.940634,1325.740032,1320.433664,0.0,1325.740032,26990.485504
52081.023335,1325.740032,1320.433664,0.0,1325.740032,26990.424064
52173.973452,1325.740032,1320.433664,0.0,1325.740032,26990.403584
52266.837111,1325.740032,1320.433664,0.0,1325.740032,26990.649344
52362.697753,1325.740032,1320.433664,0.0,1325.740032,26990.587904
52455.774244,1325.740032,1320.433664,0.0,1325.740032,26990.313472
52548.436316,1325.740032,1320.433664,0.0,1325.740032,26990.301184
52643.05601,1325.740032,1320.433664,0.0,1325.740032,26990.280704
52738.153489,1325.740032,1320.433664,0.0,1325.740032,26990.268416
52831.22013,1325.740032,1320.433664,0.0,1325.740032,26990.583808
52927.332004,1325.740032,1320.433664,0.0,1325.740032,26990.309376
53022.27075,1325.740032,1320.433664,0.0,1325.740032,26990.297088
53118.053805,1325.740032,1320.433664,0.0,1325.740032,26990.280704
53212.802943,1325.740032,1320.433664,0.0,1325.740032,26990.260224
53307.125631,1325.740032,1320.433664,0.0,1325.740032,26992.218112
53419.332804,1325.740032,1320.433664,0.0,1325.740032,26991.915008
53514.683896,1325.740032,1320.433664,0.0,1325.740032,26991.898624
53611.707764,1325.740032,1320.433664,0.0,1325.740032,26991.874048
53706.371439,1325.740032,1320.433664,0.0,1325.740032,26991.857664
53800.715833,1325.740032,1320.433664,0.0,1325.740032,26991.84128
53898.350533,1325.740032,1320.433664,0.0,1325.740032,26991.824896
53993.692138,1325.740032,1320.433664,0.0,1325.740032,26990.116864
54087.6321,1325.740032,1320.433664,0.0,1325.740032,26990.10048
54181.508993,1325.740032,1320.433664,0.0,1325.740032,26990.342144
54277.713157,1325.740032,1320.433664,0.0,1325.740032,26990.32576
54373.432404,1325.740032,1320.433664,0.0,1325.740032,26990.567424
54469.82227,1325.740032,1320.433664,0.0,1325.740032,26990.55104
54562.725571,1325.740032,1320.433664,0.0,1325.740032,26990.075904
54657.502249,1325.740032,1320.433664,0.0,1325.740032,26990.05952
54752.900248,1325.740032,1320.433664,0.0,1325.740032,26990.30528
54846.421067,1325.740032,1320.433664,0.0,1325.740032,26990.22336
54942.83483,1325.740032,1320.433664,0.0,1325.740032,26990.46912
55035.717896,1325.740032,1320.433664,0.0,1325.740032,26990.190592
55130.23487,1325.740032,1320.433664,0.0,1325.740032,26990.174208
55226.089439,1325.740032,1320.433664,0.0,1325.740032,26990.157824
55319.055549,1325.740032,1320.433664,0.0,1325.740032,26990.665728
55415.144922,1325.740032,1320.433664,0.0,1325.740032,26990.411776
55508.400686,1325.740032,1320.433664,0.0,1325.740032,26990.395392
55601.921837,1325.740032,1320.433664,0.0,1325.740032,26990.399488
55700.190323,1325.740032,1320.433664,0.0,1325.740032,26990.010368
55794.15048,1325.740032,1320.433664,0.0,1325.740032,26989.993984
55889.895017,1325.740032,1320.433664,0.0,1325.740032,26989.973504
55983.029377,1325.740032,1320.433664,0.0,1325.740032,26989.95712
56078.134684,1325.740032,1320.433664,0.0,1325.740032,26989.932544
56172.018288,1325.740032,1320.433664,0.0,1325.740032,26989.91616
56265.171434,1325.740032,1320.433664,0.0,1325.740032,26989.899776
56362.873079,1325.740032,1320.433664,0.0,1325.740032,26990.411776
56455.930664,1325.740032,1320.433664,0.0,1325.740032,26990.395392
56550.576951,1325.740032,1320.433664,0.0,1325.740032,26990.379008
56646.208586,1325.740032,1320.433664,0.0,1325.740032,26990.358528
56741.858237,1325.740032,1320.433664,0.0,1325.740032,26990.342144
56839.860652,1325.740032,1320.433664,0.0,1325.740032,26990.186496
56937.840208,1325.740032,1320.433664,0.0,1325.740032,26990.170112
57034.333176,1325.740032,1320.433664,0.0,1325.740032,26990.153728
57134.413092,1325.740032,1320.433664,0.0,1325.740032,26990.399488
57235.965223,1325.740032,1320.433664,0.0,1325.740032,26990.383104
57337.275812,1325.740032,1320.433664,0.0,1325.740032,26990.36672
57438.800599,1325.740032,1320.433664,0.0,1325.740032,26990.350336
57535.660711,1325.740032,1320.433664,0.0,1325.740032,26990.333952
57634.504774,1325.740032,1320.433664,0.0,1325.740032,26990.321664
57731.304385,1325.740032,1320.433664,0.0,1325.740032,26990.30528
57827.116924,1325.740032,1320.433664,0.0,1325.740032,26990.288896
57926.510884,1325.740032,1320.433664,0.0,1325.740032,26990.272512
58021.433445,1325.740032,1320.433664,0.0,1325.740032,26990.247936
58119.884773,1325.748224,1320.441856,0.0,1325.748224,26990.477312
58215.565763,1331.081216,1325.774848,0.0,1331.081216,26995.703808
58309.216569,1331.081216,1325.774848,0.0,1331.081216,26995.949568
58405.817608,1331.081216,1325.774848,0.0,1331.081216,26995.933184
58501.616463,1331.081216,1325.774848,0.0,1331.081216,26995.920896
58595.75345,1331.081216,1325.774848,0.0,1331.081216,26995.900416
58691.976308,1331.081216,1325.774848,0.0,1331.081216,26996.146176
58785.464868,1331.081216,1325.774848,0.0,1331.081216,26994.864128
58881.26183,1331.081216,1325.774848,0.0,1331.081216,26994.847744
58974.599352,1331.081216,1325.774848,0.0,1331.081216,26994.827264
59067.761684,1331.081216,1325.774848,0.0,1331.081216,26994.806784
59163.748004,1331.081216,1325.774848,0.0,1331.081216,26994.786304
59257.178693,1331.081216,1325.774848,0.0,1331.081216,26994.76992
59350.846081,1331.081216,1325.774848,0.0,1331.081216,26995.277824
59447.561963,1331.081216,1325.774848,0.0,1331.081216,26994.999296
59541.161936,1331.081216,1325.774848,0.0,1331.081216,26994.741248
59637.082671,1331.081216,1325.774848,0.0,1331.081216,26994.720768
59730.460302,1331.081216,1325.774848,0.0,1331.081216,26994.704384
59823.682294,1331.081216,1325.774848,0.0,1331.081216,26994.688
59919.66529,1331.081216,1325.774848,0.0,1331.081216,26994.671616
60013.115289,1331.081216,1325.774848,0.0,1331.081216,26994.655232
60106.369247,1331.081216,1325.774848,0.0,1331.081216,26994.638848
60202.999602,1331.081216,1325.774848,0.0,1331.081216,26994.405376
60296.091793,1331.081216,1325.774848,0.0,1331.081216,26994.388992
60393.975431,1331.081216,1325.774848,0.0,1331.081216,26992.295936
60487.158009,1331.081216,1325.774848,0.0,1331.081216,26992.013312
60581.318623,1331.081216,1325.774848,0.0,1331.081216,26991.996928
60677.705676,1331.081216,1325.774848,0.0,1331.081216,26991.980544
60771.021339,1331.081216,1325.774848,0.0,1331.081216,26991.96416
60867.514533,1331.081216,1325.774848,0.0,1331.081216,26991.947776
60961.043968,1331.081216,1325.774848,0.0,1331.081216,26992.193536
61055.796391,1331.081216,1325.774848,0.0,1331.081216,26991.910912
61151.252181,1331.081216,1325.774848,0.0,1331.081216,26991.894528
61244.719352,1331.081216,1325.774848,0.0,1331.081216,26991.878144
61341.191191,1331.081216,1325.774848,0.0,1331.081216,26992.123904
61434.252899,1331.081216,1325.774848,0.0,1331.081216,26991.849472
61529.512694,1331.081216,1325.774848,0.0,1331.081216,26991.833088
61623.008288,1331.081216,1325.774848,0.0,1331.081216,26991.812608
61716.066203,1331.081216,1325.774848,0.0,1331.081216,26992.058368
61810.994067,1331.081216,1325.774848,0.0,1331.081216,26992.04608
61906.388267,1331.081216,1325.774848,0.0,1331.081216,26992.029696
61999.761117,1331.081216,1325.774848,0.0,1331.081216,26992.013312
62096.274481,1331.081216,1325.774848,0.0,1331.081216,26991.996928
62189.41725,1331.081216,1325.774848,0.0,1331.081216,26991.980544
62283.965887,1331.081216,1325.774848,0.0,1331.081216,26991.96416
62382.467718,1331.081216,1325.774848,0.0,1331.081216,26992.20992
62478.95866,1331.081216,1325.774848,0.0,1331.081216,26991.931392
62572.149948,1331.081216,1325.774848,0.0,1331.081216,26991.910912
62666.469588,1331.081216,1325.774848,0.0,1331.081216,26992.156672
62762.811197,1331.081216,1325.774848,0.0,1331.081216,26992.226304
62856.263115,1331.081216,1325.774848,0.0,1331.081216,26992.320512
62952.546732,1331.081216,1325.774848,0.0,1331.081216,26992.308224
63045.926358,1331.081216,1325.774848,0.0,1331.081216,26992.287744
63140.570978,1331.081216,1325.774848,0.0,1331.081216,26992.275456
63235.819584,1331.081216,1325.774848,0.0,1331.081216,26992.791552
63328.897992,1331.081216,1325.774848,0.0,1331.081216,26992.459776
63424.830232,1331.081216,1325.774848,0.0,1331.081216,26992.439296
63518.222191,1331.081216,1325.774848,0.0,1331.081216,26992.422912
63611.724845,1331.081216,1325.774848,0.0,1331.081216,26992.627712
63708.086609,1331.081216,1325.774848,0.0,1331.081216,26992.594944
63801.069385,1331.081216,1325.774848,0.0,1331.081216,26992.10752
63899.285504,1331.081216,1325.774848,0.0,1331.081216,26992.06656
64000.696967,1331.081216,1325.774848,0.0,1331.081216,26992.29184
64098.724932,1331.081216,1325.774848,0.0,1331.081216,26992.27136
64196.230571,1331.081216,1325.774848,0.0,1331.081216,26992.242688
64297.813502,1331.081216,1325.774848,0.0,1331.081216,26992.365568
64396.730948,1331.081216,1325.774848,0.0,1331.081216,26992.590848
64500.062294,1331.081216,1325.774848,0.0,1331.081216,26992.566272
64597.732626,1331.081216,1325.774848,0.0,1331.081216,26992.275456
64694.657955,1331.081216,1325.774848,0.0,1331.081216,26992.488448
64790.100089,1331.081216,1325.774848,0.0,1331.081216,26992.676864
64888.111842,1331.081216,1325.774848,0.0,1331.081216,26992.308224
64983.14016,1331.081216,1325.774848,0.0,1331.081216,26992.49664
65081.267429,1331.081216,1325.774848,0.0,1331.081216,26992.480256
65177.221879,1331.081216,1325.774848,0.0,1331.081216,26992.717824
65273.402917,1331.081216,1325.774848,0.0,1331.081216,26992.443392
65370.343607,1336.389632,1331.083264,0.0,1336.389632,26998.734848
65463.841712,1336.389632,1331.083264,0.0,1336.389632,26998.45632
65557.511829,1336.389632,1331.083264,0.0,1336.389632,26998.427648
65653.811939,1336.389632,1331.083264,0.0,1336.389632,26998.411264
65747.050107,1336.389632,1331.083264,0.0,1336.389632,26998.632448
65842.169577,1336.389632,1331.083264,0.0,1336.389632,26998.5792
65935.831935,1336.389632,1331.083264,0.0,1336.389632,26998.53824
66028.717242,1336.389632,1331.083264,0.0,1336.389632,26998.665216
66123.637753,1336.389632,1331.083264,0.0,1336.389632,26998.62016
66217.499923,1336.389632,1331.083264,0.0,1336.389632,26998.575104
66316.134427,1336.389632,1331.083264,0.0,1336.389632,26998.304768
66411.503401,1336.389632,1331.083264,0.0,1336.389632,26998.284288
66506.834747,1336.389632,1331.083264,0.0,1336.389632,26998.276096
66600.770909,1336.389632,1331.083264,0.0,1336.389632,26998.243328
66693.856668,1336.389632,1331.083264,0.0,1336.389632,26998.239232
66789.485753,1336.389632,1331.083264,0.0,1336.389632,26997.989376
66882.989979,1336.389632,1331.083264,0.0,1336.389632,26997.84192
66975.787289,1336.389632,1331.083264,0.0,1336.389632,26998.083584
67070.929405,1336.389632,1331.083264,0.0,1336.389632,26998.054912
67164.745927,1336.389632,1331.083264,0.0,1336.389632,26998.02624
67258.10331,1336.389632,1331.083264,0.0,1336.389632,26998.284288
67354.344082,1336.389632,1331.083264,0.0,1336.389632,26998.284288
67447.562986,1336.389632,1331.083264,0.0,1336.389632,26998.288384
67541.150573,1336.389632,1331.083264,0.0,1336.389632,26998.157312
67637.312343,1336.389632,1331.083264,0.0,1336.389632,26998.140928
67730.295212,1336.389632,1331.083264,0.0,1336.389632,26998.120448
67824.930779,1336.389632,1331.083264,0.0,1336.389632,26998.112256
67920.906403,1336.389632,1331.083264,0.0,1336.389632,26998.337536
68014.45225,1336.389632,1331.083264,0.0,1336.389632,26998.321152
68110.655593,1336.389632,1331.083264,0.0,1336.389632,26998.304768
68203.704265,1336.389632,1331.083264,0.0,1336.389632,26998.288384
68298.244512,1336.389632,1331.083264,0.0,1336.389632,26998.272
68396.02222,1336.389632,1331.083264,0.0,1336.389632,26998.255616
68491.791785,1336.389632,1331.083264,0.0,1336.389632,26998.239232
68585.521088,1336.389632,1331.083264,0.0,1336.389632,26997.972992
68679.387655,1336.389632,1331.083264,0.0,1336.389632,26998.218752
68775.688458,1336.389632,1331.083264,0.0,1336.389632,26998.198272
68869.123864,1336.389632,1331.083264,0.0,1336.389632,26997.94432
68964.761366,1336.389632,1331.083264,0.0,1336.389632,26998.165504
69058.214516,1336.389632,1331.083264,0.0,1336.389632,26997.878784
69150.983028,1336.389632,1331.083264,0.0,1336.389632,26997.8624
69246.474535,1336.389632,1331.083264,0.0,1336.389632,26997.846016
69344.546414,1336.389632,1331.083264,0.0,1336.389632,26998.08768
69440.710172,1336.389632,1331.083264,0.0,1336.389632,26998.083584
69533.946956,1336.389632,1331.083264,0.0,1336.389632,26998.300672
69629.312804,1336.389632,1331.083264,0.0,1336.389632,26998.284288
69722.827254,1336.389632,1331.083264,0.0,1336.389632,26998.009856
69815.705363,1336.389632,1331.083264,0.0,1336.389632,26997.993472
69910.738125,1336.389632,1331.083264,0.0,1336.389632,26997.997568
70004.356163,1336.389632,1331.083264,0.0,1336.389632,26998.218752
70097.477259,1336.389632,1331.083264,0.0,1336.389632,26998.202368
70192.598215,1336.389632,1331.083264,0.0,1336.389632,26998.448128
70286.246202,1336.389632,1331.083264,0.0,1336.389632,26998.431744
70382.144435,1336.389632,1331.083264,0.0,1336.389632,26998.677504
70477.902004,1336.389632,1331.083264,0.0,1336.389632,26998.398976
70570.837212,1336.389632,1331.083264,0.0,1336.389632,26998.644736
70666.057,1336.389632,1331.083264,0.0,1336.389632,26998.366208
70759.406149,1336.389632,1331.083264,0.0,1336.389632,26998.112256
70852.40388,1336.389632,1331.083264,0.0,1336.389632,26998.33344
70946.780852,1336.389632,1331.083264,0.0,1336.389632,26998.317056
71042.27837,1336.389632,1331.083264,0.0,1336.389632,26998.300672
71139.594397,1336.389632,1331.083264,0.0,1336.389632,26998.284288
71238.646534,1336.389632,1331.083264,0.0,1336.389632,26998.525952
71342.441666,1336.389632,1331.083264,0.0,1336.389632,26998.771712
71439.5148,1336.389632,1331.083264,0.0,1336.389632,26998.501376
71538.270327,1336.389632,1331.083264,0.0,1336.389632,26998.480896
71636.796205,1336.389632,1331.083264,0.0,1336.389632,26998.460416
71731.719162,1336.389632,1331.083264,0.0,1336.389632,26998.444032
71829.973644,1336.389632,1331.083264,0.0,1336.389632,26998.427648
71926.196465,1336.389632,1331.083264,0.0,1336.389632,26998.157312
72021.940571,1336.389632,1331.083264,0.0,1336.389632,26998.153216
72118.770251,1336.389632,1331.083264,0.0,1336.389632,26998.378496
72214.292279,1336.389632,1331.083264,0.0,1336.389632,26998.300672
72312.405908,1336.389632,1331.083264,0.0,1336.389632,26998.280192
72407.286488,1336.389632,1331.083264,0.0,1336.389632,26998.013952
72505.549755,1336.389632,1331.083264,0.0,1336.389632,26997.997568
72600.477404,1341.730816,1336.424448,0.0,1341.730816,27004.002304
72698.08047,1341.730816,1336.424448,0.0,1341.730816,27004.25216
72793.901222,1341.730816,1336.424448,0.0,1341.730816,27004.276736
72887.313762,1341.730816,1336.424448,0.0,1341.730816,27004.260352
72981.022473,1341.730816,1336.424448,0.0,1341.730816,27004.248064
73077.229096,1341.730816,1336.424448,0.0,1341.730816,27004.227584
73170.41707,1341.730816,1336.424448,0.0,1341.730816,27003.969536
73264.953267,1341.730816,1336.424448,0.0,1341.730816,27003.957248
73360.512025,1341.730816,1336.424448,0.0,1341.730816,27004.444672
73453.868576,1341.730816,1336.424448,0.0,1341.730816,27004.166144
73550.251369,1341.730816,1336.424448,0.0,1341.730816,27004.14976
73643.448389,1341.730816,1336.424448,0.0,1341.730816,27004.133376
73738.275756,1341.730816,1336.424448,0.0,1341.730816,27004.116992
73833.675274,1341.730816,1336.424448,0.0,1341.730816,27004.100608
73926.558938,1341.730816,1336.424448,0.0,1341.730816,27003.826176
74022.909887,1341.730816,1336.424448,0.0,1341.730816,27003.015168
74118.335003,1341.730816,1336.424448,0.0,1341.730816,27002.73664
74214.93644,1341.730816,1336.424448,0.0,1341.730816,27003.22816
74308.157163,1341.730816,1336.424448,0.0,1341.730816,27003.211776
74405.275359,1341.730816,1336.424448,0.0,1341.730816,27003.71968
74499.163152,1341.730816,1336.424448,0.0,1341.730816,27003.174912
74592.113845,1341.730816,1336.424448,0.0,1341.730816,27003.416576
74688.196568,1341.730816,1336.424448,0.0,1341.730816,27003.400192
74781.725833,1341.730816,1336.424448,0.0,1341.730816,27002.42944
74875.880476,1341.730816,1336.424448,0.0,1341.730816,27002.671104
74972.070395,1341.730816,1336.424448,0.0,1341.730816,27002.65472
75065.072092,1341.730816,1336.424448,0.0,1341.730816,27002.90048
75162.068792,1341.730816,1336.424448,0.0,1341.730816,27002.884096
75255.271558,1341.730816,1336.424448,0.0,1341.730816,27002.867712
75349.084573,1341.730816,1336.424448,0.0,1341.730816,27003.113472
75447.92318,1341.730816,1336.424448,0.0,1341.730816,27003.097088
75543.58083,1341.730816,1336.424448,0.0,1341.730816,27003.080704
75639.01518,1341.730816,1336.424448,0.0,1341.730816,27003.326464
75734.201439,1341.730816,1336.424448,0.0,1341.730816,27003.31008
75827.997116,1341.730816,1336.424448,0.0,1341.730816,27003.293696
75921.590386,1341.730816,1336.424448,0.0,1341.730816,27003.019264
76016.806679,1341.730816,1336.424448,0.0,1341.730816,27003.00288
76110.440544,1341.730816,1336.424448,0.0,1341.730816,27002.986496
76203.244253,1341.730816,1336.424448,0.0,1341.730816,27002.970112
76298.233849,1341.730816,1336.424448,0.0,1341.730816,27002.953728
76396.739264,1341.730816,1336.424448,0.0,1341.730816,27003.461632
76493.168504,1341.730816,1336.424448,0.0,1341.730816,27003.445248
76586.137365,1341.730816,1336.424448,0.0,1341.730816,27003.428864
76680.620241,1341.730816,1336.424448,0.0,1341.730816,27003.41248
76780.257427,1341.730816,1336.424448,0.0,1341.730816,27003.396096
76876.138441,1341.730816,1336.424448,0.0,1341.730816,27003.379712
76969.630582,1341.730816,1336.424448,0.0,1341.730816,27003.363328
77065.180776,1341.730816,1336.424448,0.0,1341.730816,27004.596224
77158.910461,1341.730816,1336.423424,0.0,1341.730816,27018.498048
77251.796073,1341.730816,1336.424448,0.0,1341.730816,27006.226432
77347.086712,1341.730816,1336.424448,0.0,1341.730816,27006.824448
77440.607022,1341.730816,1336.424448,0.0,1341.730816,27007.40608
77533.551839,1341.730816,1336.424448,0.0,1341.730816,27007.389696
77628.486561,1341.730816,1336.424448,0.0,1341.730816,27007.373312
77724.244431,1341.730816,1336.424448,0.0,1341.730816,27007.361024
77821.33286,1341.730816,1336.424448,0.0,1341.730816,27007.438848
77914.966287,1341.730816,1336.424448,0.0,1341.730816,27007.172608
78008.266322,1341.730816,1336.424448,0.0,1341.730816,27007.156224
78104.44232,1341.730816,1336.424448,0.0,1341.730816,27007.13984
78197.680803,1341.730816,1336.424448,0.0,1341.730816,27007.373312
78292.044078,1341.730816,1336.424448,0.0,1341.730816,27007.356928
78394.133114,1341.730816,1336.424448,0.0,1341.730816,27007.307776
78493.053693,1341.730816,1336.424448,0.0,1341.730816,27007.05792
78594.233522,1341.730816,1336.424448,0.0,1341.730816,27007.041536
78695.329572,1341.730816,1336.424448,0.0,1341.730816,27007.094784
78794.924206,1341.730816,1336.424448,0.0,1341.730816,27007.275008
78894.163433,1341.730816,1336.424448,0.0,1341.730816,27007.123456
78993.184257,1341.730816,1336.424448,0.0,1341.730816,27007.107072
79090.214054,1341.730816,1336.424448,0.0,1341.730816,27007.033344
79186.41363,1341.730816,1336.424448,0.0,1341.730816,27007.01696
79285.446512,1341.730816,1336.424448,0.0,1341.730816,27006.742528
79381.371845,1341.730816,1336.424448,0.0,1341.730816,27006.988288
79477.136179,1341.730816,1336.424448,0.0,1341.730816,27006.971904
79573.533823,1341.730816,1336.424448,0.0,1341.730816,27006.480384
79673.789639,1341.730816,1336.424448,0.0,1341.730816,27006.70976
79766.092556,1341.743104,1336.436736,0.0,1341.743104,27007.20128
79859.051642,1347.002368,1341.696,0.0,1347.002368,27012.68992
79952.842805,1347.002368,1341.696,0.0,1347.002368,27012.673536
80049.629939,1347.002368,1341.696,0.0,1347.002368,27012.657152
80142.681038,1347.002368,1341.696,0.0,1347.002368,27012.640768
80237.698573,1347.002368,1341.696,0.0,1347.002368,27012.624384
80331.507662,1347.002368,1341.696,0.0,1347.002368,27012.870144
80427.403975,1347.002368,1341.696,0.0,1347.002368,27012.591616
80523.458979,1347.002368,1341.696,0.0,1347.002368,27012.575232
80616.628857,1347.002368,1341.696,0.0,1347.002368,27012.558848
80712.538568,1347.002368,1341.696,0.0,1347.002368,27012.804608
80806.020934,1347.002368,1341.696,0.0,1347.002368,27012.788224
80899.69586,1347.002368,1341.696,0.0,1347.002368,27012.77184
80996.196159,1347.002368,1341.696,0.0,1347.002368,27012.759552
81089.208842,1347.002368,1341.696,0.0,1347.002368,27012.743168
81186.453475,1347.002368,1341.696,0.0,1347.002368,27012.726784
81279.631479,1347.002368,1341.696,0.0,1347.002368,27012.7104
81373.605187,1347.002368,1341.696,0.0,1347.002368,27013.001216
81469.983134,1347.002368,1341.696,0.0,1347.002368,27012.984832
81562.594773,1347.002368,1341.696,0.0,1347.002368,27012.968448
81657.468153,1347.002368,1341.696,0.0,1347.002368,27012.952064
81751.145525,1347.002368,1341.696,0.0,1347.002368,27012.93568
81844.251339,1347.002368,1341.696,0.0,1347.002368,27012.661248
81938.968896,1347.002368,1341.696,0.0,1347.002368,27012.644864
82034.700393,1347.002368,1341.696,0.0,1347.002368,27012.62848
82128.696709,1347.002368,1341.696,0.0,1347.002368,27012.612096
82224.957819,1347.002368,1341.696,0.0,1347.002368,27012.325376
82317.821738,1347.002368,1341.696,0.0,1347.002368,27012.308992
82414.736839,1347.002368,1341.696,0.0,1347.002368,27012.550656
82508.1898,1347.002368,1341.696,0.0,1347.002368,27012.534272
82601.542568,1347.002368,1341.696,0.0,1347.002368,27012.517888
82697.856124,1347.002368,1341.696,0.0,1347.002368,27012.501504
82790.946584,1347.002368,1341.696,0.0,1347.002368,27012.681728
82885.223223,1347.002368,1341.696,0.0,1347.002368,27012.472832
82981.167508,1347.002368,1341.696,0.0,1347.002368,27012.456448
83073.990331,1347.002368,1341.696,0.0,1347.002368,27012.440064
83170.484313,1347.002368,1341.696,0.0,1347.002368,27012.42368
83263.965297,1347.002368,1341.696,0.0,1347.002368,27012.395008
83357.829286,1347.002368,1341.696,0.0,1347.002368,27012.636672
83454.199061,1347.002368,1341.696,0.0,1347.002368,27012.36224
83547.414301,1347.002368,1341.696,0.0,1347.002368,27012.345856
83645.610925,1347.002368,1341.696,0.0,1347.002368,27012.087808
83738.675663,1347.002368,1341.696,0.0,1347.002368,27012.07552
83833.752351,1347.002368,1341.696,0.0,1347.002368,27012.05504
83927.693626,1347.002368,1341.696,0.0,1347.002368,27012.038656
84020.785466,1347.002368,1341.696,0.0,1347.002368,27012.284416
84115.693922,1347.002368,1341.696,0.0,1347.002368,27012.268032
84211.205213,1347.002368,1341.696,0.0,1347.002368,27012.513792
84304.595531,1347.002368,1341.696,0.0,1347.002368,27012.497408
84403.66416,1347.002368,1341.696,0.0,1347.002368,27012.743168
84499.568621,1347.002368,1341.696,0.0,1347.002368,27012.46464
84592.986225,1347.002368,1341.696,0.0,1347.002368,27012.448256
84686.003378,1347.002368,1341.696,0.0,1347.002368,27012.169728
84780.9135,1347.002368,1341.696,0.0,1347.002368,27012.067328
84874.53362,1347.002368,1341.696,0.0,1347.002368,27012.313088
84970.456036,1347.002368,1341.696,0.0,1347.002368,27012.296704
85066.549263,1347.002368,1341.696,0.0,1347.002368,27012.28032
85159.944764,1347.002368,1341.696,0.0,1347.002368,27012.276224
85256.579742,1347.002368,1341.696,0.0,1347.002368,27011.997696
85349.69992,1347.002368,1341.696,0.0,1347.002368,27012.243456
85443.749039,1347.002368,1341.696,0.0,1347.002368,27012.227072
85539.876368,1347.002368,1341.696,0.0,1347.002368,27012.210688
85635.046015,1347.002368,1341.696,0.0,1347.002368,27012.194304
85733.413617,1347.002368,1341.696,0.0,1347.002368,27012.17792
85830.62302,1347.002368,1341.696,0.0,1347.002368,27008.708608
85926.032249,1347.002368,1341.696,0.0,1347.002368,27008.172032
86024.820697,1347.002368,1341.696,0.0,1347.002368,27008.155648
86121.13775,1347.002368,1341.696,0.0,1347.002368,27008.139264
86217.249881,1347.002368,1341.696,0.0,1347.002368,27008.385024
86316.685698,1347.002368,1341.696,0.0,1347.002368,27008.36864
86415.723926,1347.002368,1341.696,0.0,1347.002368,27008.352256
86514.107792,1347.002368,1341.696,0.0,1347.002368,27008.335872
86614.386146,1347.002368,1341.696,0.0,1347.002368,27008.319488
86715.159713,1347.002368,1341.696,0.0,1347.002368,27008.303104
86815.119214,1347.002368,1341.696,0.0,1347.002368,27008.548864
86913.583182,1347.002368,1341.696,0.0,1347.002368,27008.53248
87034.761808,1347.01056,1341.704192,0.0,1347.01056,27009.024
87134.106516,1352.310784,1347.004416,0.0,1352.310784,27014.49216
87231.789575,1352.310784,1347.004416,0.0,1352.310784,27014.447104
87325.384742,1352.310784,1347.004416,0.0,1352.310784,27014.692864
87420.254798,1352.310784,1347.004416,0.0,1352.310784,27014.67648
87515.553531,1352.310784,1347.004416,0.0,1352.310784,27014.397952
87609.392768,1352.310784,1347.004416,0.0,1352.310784,27014.381568
87705.902676,1352.310784,1347.004416,0.0,1352.310784,27014.365184
87799.015988,1352.310784,1347.004416,0.0,1352.310784,27014.3488
87894.027369,1352.310784,1347.004416,0.0,1352.310784,27014.332416
87987.825085,1352.310784,1347.004416,0.0,1352.310784,27014.316032
88080.964264,1352.310784,1347.004416,0.0,1352.310784,27014.299648
88175.86432,1352.310784,1347.004416,0.0,1352.310784,27014.283264
88271.623448,1352.310784,1347.004416,0.0,1352.310784,27014.26688
88365.558852,1352.310784,1347.004416,0.0,1352.310784,27014.51264
88461.857536,1352.310784,1347.004416,0.0,1352.310784,27014.234112
88558.386909,1352.310784,1347.004416,0.0,1352.310784,27014.479872
88654.504852,1352.310784,1347.004416,0.0,1352.310784,27014.463488
88748.717245,1352.310784,1347.004416,0.0,1352.310784,27014.447104
88845.21663,1352.310784,1347.004416,0.0,1352.310784,27014.692864
88938.406284,1352.310784,1347.004416,0.0,1352.310784,27014.67648
89035.074303,1352.310784,1347.004416,0.0,1352.310784,27014.660096
89128.60081,1352.310784,1347.004416,0.0,1352.310784,27014.643712
89223.408106,1352.310784,1347.004416,0.0,1352.310784,27014.627328
89319.208317,1352.310784,1347.004416,0.0,1352.310784,27014.3488
89413.105402,1352.310784,1347.004416,0.0,1352.310784,27014.332416
89509.840276,1352.310784,1347.004416,0.0,1352.310784,27014.28736
89606.038616,1352.310784,1347.004416,0.0,1352.310784,27013.308416
89701.676698,1352.310784,1347.004416,0.0,1352.310784,27013.28384
89798.577015,1352.310784,1347.004416,0.0,1352.310784,27013.136384
89892.417922,1352.310784,1347.004416,0.0,1352.310784,27013.644288
89985.481544,1352.310784,1347.004416,0.0,1352.310784,27013.627904
90080.684196,1352.310784,1347.004416,0.0,1352.310784,27013.873664
90174.4858,1352.310784,1347.004416,0.0,1352.310784,27017.035776
90270.903459,1352.310784,1347.004416,0.0,1352.310784,27019.538432
90367.050628,1352.310784,1346.997248,0.0,1352.310784,27025.539072
90460.8604,1352.310784,1346.980864,0.0,1352.310784,27034.68544
90557.084563,1352.310784,1346.980864,0.0,1352.310784,27040.52224
90650.502739,1352.310784,1346.980864,0.0,1352.310784,27041.890304
90745.437333,1352.310784,1346.980864,0.0,1352.310784,27041.738752
90841.221235,1352.310784,1346.980864,0.0,1352.310784,27041.849344
90935.419049,1352.310784,1346.980864,0.0,1352.310784,27041.439744
91031.549724,1352.310784,1346.980864,0.0,1352.310784,27041.6896
91124.505502,1352.310784,1346.980864,0.0,1352.310784,27041.685504
91222.620518,1352.310784,1346.980864,0.0,1352.310784,27043.864576
91315.906743,1352.310784,1346.980864,0.0,1352.310784,27044.384768
91411.166051,1352.310784,1346.980864,0.0,1352.310784,27043.422208
91505.057376,1352.310784,1346.980864,0.0,1352.310784,27043.438592
91598.280836,1352.310784,1346.980864,0.0,1352.310784,27043.688448
91696.419969,1352.310784,1346.980864,0.0,1352.310784,27043.672064
91789.537292,1352.310784,1346.980864,0.0,1352.310784,27042.422784
91885.14376,1352.310784,1346.980864,0.0,1352.310784,27042.951168
91978.814822,1352.310784,1346.980864,0.0,1352.310784,27043.209216
92071.666416,1352.310784,1346.980864,0.0,1352.310784,27042.95936
92167.524636,1352.310784,1346.980864,0.0,1352.310784,27043.209216
92261.134106,1352.310784,1346.980864,0.0,1352.310784,27043.078144
92354.90751,1352.310784,1346.980864,0.0,1352.310784,27043.323904
92451.650197,1352.310784,1346.980864,0.0,1352.310784,27043.037184
92544.74949,1352.310784,1346.980864,0.0,1352.310784,27043.0208
92642.684219,1352.310784,1346.980864,0.0,1352.310784,27043.004416
92735.750012,1352.310784,1346.980864,0.0,1352.310784,27042.983936
92832.343459,1352.310784,1346.980864,0.0,1352.310784,27043.065856
92931.289365,1352.310784,1346.980864,0.0,1352.310784,27042.951168
93032.37383,1352.310784,1346.980864,0.0,1352.310784,27043.196928
93131.625376,1352.310784,1346.980864,0.0,1352.310784,27043.18464
93234.800012,1352.310784,1346.980864,0.0,1352.310784,27043.2256
93331.844034,1352.310784,1346.980864,0.0,1352.310784,27043.209216
93431.013625,1352.310784,1346.980864,0.0,1352.310784,27043.196928
93528.417226,1352.310784,1346.980864,0.0,1352.310784,27043.180544
93623.911511,1352.310784,1346.980864,0.0,1352.310784,27043.16416
93722.395052,1352.310784,1346.980864,0.0,1352.310784,27043.147776
93818.13471,1352.310784,1346.980864,0.0,1352.310784,27043.131392
93915.981725,1352.310784,1346.980864,0.0,1352.310784,27043.115008
94013.93972,1352.310784,1346.980864,0.0,1352.310784,27043.364864
94109.32269,1352.310784,1346.980864,0.0,1352.310784,27043.34848
94207.558969,1352.310784,1346.980864,0.0,1352.310784,27043.332096
94302.625515,1357.615104,1352.285184,0.0,1357.615104,27049.070592
94396.436882,1357.615104,1352.285184,0.0,1357.615104,27049.050112
94489.505712,1357.615104,1352.285184,0.0,1357.615104,27049.050112
94584.567821,1357.615104,1352.285184,0.0,1357.615104,27047.7312
94678.774377,1357.615104,1352.285184,0.0,1357.615104,27047.960576
94771.631376,1357.615104,1352.285184,0.0,1357.615104,27048.595456
94866.856878,1357.615104,1352.285184,0.0,1357.615104,27051.159552
94960.210497,1357.615104,1352.285184,0.0,1357.615104,27059.15904
95053.002605,1357.615104,1352.285184,0.0,1357.615104,27066.71616
95148.079274,1357.615104,1352.285184,0.0,1357.615104,27067.92448
95247.583363,1357.615104,1352.285184,0.0,1357.615104,27068.100608
95346.722951,1357.615104,1352.285184,0.0,1357.615104,27068.080128
95445.194809,1357.615104,1352.285184,0.0,1357.615104,27068.063744
95538.888218,1357.615104,1352.285184,0.0,1357.615104,27069.509632
95635.751214,1357.615104,1352.285184,0.0,1357.615104,27069.493248
95735.189811,1357.615104,1352.285184,0.0,1357.615104,27069.476864
95830.899203,1357.615104,1352.285184,0.0,1357.615104,27069.014016
95927.627334,1357.615104,1352.285184,0.0,1357.615104,27069.259776
96027.403709,1357.615104,1352.285184,0.0,1357.615104,27069.018112
96121.965768,1357.615104,1352.285184,0.0,1357.615104,27069.042688
96217.429589,1357.615104,1352.285184,0.0,1357.615104,27069.026304
96316.987462,1357.615104,1352.285184,0.0,1357.615104,27068.616704
96415.551891,1357.615104,1352.285184,0.0,1357.615104,27069.407232
96512.208724,1357.615104,1352.285184,0.0,1357.615104,27069.390848
96607.744285,1357.615104,1352.285184,0.0,1357.615104,27069.800448
96707.37353,1357.615104,1352.285184,0.0,1357.615104,27069.161472
96803.511651,1357.615104,1352.285184,0.0,1357.615104,27069.038592
96898.593566,1357.615104,1352.285184,0.0,1357.615104,27069.095936
96996.974922,1357.615104,1352.285184,0.0,1357.615104,27069.648896
97093.309633,1357.615104,1352.285184,0.0,1357.615104,27070.631936
97188.897225,1357.615104,1352.285184,0.0,1357.615104,27071.709184
97282.290659,1357.615104,1352.285184,0.0,1357.615104,27072.98304
97378.746227,1357.615104,1352.285184,0.0,1357.615104,27074.899968
97471.977425,1357.615104,1352.285184,0.0,1357.615104,27076.03456
97566.59884,1357.615104,1352.285184,0.0,1357.615104,27077.255168
97662.221114,1357.615104,1352.285184,0.0,1357.615104,27078.156288
97759.176922,1357.615104,1352.285184,0.0,1357.615104,27078.701056
97853.180693,1357.615104,1352.285184,0.0,1357.615104,27079.102464
97946.129139,1357.615104,1352.285184,0.0,1357.615104,27080.118272
98041.394738,1357.615104,1352.285184,0.0,1357.615104,27081.375744
98136.572106,1357.615104,1352.285184,0.0,1357.615104,27082.715136
98234.075392,1357.615104,1352.285184,0.0,1357.615104,27083.517952
98329.162029,1357.615104,1352.285184,0.0,1357.615104,27083.751424
98427.617648,1357.615104,1352.285184,0.0,1357.615104,27084.128256
98520.609347,1357.615104,1352.285184,0.0,1357.615104,27086.163968
98615.872804,1357.615104,1352.285184,0.0,1357.615104,27086.757888
98709.540073,1357.615104,1352.285184,0.0,1357.615104,27088.068608
98808.903482,1357.615104,1352.285184,0.0,1357.615104,27089.190912
98902.183933,1357.615104,1352.285184,0.0,1357.615104,27089.354752
98996.544632,1357.615104,1352.285184,0.0,1357.615104,27091.12832
99092.805204,1357.615104,1352.285184,0.0,1357.615104,27092.525056
99189.615628,1357.615104,1352.285184,0.0,1357.615104,27095.093248
99283.288112,1357.615104,1352.285184,0.0,1357.615104,27095.277568
99376.54018,1357.615104,1352.285184,0.0,1357.615104,27096.465408
99472.518548,1357.615104,1352.285184,0.0,1357.615104,27096.948736
99565.971821,1357.615104,1352.285184,0.0,1357.615104,27098.308608
99662.805482,1357.615104,1352.285184,0.0,1357.615104,27097.976832
99756.718384,1357.615104,1352.285184,0.0,1357.615104,27099.004928
99849.649822,1357.615104,1352.285184,0.0,1357.615104,27099.947008
99945.431923,1357.615104,1352.285184,0.0,1357.615104,27100.50816
100039.107127,1357.615104,1352.285184,0.0,1357.615104,27101.933568
100136.089919,1357.615104,1352.285184,0.0,1357.615104,27104.116736
100237.387219,1357.615104,1352.285184,0.0,1357.615104,27106.701312
100336.723575,1357.615104,1352.285184,0.0,1357.615104,27108.487168
100435.569376,1357.615104,1352.285184,0.0,1357.615104,27109.793792
100535.35562,1357.615104,1352.285184,0.0,1357.615104,27110.469632
100633.442931,1357.615104,1352.285184,0.0,1357.615104,27111.743488
100728.681452,1357.615104,1352.285184,0.0,1357.615104,27113.721856
100827.010337,1357.615104,1352.285184,0.0,1357.615104,27115.237376
100924.023801,1357.615104,1352.285184,0.0,1357.615104,27116.834816
101019.861614,1357.615104,1352.285184,0.0,1357.615104,27117.13792
101118.728643,1357.615104,1352.285184,0.0,1357.615104,27118.956544
101217.510393,1357.615104,1352.285184,0.0,1357.615104,27121.385472
101313.000613,1357.615104,1352.285184,0.0,1357.615104,27123.707904
101411.184532,1357.615104,1352.285184,0.0,1357.615104,27125.891072
101509.113214,1357.615104,1352.285184,0.0,1357.615104,27126.734848
101602.059624,1362.919424,1357.589504,0.0,1362.919424,27134.230528
101695.818638,1362.919424,1357.589504,0.0,1362.919424,27136.28672
101792.132838,1362.919424,1357.589504,0.0,1362.919424,27137.912832
101885.223054,1362.919424,1357.589504,0.0,1362.919424,27139.21536
101980.527295,1362.919424,1357.589504,0.0,1362.919424,27139.74784
102074.399241,1362.919424,1357.589504,0.0,1362.919424,27140.46464
102167.455005,1362.919424,1357.589504,0.0,1362.919424,27140.923392
102262.733534,1362.919424,1357.589504,0.0,1362.919424,27141.935104
102356.616639,1362.919424,1357.589504,0.0,1362.919424,27144.58112
102453.111721,1362.919424,1357.589504,0.0,1362.919424,27145.797632
102549.171732,1362.919424,1357.589504,0.0,1362.919424,27147.534336
102643.196058,1362.919424,1357.589504,0.0,1362.919424,27149.422592
102739.783509,1362.919424,1357.589504,0.0,1362.919424,27149.922304
102832.869579,1362.919424,1357.589504,0.0,1362.919424,27151.273984
102928.283272,1362.919424,1357.589504,0.0,1362.919424,27152.93696
103022.010742,1362.919424,1357.589504,0.0,1362.919424,27155.009536
103114.967081,1362.919424,1357.589504,0.0,1362.919424,27156.865024
103210.769505,1362.919424,1357.589504,0.0,1362.919424,27158.687744
103304.446607,1362.919424,1357.589504,0.0,1362.919424,27159.506944
103398.10455,1362.919424,1357.589504,0.0,1362.919424,27160.543232
103494.706355,1362.919424,1357.589504,0.0,1362.919424,27161.997312
103588.414287,1362.919424,1357.589504,0.0,1362.919424,27163.533312
103686.618984,1362.919424,1357.589504,0.0,1362.919424,27163.967488
103779.497178,1362.919424,1357.589504,0.0,1362.919424,27165.138944
103874.719719,1362.919424,1357.589504,0.0,1362.919424,27166.932992
103968.784362,1362.919424,1357.589504,0.0,1362.919424,27168.9728
104061.694472,1362.919424,1357.589504,0.0,1362.919424,27170.32448
104157.3623,1362.919424,1357.589504,0.0,1362.919424,27171.192832
104251.255627,1362.919424,1357.589504,0.0,1362.919424,27172.315136
104344.695281,1362.919424,1357.589504,0.0,1362.919424,27174.170624
104444.037523,1362.919424,1357.589504,0.0,1362.919424,27176.873984
104539.41971,1362.919424,1357.589504,0.0,1362.919424,27178.512384
104634.833398,1362.919424,1357.589504,0.0,1362.919424,27177.934848
104729.325397,1362.919424,1357.589504,0.0,1362.919424,27178.217472
104825.585477,1362.919424,1357.589504,0.0,1362.919424,27178.786816
104919.364478,1362.919424,1357.589504,0.0,1362.919424,27180.118016
105015.858676,1362.919424,1357.589504,0.0,1362.919424,27180.736512
105109.152111,1362.919424,1357.589504,0.0,1362.919424,27182.624768
105204.96464,1362.919424,1357.589504,0.0,1362.919424,27183.67744
105299.510385,1362.919424,1357.589504,0.0,1362.919424,27183.751168
105394.458712,1362.919424,1357.589504,0.0,1362.919424,27185.242112
105490.467737,1362.919424,1357.589504,0.0,1362.919424,27187.417088
105584.7786,1362.919424,1357.589504,0.0,1362.919424,27188.424704
105681.220842,1362.919424,1357.589504,0.0,1362.919424,27191.128064
105775.458258,1362.919424,1357.589504,0.0,1362.919424,27194.339328
105871.907703,1362.919424,1357.589504,0.0,1362.919424,27195.789312
105965.231367,1362.919424,1357.589504,0.0,1362.919424,27196.059648
106061.776118,1362.919424,1357.589504,0.0,1362.919424,27196.276736
106155.415689,1362.919424,1357.589504,0.0,1362.919424,27199.205376
106249.922005,1362.919424,1357.589504,0.0,1362.919424,27201.937408
106346.229631,1362.919424,1357.589504,0.0,1362.919424,27203.571712
106440.892607,1362.919424,1357.589504,0.0,1362.919424,27205.8368
106537.145333,1362.919424,1357.589504,0.0,1362.919424,27207.02464
106630.804316,1362.919424,1357.589504,0.0,1362.919424,27208.904704
106727.54783,1362.919424,1357.589504,0.0,1362.919424,27212.029952
106820.771541,1362.919424,1357.589504,0.0,1362.919424,27214.06976
106916.238116,1362.919424,1357.589504,0.0,1362.919424,27214.82752
107010.179385,1362.919424,1357.589504,0.0,1362.919424,27215.446016
107103.399427,1362.919424,1357.589504,0.0,1362.919424,27216.289792
107199.870169,1362.919424,1357.589504,0.0,1362.919424,27218.911232
107295.351881,1362.919424,1357.589504,0.0,1362.919424,27221.192704
107394.584298,1362.919424,1357.589504,0.0,1362.919424,27223.42912
107493.065121,1362.919424,1357.589504,0.0,1362.919424,27225.329664
107589.815771,1362.919424,1357.589504,0.0,1362.919424,27226.738688
107688.061614,1362.919424,1357.589504,0.0,1362.919424,27227.930624
107786.84783,1362.919424,1357.589504,0.0,1362.919424,27229.732864
107883.154125,1362.919424,1357.589504,0.0,1362.919424,27231.399936
107979.242075,1362.919424,1357.589504,0.0,1362.919424,27234.062336
108076.65352,1362.919424,1357.589504,0.0,1362.919424,27236.37248
108172.72192,1362.919424,1357.589504,0.0,1362.919424,27237.888
108271.830408,1362.919424,1357.589504,0.0,1362.919424,27239.54688
108371.804962,1362.919424,1357.589504,0.0,1362.919424,27241.84064
108471.356106,1362.919424,1357.589504,0.0,1362.919424,27242.315776
108570.463804,1362.919424,1357.589504,0.0,1362.919424,27243.52
108672.509661,1362.919424,1357.589504,0.0,1362.919424,27244.916736
108769.933383,1362.919424,1357.601792,0.0,1362.919424,27245.494272
108863.482299,1368.195072,1362.865152,0.0,1368.195072,27253.293056
108957.357063,1368.195072,1362.865152,0.0,1368.195072,27255.525376
109055.40845,1368.195072,1362.865152,0.0,1368.195072,27258.068992
109148.676464,1368.195072,1362.865152,0.0,1368.195072,27258.335232
109245.045712,1368.195072,1362.865152,0.0,1368.195072,27258.773504
109339.007369,1368.195072,1362.865152,0.0,1368.195072,27259.416576
109433.624407,1368.195072,1362.865152,0.0,1368.195072,27260.993536
109529.805615,1368.195072,1362.865152,0.0,1368.195072,27261.70624
109628.769325,1368.195072,1362.865152,0.0,1368.195072,27263.320064
109722.332446,1368.195072,1362.865152,0.0,1368.195072,27265.339392
109818.137153,1368.195072,1362.865152,0.0,1368.195072,27268.063232
109911.946923,1368.195072,1362.865152,0.0,1368.195072,27270.311936
110005.795733,1368.195072,1362.865152,0.0,1368.195072,27270.51264
110102.664124,1368.195072,1362.865152,0.0,1368.195072,27271.72096
110195.862347,1368.195072,1362.865152,0.0,1368.195072,27274.252288
110292.136152,1368.195072,1362.865152,0.0,1368.195072,27275.825152
110385.843658,1368.195072,1362.865152,0.0,1368.195072,27277.979648
110479.999363,1368.195072,1362.865152,0.0,1368.195072,27278.749696
110578.865143,1368.195072,1362.865152,0.0,1368.195072,27280.46592
110674.975765,1368.195072,1362.865152,0.0,1368.195072,27281.494016
110768.572424,1368.195072,1362.865152,0.0,1368.195072,27282.0224
110867.227995,1368.195072,1362.865152,0.0,1368.195072,27283.8656
110960.834474,1368.195072,1362.865152,0.0,1368.195072,27285.602304
111055.687186,1368.195072,1362.865152,0.0,1368.195072,27287.26528
111151.226987,1368.195072,1362.865152,0.0,1368.195072,27288.756224
111245.339286,1368.195072,1362.865152,0.0,1368.195072,27290.079232
111341.785129,1368.195072,1362.865152,0.0,1368.195072,27290.550272
111434.937223,1368.195072,1362.865152,0.0,1368.195072,27292.135424
111531.624114,1368.195072,1362.865152,0.0,1368.195072,27295.232
111627.486823,1368.195072,1362.865152,0.0,1368.195072,27297.943552
111724.059248,1368.195072,1362.865152,0.0,1368.195072,27300.57728
111817.077852,1368.195072,1362.865152,0.0,1368.195072,27301.82656
111912.653856,1368.195072,1362.865152,0.0,1368.195072,27302.641664
112006.195336,1368.195072,1362.865152,0.0,1368.195072,27302.715392
112099.360694,1368.195072,1362.865152,0.0,1368.195072,27303.268352
112195.72294,1368.195072,1362.865152,0.0,1368.195072,27303.886848
112289.111661,1368.195072,1362.865152,0.0,1368.195072,27305.12384
112383.165253,1368.195072,1362.865152,0.0,1368.195072,27308.445696
112479.790516,1368.195072,1362.865152,0.0,1368.195072,27309.62944
112572.778057,1368.195072,1362.865152,0.0,1368.195072,27311.382528
112668.929337,1368.195072,1362.865152,0.0,1368.195072,27313.39776
112762.679664,1368.195072,1362.865152,0.0,1368.195072,27315.085312
112856.863516,1368.195072,1362.865152,0.0,1368.195072,27317.018624
112953.456131,1368.195072,1362.865152,0.0,1368.195072,27320.516608
113047.072584,1368.195072,1362.865152,0.0,1368.195072,27323.88352
113143.63002,1368.195072,1362.865152,0.0,1368.195072,27325.452288
113237.369462,1368.195072,1362.865152,0.0,1368.195072,27326.144512
113332.754714,1368.195072,1362.865152,0.0,1368.195072,27326.328832
113426.347389,1368.195072,1362.865152,0.0,1368.195072,27328.86016
113519.427476,1368.195072,1362.865152,0.0,1368.195072,27329.724416
113614.654913,1368.195072,1362.865152,0.0,1368.195072,27332.235264
113708.662246,1368.195072,1362.865152,0.0,1368.195072,27334.344704
113801.741387,1368.195072,1362.865152,0.0,1368.195072,27335.921664
113897.64687,1368.195072,1362.865152,0.0,1368.195072,27337.949184
113991.351185,1368.195072,1362.865152,0.0,1368.195072,27340.808192
114085.117654,1368.195072,1362.865152,0.0,1368.195072,27342.999552
114184.249895,1368.195072,1362.865152,0.0,1368.195072,27344.769024
114281.039311,1368.195072,1362.865152,0.0,1368.195072,27345.084416
114376.269104,1368.195072,1362.865152,0.0,1368.195072,27346.116608
114473.710949,1368.195072,1362.865152,0.0,1368.195072,27346.640896
114566.871493,1368.195072,1362.865152,0.0,1368.195072,27347.324928
114668.239936,1368.195072,1362.865152,0.0,1368.195072,27348.02944
114770.099072,1368.195072,1362.865152,0.0,1368.195072,27350.585344
114873.937866,1368.195072,1362.865152,0.0,1368.195072,27351.20384
114971.977778,1368.195072,1362.865152,0.0,1368.195072,27352.915968
115071.763909,1368.195072,1362.865152,0.0,1368.195072,27353.362432
115171.362983,1368.195072,1362.865152,0.0,1368.195072,27356.557312
115270.283554,1368.195072,1362.865152,0.0,1368.195072,27356.413952
115367.312859,1368.195072,1362.865152,0.0,1368.195072,27358.896128
115464.583247,1368.195072,1362.865152,0.0,1368.195072,27361.03424
115563.514654,1368.195072,1362.865152,0.0,1368.195072,27364.397056
115662.896251,1368.195072,1362.865152,0.0,1368.195072,27366.924288
115758.346469,1368.195072,1362.865152,0.0,1368.195072,27368.906752
115856.876593,1368.195072,1362.865152,0.0,1368.195072,27370.119168
115955.639716,1368.195072,1362.865152,0.0,1368.195072,27372.199936
116052.014155,1368.195072,1362.865152,0.0,1368.195072,27373.64992
116145.630293,1368.96512,1368.165376,0.0,1368.96512,27379.986432
116239.243424,1373.495296,1368.165376,0.0,1373.495296,27381.690368
116335.702128,1373.495296,1368.165376,0.0,1373.495296,27384.287232
116429.241848,1373.495296,1368.165376,0.0,1373.495296,27385.524224
116523.683905,1373.495296,1368.165376,0.0,1373.495296,27387.84256
116619.960267,1373.495296,1368.165376,0.0,1373.495296,27391.090688
116713.932688,1373.495296,1368.165376,0.0,1373.495296,27393.703936
116810.712027,1373.495296,1368.165376,0.0,1373.495296,27396.861952
116904.428604,1373.495296,1368.165376,0.0,1373.495296,27398.139904
117001.191839,1373.495296,1368.165376,0.0,1373.495296,27398.406144
117094.852984,1373.495296,1368.165376,0.0,1373.495296,27398.770688
117191.026464,1373.495296,1368.165376,0.0,1373.495296,27400.777728
117284.806163,1373.495296,1368.165376,0.0,1373.495296,27402.67008
117379.037538,1373.495296,1368.165376,0.0,1373.495296,27405.950976
117475.754837,1373.495296,1368.165376,0.0,1373.495296,27407.4624
117569.654383,1373.495296,1368.165376,0.0,1373.495296,27407.962112
117666.58685,1373.495296,1368.165376,0.0,1373.495296,27408.429056
117760.014612,1373.495296,1368.165376,0.0,1373.495296,27409.207296
117856.467158,1373.495296,1368.165376,0.0,1373.495296,27410.112512
117950.132368,1373.495296,1368.165376,0.0,1373.495296,27411.341312
118044.907256,1373.495296,1368.165376,0.0,1373.495296,27411.78368
118141.273455,1373.495296,1368.165376,0.0,1373.495296,27413.99552
118235.76716,1373.495296,1368.165376,0.0,1373.495296,27415.703552
118332.061881,1373.495296,1368.165376,0.0,1373.495296,27417.858048
118426.175238,1373.495296,1368.165376,0.0,1373.495296,27418.476544
118522.93343,1373.495296,1368.165376,0.0,1373.495296,27419.373568
118616.537042,1373.495296,1368.165376,0.0,1373.495296,27420.475392
118713.670854,1373.495296,1368.165376,0.0,1373.495296,27421.40928
118807.045636,1373.495296,1368.165376,0.0,1373.495296,27421.904896
118902.955842,1373.495296,1368.165376,0.0,1373.495296,27423.858688
118996.90556,1373.495296,1368.165376,0.0,1373.495296,27426.238464
119091.023476,1373.495296,1368.165376,0.0,1373.495296,27427.909632
119187.62728,1373.495296,1368.165376,0.0,1373.495296,27429.74464
119284.661961,1373.495296,1368.165376,0.0,1373.495296,27431.337984
119378.727118,1373.495296,1368.165376,0.0,1373.495296,27433.017344
119472.287637,1373.495296,1368.165376,0.0,1373.495296,27433.426944
119568.543651,1373.495296,1368.165376,0.0,1373.495296,27434.242048
119664.258227,1373.495296,1368.165376,0.0,1373.495296,27435.831296
119761.144071,1373.495296,1368.165376,0.0,1373.495296,27438.313472
119854.544455,1373.495296,1368.165376,0.0,1373.495296,27439.886336
119950.281137,1373.495296,1368.165376,0.0,1373.495296,27441.958912
120044.144617,1373.495296,1368.165376,0.0,1373.495296,27443.499008
120137.699887,1373.495296,1368.165376,0.0,1373.495296,27445.702656
120234.723686,1373.495296,1368.165376,0.0,1373.495296,27447.226368
120328.037253,1373.495296,1368.165376,0.0,1373.495296,27447.611392
120424.262556,1373.495296,1368.165376,0.0,1373.495296,27449.245696
120519.021861,1373.495296,1368.165376,0.0,1373.495296,27450.138624
120614.234183,1373.495296,1368.165376,0.0,1373.495296,27451.121664
120708.41429,1373.495296,1368.165376,0.0,1373.495296,27451.449344
120801.885359,1373.495296,1368.165376,0.0,1373.495296,27452.698624
120900.896665,1373.495296,1368.165376,0.0,1373.495296,27455.393792
120997.279116,1373.495296,1368.165376,0.0,1373.495296,27457.171456
121093.597227,1373.495296,1368.165376,0.0,1373.495296,27459.141632
121192.546085,1373.495296,1368.165376,0.0,1373.495296,27459.137536
121291.409466,1373.495296,1368.165376,0.0,1373.495296,27461.607424
121390.425877,1373.495296,1368.165376,0.0,1373.495296,27464.204288
121489.540814,1373.495296,1368.165376,0.0,1373.495296,27467.071488
121591.532453,1373.495296,1368.165376,0.0,1373.495296,27469.688832
121689.70632,1373.495296,1368.165376,0.0,1373.495296,27470.045184
121789.067612,1373.495296,1368.165376,0.0,1373.495296,27470.737408
121888.290228,1373.495296,1368.165376,0.0,1373.495296,27470.700544
121985.807563,1373.495296,1368.165376,0.0,1373.495296,27472.85504
122082.080037,1373.495296,1368.165376,0.0,1373.495296,27475.300352
122181.128108,1373.495296,1368.165376,0.0,1373.495296,27476.230144
122285.021402,1373.507584,1368.177664,0.0,1373.507584,27477.856256
122381.038739,1377.882112,1372.552192,0.0,1377.882112,27483.2384
122474.39805,1377.882112,1372.552192,0.0,1377.882112,27484.299264
122571.06132,1377.882112,1372.552192,0.0,1377.882112,27485.609984
122664.554955,1377.882112,1372.552192,0.0,1377.882112,27486.63808
122759.87067,1377.882112,1372.552192,0.0,1377.882112,27487.133696
122854.225347,1377.882112,1372.552192,0.0,1377.882112,27490.01728
122947.558279,1377.882112,1372.552192,0.0,1377.882112,27492.941824
123044.19501,1377.882112,1372.552192,0.0,1377.882112,27494.076416
123137.905677,1377.882112,1372.552192,0.0,1377.882112,27496.792064
123232.84855,1377.882112,1372.552192,0.0,1377.882112,27498.88512
123329.29028,1377.882112,1372.552192,0.0,1377.882112,27501.400064
123424.688352,1377.882112,1372.552192,0.0,1377.882112,27502.354432
123518.950987,1377.882112,1372.552192,0.0,1377.882112,27504.0256
123612.659616,1377.882112,1372.552192,0.0,1377.882112,27505.664
123709.595991,1377.882112,1372.552192,0.0,1377.882112,27507.03616
123803.157561,1377.882112,1372.552192,0.0,1377.882112,27507.204096
123898.695166,1377.882112,1372.552192,0.0,1377.882112,27507.736576
123992.834621,1377.882112,1372.552192,0.0,1377.882112,27509.71904
124086.563666,1377.882112,1372.552192,0.0,1377.882112,27511.283712
124183.610041,1377.882112,1372.552192,0.0,1377.882112,27513.417728
124276.873184,1377.882112,1372.552192,0.0,1377.882112,27515.019264
124373.569679,1377.882112,1372.552192,0.0,1377.882112,27515.20768
124467.301987,1377.882112,1372.552192,0.0,1377.882112,27517.038592
124562.549504,1377.882112,1372.552192,0.0,1377.882112,27518.193664
124658.588439,1377.882112,1372.552192,0.0,1377.882112,27519.254528
124753.395185,1377.882112,1372.552192,0.0,1377.882112,27521.941504
124849.020792,1377.882112,1372.552192,0.0,1377.882112,27524.550656
124942.926684,1377.882112,1372.552192,0.0,1377.882112,27526.705152
125039.703763,1377.882112,1372.552192,0.0,1377.882112,27528.093696
125133.218946,1377.882112,1372.552192,0.0,1377.882112,27530.539008
125230.31223,1377.882112,1372.552192,0.0,1377.882112,27533.504512
125323.947695,1377.882112,1372.552192,0.0,1377.882112,27535.704064
125419.695663,1377.882112,1372.552192,0.0,1377.882112,27536.36352
125513.91046,1377.882112,1372.552192,0.0,1377.882112,27538.223104
125607.881284,1377.882112,1372.552192,0.0,1377.882112,27540.037632
125704.873956,1377.882112,1372.552192,0.0,1377.882112,27541.016576
125796.125241,1377.882112,1372.552192,0.0,1377.882112,27544.109056
125895.256085,1377.882112,1372.552192,0.0,1377.882112,27546.611712
125988.90809,1377.882112,1372.552192,0.0,1377.882112,27548.413952
126090.257918,1377.882112,1372.552192,0.0,1377.882112,27550.384128
126189.270762,1377.882112,1372.552192,0.0,1377.882112,27550.507008
126286.365066,1377.882112,1372.552192,0.0,1377.882112,27553.296384
126382.733533,1377.882112,1372.552192,0.0,1377.882112,27556.954112
126482.873968,1377.882112,1372.552192,0.0,1377.882112,27560.329216
126578.8922,1377.882112,1372.552192,0.0,1377.882112,27561.295872
126677.651924,1377.882112,1372.552192,0.0,1377.882112,27563.245568
126776.780274,1377.882112,1372.552192,0.0,1377.882112,27565.871104
126879.747481,1377.882112,1372.552192,0.0,1377.882112,27567.497216
126978.006375,1377.882112,1372.552192,0.0,1377.882112,27570.331648
127076.805117,1377.882112,1372.552192,0.0,1377.882112,27572.686848
127173.961069,1377.882112,1372.552192,0.0,1377.882112,27575.414784
127271.96603,1377.882112,1372.552192,0.0,1377.882112,27577.9584
127370.544672,1377.882112,1372.552192,0.0,1377.882112,27581.493248
127469.714844,1377.882112,1372.552192,0.0,1377.882112,27583.623168
127569.561343,1377.882112,1372.552192,0.0,1377.882112,27586.105344
127672.205464,1377.882112,1372.552192,0.0,1377.882112,27586.871296
127776.821199,1377.882112,1372.552192,0.0,1377.882112,27589.226496
127876.899236,1377.882112,1372.552192,0.0,1377.882112,27590.344704
127975.947383,1377.882112,1372.552192,0.0,1377.882112,27590.660096
128096.020987,1377.890304,1372.560384,0.0,1377.890304,27593.424896
128192.509634,1381.96992,1376.64,0.0,1381.96992,27598.036992
128288.739619,1381.96992,1376.64,0.0,1381.96992,27599.028224
128385.583418,1381.96992,1376.64,0.0,1381.96992,27599.5648
128483.097058,1381.96992,1376.64,0.0,1381.96992,27600.531456
128581.750347,1381.96992,1376.64,0.0,1381.96992,27600.740352
128677.912476,1381.96992,1376.64,0.0,1381.96992,27602.403328
128771.94476,1381.96992,1376.64,0.0,1381.96992,27603.78368
128872.458886,1381.96992,1376.64,0.0,1381.96992,27605.020672
128969.344426,1381.96992,1376.64,0.0,1381.96992,27607.027712
129062.743914,1381.96992,1376.64,0.0,1381.96992,27609.427968
129159.479957,1381.96992,1376.64,0.0,1381.96992,27611.889664
129253.186606,1381.96992,1376.64,0.0,1381.96992,27613.75744
129348.517597,1381.96992,1376.64,0.0,1381.96992,27616.48128
129444.578706,1381.96992,1376.64,0.0,1381.96992,27618.553856
129542.073222,1381.96992,1376.64,0.0,1381.96992,27620.37248
129638.182878,1381.96992,1376.64,0.0,1381.96992,27622.211584
129735.411607,1381.96992,1376.64,0.0,1381.96992,27624.071168
129829.354361,1381.96992,1376.64,0.0,1381.96992,27624.329216
129925.92966,1381.96992,1376.64,0.0,1381.96992,27625.394176
130019.515225,1381.96992,1376.64,0.0,1381.96992,27625.340928
130115.896346,1381.96992,1376.64,0.0,1381.96992,27626.897408
130209.855553,1381.96992,1376.64,0.0,1381.96992,27627.454464
130305.076102,1381.96992,1376.64,0.0,1381.96992,27628.662784
130399.351404,1381.96992,1376.64,0.0,1381.96992,27629.924352
130493.00248,1381.96992,1376.64,0.0,1381.96992,27632.529408
130589.792351,1381.96992,1376.64,0.0,1381.96992,27634.069504
130683.451276,1381.96992,1376.64,0.0,1381.96992,27636.363264
130779.48019,1381.96992,1376.64,0.0,1381.96992,27638.0672
130879.185176,1381.96992,1376.64,0.0,1381.96992,27641.085952
130975.686452,1381.96992,1376.64,0.0,1381.96992,27643.408384
131070.999014,1381.96992,1376.64,0.0,1381.96992,27644.08832
131165.263514,1381.96992,1376.64,0.0,1381.96992,27644.207104
131258.742462,1381.96992,1376.64,0.0,1381.96992,27645.72672
131355.134265,1381.96992,1376.64,0.0,1381.96992,27647.049728
131449.176154,1381.96992,1376.64,0.0,1381.96992,27649.728512
131544.3709,1381.96992,1376.64,0.0,1381.96992,27652.75136
131640.241736,1381.96992,1376.64,0.0,1381.96992,27654.32832
131735.465138,1381.96992,1376.64,0.0,1381.96992,27655.168
131831.577568,1381.96992,1376.64,0.0,1381.96992,27657.6256
131926.523498,1381.96992,1376.64,0.0,1381.96992,27659.583488
132023.067944,1381.96992,1376.64,0.0,1381.96992,27663.818752
132135.395301,1381.96992,1376.637952,0.0,1381.96992,27674.64448
132231.758381,1381.96992,1376.64,0.0,1381.96992,27665.055744
132327.923161,1381.96992,1376.64,0.0,1381.96992,27667.021824
132424.447176,1381.96992,1376.64,0.0,1381.96992,27668.627456
132517.849199,1381.96992,1376.64,0.0,1381.96992,27670.802432
132614.591966,1381.96992,1376.64,0.0,1381.96992,27671.781376
132708.141449,1381.96992,1376.64,0.0,1381.96992,27672.240128
132803.373326,1381.96992,1376.64,0.0,1381.96992,27674.345472
132897.67356,1381.96992,1376.64,0.0,1381.96992,27676.524544
132991.069935,1381.96992,1376.64,0.0,1381.96992,27678.449664
133087.375807,1381.96992,1376.64,0.0,1381.96992,27680.907264
133181.111452,1381.96992,1376.64,0.0,1381.96992,27683.36896
133275.692571,1381.96992,1376.64,0.0,1381.96992,27686.56384
133372.116657,1381.96992,1376.64,0.0,1381.96992,27689.92256
133466.447955,1381.96992,1376.64,0.0,1381.96992,27691.794432
133563.273313,1381.96992,1376.64,0.0,1381.96992,27692.978176
133660.281064,1381.96992,1376.64,0.0,1381.96992,27694.198784
133754.252754,1381.96992,1376.64,0.0,1381.96992,27697.754112
133850.008096,1381.96992,1376.64,0.0,1381.96992,27699.290112
133948.543249,1381.96992,1376.64,0.0,1381.96992,27700.088832
134047.312488,1381.96992,1376.64,0.0,1381.96992,27701.886976
134143.977316,1381.96992,1376.64,0.0,1381.96992,27704.7296
134240.460301,1381.96992,1376.64,0.0,1381.96992,27706.118144
134338.916727,1381.96992,1376.64,0.0,1381.96992,27708.653568
134434.657245,1381.96992,1376.64,0.0,1381.96992,27711.250432
134533.331728,1381.96992,1376.64,0.0,1381.96992,27713.45408
134637.259181,1381.96992,1376.64,0.0,1381.96992,27716.714496
134736.945942,1381.96992,1376.64,0.0,1381.96992,27719.749632
134841.309674,1381.96992,1376.64,0.0,1381.96992,27722.9568
134942.170618,1381.96992,1376.64,0.0,1381.96992,27727.347712
135039.534595,1381.96992,1376.64,0.0,1381.96992,27729.887232
135138.993777,1381.96992,1376.64,0.0,1381.96992,27732.230144
135261.442162,1381.978112,1376.648192,0.0,1381.978112,27734.573056
135357.239946,1387.13088,1381.80096,0.0,1387.13088,27740.07808
135451.619059,1387.13088,1381.80096,0.0,1387.13088,27740.086272
135548.120521,1387.13088,1381.80096,0.0,1387.13088,27740.237824
135645.912831,1387.13088,1381.80096,0.0,1387.13088,27741.26592
135739.883322,1387.13088,1381.80096,0.0,1387.13088,27742.015488
135834.763416,1387.13088,1381.80096,0.0,1387.13088,27742.851072
135931.145342,1387.13088,1381.80096,0.0,1387.13088,27744.837632
136031.399503,1387.13088,1381.80096,0.0,1387.13088,27747.680256
136125.709729,1387.13088,1381.80096,0.0,1387.13088,27750.354944
136222.824307,1387.13088,1381.80096,0.0,1387.13088,27752.718336
136316.832724,1387.13088,1381.80096,0.0,1387.13088,27756.208128
136413.774819,1387.13088,1381.80096,0.0,1387.13088,27759.013888
136507.352212,1387.13088,1381.80096,0.0,1387.13088,27760.971776
136604.4067,1387.13088,1381.80096,0.0,1387.13088,27764.482048
136698.265127,1387.13088,1381.80096,0.0,1387.13088,27766.411264
136795.067662,1387.13088,1381.80096,0.0,1387.13088,27767.730176
136888.716619,1387.13088,1381.80096,0.0,1387.13088,27769.913344
136984.869522,1387.13088,1381.80096,0.0,1387.13088,27772.416
137079.07593,1387.13088,1381.80096,0.0,1387.13088,27775.234048
137173.955401,1387.13088,1381.80096,0.0,1387.13088,27777.47456
137270.622821,1387.13088,1381.80096,0.0,1387.13088,27778.789376
137365.303525,1387.13088,1381.80096,0.0,1387.13088,27780.124672
137461.91876,1387.13088,1381.80096,0.0,1387.13088,27780.829184
137556.466829,1387.13088,1381.80096,0.0,1387.13088,27782.729728
137656.066814,1387.13088,1381.80096,0.0,1387.13088,27782.88128
137753.062877,1387.13088,1381.80096,0.0,1387.13088,27783.20896
137846.976284,1387.13088,1381.80096,0.0,1387.13088,27782.139904
137944.311163,1387.13088,1381.80096,0.0,1387.13088,27783.626752
138037.743771,1387.13088,1381.80096,0.0,1387.13088,27784.896512
138134.127128,1387.13088,1381.80096,0.0,1387.13088,27786.334208
138228.208163,1387.13088,1381.80096,0.0,1387.13088,27788.136448
138323.747232,1387.13088,1381.80096,0.0,1387.13088,27790.467072
138418.079947,1387.13088,1381.80096,0.0,1387.13088,27792.564224
138511.835707,1387.13088,1381.80096,0.0,1387.13088,27794.771968
138608.776289,1387.13088,1381.80096,0.0,1387.13088,27797.835776
138702.419653,1387.13088,1381.80096,0.0,1387.13088,27800.375296
138799.533855,1387.13088,1381.80096,0.0,1387.13088,27801.300992
138893.545442,1387.13088,1381.80096,0.0,1387.13088,27802.882048
138990.326718,1387.13088,1381.80096,0.0,1387.13088,27927.068672
139084.273173,1387.13088,1381.80096,0.0,1387.13088,27812.102144
139179.992849,1387.13088,1381.80096,0.0,1387.13088,27813.261312
139274.217797,1387.13088,1381.80096,0.0,1387.13088,27813.728256
139368.301177,1387.13088,1381.80096,0.0,1387.13088,27813.965824
139465.135798,1387.13088,1381.80096,0.0,1387.13088,27814.191104
139558.421297,1387.13088,1381.80096,0.0,1387.13088,27814.17472
139659.681204,1387.13088,1381.80096,0.0,1387.13088,27816.071168
139760.180236,1387.13088,1381.80096,0.0,1387.13088,27820.68736
139856.875971,1387.13088,1381.80096,0.0,1387.13088,27823.34976
139950.600645,1387.13088,1381.80096,0.0,1387.13088,27825.688576
140045.401541,1387.13088,1381.80096,0.0,1387.13088,27829.497856
140141.977034,1387.13088,1381.80096,0.0,1387.13088,27832.164352
140236.843289,1387.13088,1381.80096,0.0,1387.13088,27834.85952
140332.898169,1387.13088,1381.80096,0.0,1387.13088,27837.980672
140427.212792,1387.13088,1381.80096,0.0,1387.13088,27840.16384
140523.96513,1387.13088,1381.80096,0.0,1387.13088,27840.679936
140618.070618,1387.13088,1381.80096,0.0,1387.13088,27843.055616
140720.841743,1387.13088,1381.80096,0.0,1387.13088,27843.764224
140819.47448,1387.13088,1381.80096,0.0,1387.13088,27844.108288
140919.045739,1387.13088,1381.80096,0.0,1387.13088,27844.8128
141019.872255,1387.13088,1381.80096,0.0,1387.13088,27850.481664
141120.100135,1387.13088,1381.80096,0.0,1387.13088,27971.403776
141218.533005,1387.13088,1381.80096,0.0,1387.13088,28101.95968
141314.577071,1387.13088,1381.80096,0.0,1387.13088,27857.16224
141413.454636,1387.13088,1381.80096,0.0,1387.13088,27858.00192
141511.942033,1387.13088,1381.80096,0.0,1387.13088,27857.833984
141608.281826,1387.13088,1381.80096,0.0,1387.13088,27858.98496
141706.735467,1387.13088,1381.80096,0.0,1387.13088,27860.590592
141805.747417,1387.13088,1381.80096,0.0,1387.13088,27860.80768
141904.136554,1387.13088,1381.80096,0.0,1387.13088,27862.392832
142001.504955,1387.13088,1381.80096,0.0,1387.13088,27864.576
142102.817851,1387.13088,1381.80096,0.0,1387.13088,27867.152384
142201.079412,1392.06656,1386.73664,0.0,1392.06656,27874.267136
142298.006796,1392.06656,1386.73664,0.0,1392.06656,27876.225024
142391.480826,1392.06656,1386.73664,0.0,1392.06656,27876.937728
142488.678051,1392.06656,1386.73664,0.0,1392.06656,27877.90848
142582.437604,1392.06656,1386.73664,0.0,1392.06656,27879.518208
142681.542189,1392.06656,1386.73664,0.0,1392.06656,27881.877504
142776.308999,1392.06656,1386.73664,0.0,1392.06656,27884.191744
142873.422027,1392.06656,1386.73664,0.0,1392.06656,27886.698496
142968.794243,1392.06656,1386.73664,0.0,1392.06656,27887.058944
143063.279218,1392.06656,1386.73664,0.0,1392.06656,27889.119232
143157.286428,1392.06656,1386.73664,0.0,1392.06656,27890.110464
143254.066089,1392.06656,1386.73664,0.0,1392.06656,27890.446336
143347.670728,1392.06656,1386.73664,0.0,1392.06656,27890.745344
143444.503192,1392.06656,1386.73664,0.0,1392.06656,27891.081216
143538.494195,1392.06656,1386.73664,0.0,1392.06656,27890.958336
143634.327715,1392.06656,1386.73664,0.0,1392.06656,27891.634176
143728.983236,1392.06656,1386.73664,0.0,1392.06656,27891.54816
143823.791955,1392.06656,1386.73664,0.0,1392.06656,27892.641792
143920.343012,1392.06656,1386.73664,0.0,1392.06656,27893.32992
144014.810535,1392.06656,1386.73664,0.0,1392.06656,27894.3744
144111.647091,1392.06656,1386.73664,0.0,1392.06656,27894.94784
144209.230514,1392.06656,1386.73664,0.0,1392.06656,27897.462784
144303.327631,1392.06656,1386.73664,0.0,1392.06656,27898.384384
144398.233018,1392.06656,1386.73664,0.0,1392.06656,27898.22464
144494.34968,1392.06656,1386.73664,0.0,1392.06656,27898.556416
144589.054379,1392.06656,1386.73664,0.0,1392.06656,27901.468672
144687.956369,1392.06656,1386.73664,0.0,1392.06656,27902.2592
144785.607573,1392.06656,1386.73664,0.0,1392.06656,27905.163264
144885.443997,1392.06656,1386.73664,0.0,1392.06656,27907.657728
144979.213981,1392.06656,1386.73664,0.0,1392.06656,27910.291456
145075.955171,1392.06656,1386.73664,0.0,1392.06656,27912.704
145169.957447,1392.06656,1386.73664,0.0,1392.06656,27914.211328
145265.755437,1392.06656,1386.73664,0.0,1392.06656,27915.210752
145359.963996,1392.06656,1386.73664,0.0,1392.06656,27918.462976
145454.291171,1392.06656,1386.73664,0.0,1392.06656,27920.375808
145551.161218,1392.06656,1386.73664,0.0,1392.06656,27921.436672
145645.151797,1392.06656,1386.73664,0.0,1392.06656,27923.144704
145742.329761,1392.06656,1386.73664,0.0,1392.06656,27924.168704
145836.307207,1392.06656,1386.73664,0.0,1392.06656,27923.828736
145933.500599,1392.06656,1386.73664,0.0,1392.06656,27923.857408
146027.035705,1392.06656,1386.73664,0.0,1392.06656,27924.471808
146123.137668,1392.06656,1386.73664,0.0,1392.06656,27924.905984
146219.189284,1392.06656,1386.73664,0.0,1392.06656,27927.552
146320.33835,1392.06656,1386.73664,0.0,1392.06656,27928.150016
146419.526494,1392.06656,1386.73664,0.0,1392.06656,27929.817088
146520.683925,1392.06656,1386.73664,0.0,1392.06656,27933.069312
146622.028623,1392.06656,1386.73664,0.0,1392.06656,27932.89728
146724.483255,1392.06656,1386.73664,0.0,1392.06656,27935.752192
146825.464383,1392.06656,1386.73664,0.0,1392.06656,27937.624064
146925.068497,1392.06656,1386.73664,0.0,1392.06656,27938.934784
147025.284984,1392.06656,1386.73664,0.0,1392.06656,27941.433344
147127.724761,1392.06656,1386.73664,0.0,1392.06656,27943.604224
147228.69428,1392.06656,1386.73664,0.0,1392.06656,27945.435136
147327.639157,1392.06656,1386.73664,0.0,1392.06656,27947.372544
147426.917233,1392.06656,1386.73664,0.0,1392.06656,27948.68736
147530.484996,1392.06656,1386.73664,0.0,1392.06656,27949.146112
147631.981731,1392.06656,1386.73664,0.0,1392.06656,27949.887488
147732.66919,1392.06656,1386.73664,0.0,1392.06656,27951.775744
147830.461396,1396.011008,1390.681088,0.0,1396.011008,27958.964224
147926.308247,1396.011008,1390.681088,0.0,1396.011008,27960.254464
148020.418158,1396.011008,1390.681088,0.0,1396.011008,27960.942592
148114.362835,1396.011008,1390.681088,0.0,1396.011008,27962.30656
148211.414167,1396.011008,1390.681088,0.0,1396.011008,27964.88704
148305.580121,1396.011008,1390.681088,0.0,1396.011008,27966.296064
148402.776387,1396.011008,1390.681088,0.0,1396.011008,27966.939136
148496.93017,1396.011008,1390.681088,0.0,1396.011008,27969.937408
148593.73683,1396.011008,1390.681088,0.0,1396.011008,27970.936832
148687.588284,1396.011008,1390.681088,0.0,1396.011008,27970.596864
148784.582233,1396.011008,1390.681088,0.0,1396.011008,27971.612672
148878.519308,1396.011008,1390.681088,0.0,1396.011008,27974.168576
148974.701077,1396.011008,1390.681088,0.0,1396.011008,27975.688192
149068.585509,1396.011008,1390.681088,0.0,1396.011008,27976.163328
149163.11646,1396.011008,1390.681088,0.0,1396.011008,27976.35584
149259.842575,1396.011008,1390.681088,0.0,1396.011008,27977.0112
149354.3523,1396.011008,1390.681088,0.0,1396.011008,27978.481664
149451.059598,1396.011008,1390.681088,0.0,1396.011008,27981.983744
149545.372948,1396.011008,1390.681088,0.0,1396.011008,27984.224256
149642.940734,1396.011008,1390.681088,0.0,1396.011008,27986.673664
149737.97319,1396.011008,1390.681088,0.0,1396.011008,27988.897792
149834.283273,1396.011008,1390.681088,0.0,1396.011008,27991.22432
149929.72689,1396.011008,1390.681088,0.0,1396.011008,27993.714688
150026.073077,1396.011008,1390.681088,0.0,1396.011008,27996.397568
150121.800775,1396.011008,1390.681088,0.0,1396.011008,27999.080448
150216.264818,1396.011008,1390.681088,0.0,1396.011008,28002.54976
150310.45179,1396.011008,1390.681088,0.0,1396.011008,28004.704256
150407.530569,1396.011008,1390.681088,0.0,1396.011008,28006.62528
150501.89853,1396.011008,1390.681088,0.0,1396.011008,28008.251392
150599.098718,1396.011008,1390.681088,0.0,1396.011008,28008.923136
150693.189187,1396.011008,1390.681088,0.0,1396.011008,28011.225088
150790.187528,1396.011008,1390.681088,0.0,1396.011008,28013.002752
150883.774223,1396.011008,1390.681088,0.0,1396.011008,28013.58848
150980.572356,1396.011008,1390.681088,0.0,1396.011008,28014.710784
151074.337757,1396.011008,1390.681088,0.0,1396.011008,28016.218112
151170.116331,1396.011008,1390.681088,0.0,1396.011008,28018.016256
151264.73083,1396.011008,1390.681088,0.0,1396.011008,28017.942528
151360.158621,1396.011008,1390.681088,0.0,1396.011008,28018.151424
151456.344628,1396.011008,1390.681088,0.0,1396.011008,28018.864128
151550.892502,1396.011008,1390.681088,0.0,1396.011008,28020.690944
151649.309179,1396.011008,1390.681088,0.0,1396.011008,28022.341632
151745.646704,1396.011008,1390.681088,0.0,1396.011008,28023.693312
151839.725337,1396.011008,1390.681088,0.0,1396.011008,28026.200064
151934.955093,1396.011008,1390.681088,0.0,1396.011008,28028.215296
152031.298412,1396.011008,1390.681088,0.0,1396.011008,28030.615552
152126.342624,1396.011008,1390.681088,0.0,1396.011008,28032.536576
152222.995607,1396.011008,1390.681088,0.0,1396.011008,28033.806336
152318.057515,1396.011008,1390.681088,0.0,1396.011008,28035.915776
152417.344321,1396.011008,1390.681088,0.0,1396.011008,28038.692864
152514.271593,1396.011008,1390.681088,0.0,1396.011008,28040.380416
152608.295231,1396.011008,1390.681088,0.0,1396.011008,28043.14112
152705.373441,1396.011008,1390.681088,0.0,1396.011008,28044.65664
152799.504055,1396.011008,1390.681088,0.0,1396.011008,28047.003648
152896.635391,1396.011008,1390.681088,0.0,1396.011008,28048.969728
152990.756067,1396.011008,1390.681088,0.0,1396.011008,28052.066304
153087.815408,1396.011008,1390.681088,0.0,1396.011008,28054.736896
153181.335117,1396.011008,1390.681088,0.0,1396.011008,28056.297472
153278.169644,1396.011008,1390.681088,0.0,1396.011008,28058.005504
153373.675037,1396.011008,1390.681088,0.0,1396.011008,28058.759168
153470.972746,1396.011008,1390.681088,0.0,1396.011008,28058.423296
153564.594213,1396.011008,1390.681088,0.0,1396.011008,28058.947584
153661.840999,1396.011008,1390.681088,0.0,1396.011008,28059.426816
153757.787055,1396.011008,1390.681088,0.0,1396.011008,28062.298112
153856.731896,1396.011008,1390.681088,0.0,1396.011008,28062.724096
153956.710255,1396.011008,1390.681088,0.0,1396.011008,28063.5392
154058.169732,1396.011008,1390.681088,0.0,1396.011008,28066.28352
154160.675832,1396.011008,1390.681088,0.0,1396.011008,28068.397056
154264.511782,1396.011008,1390.681088,0.0,1396.011008,28070.612992
154366.506409,1396.011008,1390.681088,0.0,1396.011008,28072.517632
154464.60213,1396.011008,1390.681088,0.0,1396.011008,28074.790912
154564.939112,1396.011008,1390.681088,0.0,1396.011008,28077.039616
154664.716995,1396.011008,1390.681088,0.0,1396.011008,28079.067136
154764.864823,1396.011008,1390.681088,0.0,1396.011008,28082.171904
154864.228551,1396.011008,1390.681088,0.0,1396.011008,28085.641216
154962.43393,1396.011008,1390.681088,0.0,1396.011008,28087.263232
155058.391059,1396.011008,1390.681088,0.0,1396.011008,28088.377344
155157.174302,1396.0192,1390.68928,0.0,1396.0192,28091.830272
155253.701283,1401.356288,1396.026368,0.0,1401.356288,28099.493888
155347.702124,1401.356288,1396.026368,0.0,1401.356288,28101.169152
155443.408084,1401.356288,1396.026368,0.0,1401.356288,28102.344704
155537.914592,1401.356288,1396.026368,0.0,1401.356288,28102.135808
155631.972772,1401.356288,1396.026368,0.0,1401.356288,28102.393856
155729.135738,1401.356288,1396.026368,0.0,1401.356288,28105.05216
155823.435423,1401.356288,1396.026368,0.0,1401.356288,28105.785344
155920.563398,1401.356288,1396.026368,0.0,1401.356288,28108.337152
156014.71762,1401.356288,1396.026368,0.0,1401.356288,28110.594048
156111.684406,1401.356288,1396.026368,0.0,1401.356288,28112.2816
156205.419052,1401.356288,1396.026368,0.0,1401.356288,28114.509824
156306.582058,1401.356288,1396.026368,0.0,1401.356288,28116.779008
156403.899823,1401.356288,1396.026368,0.0,1401.356288,28120.3712
156501.207062,1401.356288,1396.026368,0.0,1401.356288,28124.729344
156595.449844,1401.356288,1396.026368,0.0,1401.356288,28127.240192
156695.343951,1401.356288,1396.026368,0.0,1401.356288,28128.858112
156792.566341,1401.356288,1396.026368,0.0,1401.356288,28129.865728
156892.708784,1401.356288,1396.026368,0.0,1401.356288,28131.06176
156992.045405,1401.356288,1396.026368,0.0,1401.356288,28133.588992
157088.977492,1401.356288,1396.026368,0.0,1401.356288,28136.415232
157182.576795,1401.356288,1396.026368,0.0,1401.356288,28137.32864
157279.746659,1401.356288,1396.026368,0.0,1401.356288,28140.27776
157373.540318,1401.356288,1396.026368,0.0,1401.356288,28143.59552
157470.688917,1401.356288,1396.026368,0.0,1401.356288,28144.693248
157564.341613,1401.356288,1396.026368,0.0,1401.356288,28147.52768
157663.098101,1401.356288,1396.026368,0.0,1401.356288,28149.02272
157757.211469,1401.356288,1396.026368,0.0,1401.356288,28151.164928
157854.299179,1401.356288,1396.026368,0.0,1401.356288,28153.942016
157948.105498,1401.356288,1396.026368,0.0,1401.356288,28153.581568
158045.308216,1401.356288,1396.026368,0.0,1401.356288,28153.798656
158139.235037,1401.356288,1396.026368,0.0,1401.356288,28156.0064
158239.267776,1401.356288,1396.026368,0.0,1401.356288,28158.099456
158335.504371,1401.356288,1396.026368,0.0,1401.356288,28158.537728
158429.648448,1401.356288,1396.026368,0.0,1401.356288,28159.2832
158524.663787,1401.356288,1396.026368,0.0,1401.356288,28161.466368
158621.172729,1401.356288,1396.026368,0.0,1401.356288,28163.821568
158716.238408,1401.356288,1396.026368,0.0,1401.356288,28166.057984
158812.515437,1401.356288,1396.026368,0.0,1401.356288,28168.9088
158907.651173,1401.356288,1396.026368,0.0,1401.356288,28171.296768
159004.299254,1401.356288,1396.026368,0.0,1401.356288,28174.073856
159099.994766,1401.356288,1396.026368,0.0,1401.356288,28176.637952
159194.746302,1401.356288,1396.026368,0.0,1401.356288,28178.526208
159289.168677,1401.356288,1396.026368,0.0,1401.356288,28180.946944
159386.176084,1401.356288,1396.026368,0.0,1401.356288,28183.977984
159480.920035,1401.356288,1396.026368,0.0,1401.356288,28187.578368
159577.635717,1401.356288,1396.026368,0.0,1401.356288,28191.08864
159675.907692,1401.356288,1396.026368,0.0,1401.356288,28193.501184
159770.490046,1401.356288,1396.026368,0.0,1401.356288,28195.262464
159867.832686,1401.356288,1396.026368,0.0,1401.356288,28197.199872
159961.784905,1401.356288,1396.026368,0.0,1401.356288,28199.571456
160057.988119,1401.356288,1396.026368,0.0,1401.356288,28202.10688
160151.932168,1401.356288,1396.026368,0.0,1401.356288,28204.105728
160249.609171,1401.356288,1396.026368,0.0,1401.356288,28204.68736
160343.709986,1401.356288,1396.026368,0.0,1401.356288,28205.080576
160438.956949,1401.356288,1396.026368,0.0,1401.356288,28205.166592
160535.214117,1401.356288,1396.026368,0.0,1401.356288,28205.522944
160630.244724,1401.356288,1396.026368,0.0,1401.356288,28205.64992
160725.320153,1401.356288,1396.026368,0.0,1401.356288,28207.181824
160822.130373,1401.356288,1396.026368,0.0,1401.356288,28210.249728
160921.530235,1401.356288,1396.026368,0.0,1401.356288,28212.932608
161023.523826,1401.356288,1396.026368,0.0,1401.356288,28215.861248
161127.681756,1401.356288,1396.026368,0.0,1401.356288,28219.117568
161228.12861,1401.356288,1396.026368,0.0,1401.356288,28222.799872
161326.229786,1401.356288,1396.026368,0.0,1401.356288,28226.527232
161424.396904,1401.356288,1396.026368,0.0,1401.356288,28229.75488
161525.607544,1401.356288,1396.026368,0.0,1401.356288,28232.155136
161627.644525,1401.356288,1396.026368,0.0,1401.356288,28234.297344
161726.439604,1401.356288,1396.026368,0.0,1401.356288,28235.948032
161825.703753,1401.356288,1396.026368,0.0,1401.356288,28238.245888
161923.767087,1401.356288,1396.026368,0.0,1401.356288,28239.220736
162019.880992,1401.356288,1396.026368,0.0,1401.356288,28239.986688
162118.727326,1401.356288,1396.026368,0.0,1401.356288,28243.1488
162215.848037,1407.070208,1401.740288,0.0,1407.070208,28251.287552
162309.55027,1408.258048,1403.370496,0.0,1408.258048,28253.663232
162406.135139,1412.558848,1407.228928,0.0,1412.558848,28258.148352
162500.190441,1412.558848,1407.228928,0.0,1412.558848,28259.987456
162595.344242,1412.558848,1407.228928,0.0,1412.558848,28260.376576
162691.521387,1412.558848,1407.228928,0.0,1412.558848,28263.325696
162787.139569,1412.558848,1407.228928,0.0,1412.558848,28266.983424
162881.582081,1412.558848,1407.228928,0.0,1412.558848,28269.17888
162975.54408,1412.558848,1407.228928,0.0,1412.558848,28272.738304
163072.647479,1412.558848,1407.228928,0.0,1412.558848,28275.634176
163166.453733,1412.558848,1407.228928,0.0,1412.558848,28278.349824
163263.670181,1412.558848,1407.228928,0.0,1412.558848,28280.68864
163357.435047,1412.558848,1407.228928,0.0,1412.558848,28282.740736
163454.595267,1412.558848,1407.228928,0.0,1412.558848,28286.103552
163548.667972,1412.558848,1407.228928,0.0,1412.558848,28287.893504
163648.176743,1412.558848,1407.228928,0.0,1412.558848,28288.684032
163742.93953,1412.558848,1407.228928,0.0,1412.558848,28289.302528
163839.884826,1412.558848,1407.228928,0.0,1412.558848,28289.097728
163935.527345,1412.558848,1407.228928,0.0,1412.558848,28290.220032
164029.981975,1412.558848,1407.228928,0.0,1412.558848,28292.743168
164123.972945,1412.558848,1407.228928,0.0,1412.558848,28294.541312
164221.390004,1412.558848,1407.228928,0.0,1412.558848,28296.687616
164315.61035,1412.558848,1407.228928,0.0,1412.558848,28297.089024
164412.627983,1412.558848,1407.228928,0.0,1412.558848,28300.115968
164506.322793,1412.558848,1407.228928,0.0,1412.558848,28301.303808
164603.622413,1412.558848,1407.228928,0.0,1412.558848,28304.412672
164700.570623,1412.558848,1407.228928,0.0,1412.558848,28306.550784
164800.1852,1412.558848,1407.228928,0.0,1412.558848,28309.581824
164900.219247,1412.558848,1407.228928,0.0,1412.558848,28312.170496
164997.265883,1412.558848,1407.228928,0.0,1412.558848,28315.46368
165091.446025,1412.558848,1407.228928,0.0,1412.558848,28318.461952
165188.303152,1412.558848,1407.228928,0.0,1412.558848,28320.600064
165282.212675,1412.558848,1407.228928,0.0,1412.558848,28322.336768
165379.733131,1412.558848,1407.228928,0.0,1412.558848,28325.179392
165479.686382,1412.558848,1407.228928,0.0,1412.558848,28328.095744
165573.183791,1412.558848,1407.228928,0.0,1412.558848,28328.2432
165669.717031,1412.558848,1407.228928,0.0,1412.558848,28328.73472
165763.736286,1412.558848,1407.228928,0.0,1412.558848,28331.155456
165858.879821,1412.558848,1407.228928,0.0,1412.558848,28332.48256
165955.434397,1412.558848,1407.228928,0.0,1412.558848,28333.613056
166050.847227,1412.558848,1407.228928,0.0,1412.558848,28336.082944
166145.436842,1412.558848,1407.228928,0.0,1412.558848,28337.344512
166241.948478,1412.558848,1407.228928,0.0,1412.558848,28340.174848
166338.447848,1412.558848,1407.228928,0.0,1412.558848,28342.5792
166434.042485,1412.558848,1407.228928,0.0,1412.558848,28345.389056
166528.685812,1412.558848,1407.228928,0.0,1412.558848,28348.387328
166622.858944,1412.558848,1407.228928,0.0,1412.558848,28349.3376
166720.135305,1412.558848,1407.228928,0.0,1412.558848,28352.462848
166814.497392,1412.558848,1407.228928,0.0,1412.558848,28355.42016
166911.389465,1412.558848,1407.228928,0.0,1412.558848,28356.538368
167005.510787,1412.558848,1407.228928,0.0,1412.558848,28357.943296
167102.611536,1412.558848,1407.228928,0.0,1412.558848,28359.159808
167195.978503,1412.558848,1407.228928,0.0,1412.558848,28359.254016
167293.045179,1412.558848,1407.228928,0.0,1412.558848,28359.630848
167386.871593,1412.558848,1407.228928,0.0,1412.558848,28361.97376
167482.995098,1412.558848,1407.228928,0.0,1412.558848,28364.087296
167577.251463,1412.558848,1407.228928,0.0,1412.558848,28365.135872
167675.263145,1412.558848,1407.228928,0.0,1412.558848,28367.192064
167769.398898,1412.558848,1407.228928,0.0,1412.558848,28368.257024
167864.457678,1412.558848,1407.228928,0.0,1412.558848,28368.625664
167961.020434,1412.558848,1407.228928,0.0,1412.558848,28371.554304
168056.288483,1412.558848,1407.228928,0.0,1412.558848,28374.720512
168150.870524,1412.558848,1407.228928,0.0,1412.558848,28377.075712
168244.878589,1412.558848,1407.228928,0.0,1412.558848,28379.488256
168342.127221,1412.558848,1407.228928,0.0,1412.558848,28382.208
168436.26791,1412.558848,1407.228928,0.0,1412.558848,28383.66208
168533.299368,1412.558848,1407.228928,0.0,1412.558848,28385.144832
168626.894895,1412.558848,1407.228928,0.0,1412.558848,28385.849344
168723.772777,1412.558848,1407.228928,0.0,1412.558848,28387.053568
168817.722327,1412.558848,1407.228928,0.0,1412.558848,28388.196352
168913.818632,1412.558848,1407.228928,0.0,1412.558848,28389.933056
169007.800744,1412.558848,1407.228928,0.0,1412.558848,28391.829504
169102.26875,1412.558848,1407.228928,0.0,1412.558848,28393.959424
169199.106587,1412.558848,1407.228928,0.0,1412.558848,28396.294144
169293.508663,1412.558848,1407.228928,0.0,1412.558848,28397.068288
169390.292836,1412.558848,1407.228928,0.0,1412.558848,28399.357952
169484.679763,1412.558848,1407.228928,0.0,1412.558848,28401.58208
169582.068632,1412.558848,1407.228928,0.0,1412.558848,28403.556352
169677.565935,1412.558848,1407.228928,0.0,1412.558848,28404.502528
169774.15631,1412.558848,1407.228928,0.0,1412.558848,28405.264384
169870.016156,1412.558848,1407.228928,0.0,1412.558848,28408.373248
169964.55147,1412.558848,1407.228928,0.0,1412.558848,28410.5728
170063.125352,1412.558848,1407.228928,0.0,1412.558848,28412.928
170165.301552,1412.558848,1407.228928,0.0,1412.558848,28415.676416
170263.61685,1412.558848,1407.228928,0.0,1412.558848,28416.557056
170361.391937,1412.558848,1407.228928,0.0,1412.558848,28419.313664
170461.551497,1412.558848,1407.228928,0.0,1412.558848,28421.0176
170561.039251,1412.558848,1407.228928,0.0,1412.558848,28423.798784
170660.188272,1412.558848,1407.228928,0.0,1412.558848,28426.641408
170757.349101,1412.558848,1407.228928,0.0,1412.558848,28428.775424
170854.566159,1412.558848,1407.228928,0.0,1412.558848,28431.753216
170956.779544,1412.558848,1407.228928,0.0,1412.558848,28434.530304
171058.50411,1412.558848,1407.228928,0.0,1412.558848,28436.533248
171159.642325,1412.558848,1407.228928,0.0,1412.558848,28437.282816
171257.886588,1412.558848,1407.228928,0.0,1412.558848,28439.805952
171357.791618,1412.558848,1407.228928,0.0,1412.558848,28441.235456
171480.444756,1412.558848,1407.228928,0.0,1412.558848,28444.131328
171576.978739,1419.497472,1414.167552,0.0,1419.497472,28452.012032
171675.171044,1419.6736,1414.34368,0.0,1419.6736,28452.900864
171769.593627,1420.025856,1414.695936,0.0,1420.025856,28454.633472
171866.367396,1420.025856,1414.695936,0.0,1420.025856,28457.078784
171960.541308,1420.025856,1414.695936,0.0,1420.025856,28459.47904
172057.063979,1420.025856,1414.695936,0.0,1420.025856,28460.87168
172151.229887,1420.025856,1414.695936,0.0,1420.025856,28462.292992
172246.674947,1420.025856,1414.695936,0.0,1420.025856,28463.98464
172341.40947,1420.025856,1414.695936,0.0,1420.025856,28464.463872
172434.974788,1420.025856,1414.695936,0.0,1420.025856,28466.52416
172532.431216,1420.025856,1414.695936,0.0,1420.025856,28468.375552
172625.922245,1420.025856,1414.695936,0.0,1420.025856,28470.890496
172722.916145,1420.025856,1414.695936,0.0,1420.025856,28473.204736
172816.77662,1420.025856,1414.695936,0.0,1420.025856,28476.547072
172913.271816,1420.025856,1414.695936,0.0,1420.025856,28478.52544
173007.364567,1420.025856,1414.695936,0.0,1420.025856,28480.454656
173102.4245,1420.025856,1414.695936,0.0,1420.025856,28482.654208
173198.811966,1420.025856,1414.695936,0.0,1420.025856,28485.07904
173293.987903,1420.025856,1414.695936,0.0,1420.025856,28487.561216
173388.609985,1420.025856,1414.695936,0.0,1420.025856,28488.880128
173482.325397,1420.025856,1414.695936,0.0,1420.025856,28489.822208
173579.698474,1420.025856,1414.695936,0.0,1420.025856,28490.964992
173673.640422,1420.025856,1414.695936,0.0,1420.025856,28492.505088
173770.67846,1420.025856,1414.695936,0.0,1420.025856,28496.961536
173865.939376,1420.025856,1414.695936,0.0,1420.025856,28499.1488
173963.119917,1420.025856,1414.695936,0.0,1420.025856,28500.701184
174057.065358,1420.025856,1414.695936,0.0,1420.025856,28503.83872
174154.381952,1420.025856,1414.695936,0.0,1420.025856,28507.066368
174247.942276,1420.025856,1414.695936,0.0,1420.025856,28510.216192
174345.12729,1420.025856,1414.695936,0.0,1420.025856,28511.41632
174438.915373,1420.025856,1414.695936,0.0,1420.025856,28512.763904
174535.982157,1420.025856,1414.695936,0.0,1420.025856,28513.492992
174629.902758,1420.025856,1414.695936,0.0,1420.025856,28514.729984
174725.840909,1420.025856,1414.695936,0.0,1420.025856,28518.52288
174819.945804,1420.025856,1414.695936,0.0,1420.025856,28520.763392
174914.800842,1420.025856,1414.695936,0.0,1420.025856,28523.487232
175014.794124,1420.025856,1414.695936,0.0,1420.025856,28525.182976
175112.130224,1420.025856,1414.695936,0.0,1420.025856,28527.460352
175206.560068,1420.025856,1414.695936,0.0,1420.025856,28531.453952
175303.261464,1420.025856,1414.695936,0.0,1420.025856,28533.383168
175397.467715,1420.025856,1414.695936,0.0,1420.025856,28533.936128
175494.461957,1420.025856,1414.695936,0.0,1420.025856,28535.693312
175594.349826,1420.025856,1414.695936,0.0,1420.025856,28536.758272
175693.799775,1420.025856,1414.695936,0.0,1420.025856,28537.30304
175788.095044,1420.025856,1414.695936,0.0,1420.025856,28539.887616
175884.34348,1420.025856,1414.695936,0.0,1420.025856,28541.095936
175978.660572,1420.025856,1414.695936,0.0,1420.025856,28542.787584
176073.931492,1420.025856,1414.695936,0.0,1420.025856,28544.909312
176170.048905,1420.025856,1414.695936,0.0,1420.025856,28546.51904
176265.379797,1420.025856,1414.695936,0.0,1420.025856,28548.87424
176361.766274,1420.025856,1414.695936,0.0,1420.025856,28548.99712
176457.337811,1420.025856,1414.695936,0.0,1420.025856,28548.993024
176551.961613,1420.025856,1414.695936,0.0,1420.025856,28547.571712
176646.495259,1420.025856,1414.695936,0.0,1420.025856,28550.414336
176743.714511,1420.025856,1414.695936,0.0,1420.025856,28551.143424
176838.236161,1420.025856,1414.695936,0.0,1420.025856,28553.805824
176934.799433,1420.025856,1414.695936,0.0,1420.025856,28556.591104
177029.656084,1420.025856,1414.695936,0.0,1420.025856,28560.003072
177129.062676,1420.025856,1414.695936,0.0,1420.025856,28561.924096
177230.012803,1420.025856,1414.695936,0.0,1420.025856,28564.369408
177326.914083,1420.025856,1414.695936,0.0,1420.025856,28565.983232
177424.46662,1420.025856,1414.695936,0.0,1420.025856,28566.347776
177524.079776,1420.025856,1414.695936,0.0,1420.025856,28567.527424
177620.721633,1420.025856,1414.695936,0.0,1420.025856,28569.33376
177720.785038,1420.025856,1414.695936,0.0,1420.025856,28570.177536
177819.136222,1420.025856,1414.695936,0.0,1420.025856,28572.520448
177919.61098,1420.025856,1414.695936,0.0,1420.025856,28575.158272
178013.536756,1420.025856,1414.695936,0.0,1420.025856,28578.14016
178109.280089,1420.025856,1414.695936,0.0,1420.025856,28578.38592
178203.55533,1420.025856,1414.695936,0.0,1420.025856,28578.578432
178298.020328,1420.025856,1414.695936,0.0,1420.025856,28578.758656
178397.90373,1420.025856,1414.695936,0.0,1420.025856,28579.323904
178497.237063,1420.025856,1414.695936,0.0,1420.025856,28579.5328
178595.905415,1420.025856,1414.695936,0.0,1420.025856,28579.704832
178693.37074,1420.025856,1414.695936,0.0,1420.025856,28579.815424
178787.775566,1420.025856,1414.695936,0.0,1420.025856,28579.889152
178882.353556,1420.025856,1414.695936,0.0,1420.025856,28582.305792
178981.188673,1420.025856,1414.695936,0.0,1420.025856,28584.923136
179081.43028,1420.025856,1414.695936,0.0,1420.025856,28587.761664
179183.139889,1420.025856,1414.695936,0.0,1420.025856,28589.899776
179282.93967,1420.025856,1414.695936,0.0,1420.025856,28591.005696
179379.397247,1420.025856,1414.695936,0.0,1420.025856,28591.448064
179479.684633,1420.025856,1414.695936,0.0,1420.025856,28591.833088
179579.17214,1420.025856,1414.695936,0.0,1420.025856,28593.659904
179685.494523,1420.025856,1414.695936,0.0,1420.025856,28595.400704
179785.860268,1420.025856,1414.695936,0.0,1420.025856,28596.772864
179884.559728,1420.025856,1414.695936,0.0,1420.025856,28597.682176
179981.965728,1420.025856,1414.695936,0.0,1420.025856,28597.772288
180078.864488,1420.025856,1414.695936,0.0,1420.025856,28600.492032
180177.003213,1420.025856,1414.695936,0.0,1420.025856,28602.548224
180273.341337,1420.025856,1414.695936,0.0,1420.025856,28603.346944
180372.678816,1420.025856,1414.695936,0.0,1420.025856,28606.959616
180472.090967,1420.025856,1414.695936,0.0,1420.025856,28608.397312
180572.354263,1420.025856,1414.695936,0.0,1420.025856,28609.363968
180673.32314,1420.025856,1414.695936,0.0,1420.025856,28610.236416
180776.634482,1420.025856,1414.695936,0.0,1420.025856,28611.629056
180877.82822,1420.025856,1414.695936,0.0,1420.025856,28614.045696
180993.531799,1420.025856,1414.695936,0.0,1420.025856,28615.913472
181087.670923,1427.009536,1421.679616,0.0,1427.009536,28624.842752
181184.717751,1427.009536,1421.679616,0.0,1427.009536,28626.673664
181279.2189,1427.009536,1421.679616,0.0,1427.009536,28628.574208
181376.587834,1427.009536,1421.679616,0.0,1427.009536,28630.093824
181470.693409,1427.009536,1421.679616,0.0,1427.009536,28630.60992
181568.517917,1427.009536,1421.679616,0.0,1427.009536,28630.974464
181662.929549,1427.009536,1421.679616,0.0,1427.009536,28631.179264
181760.445887,1427.009536,1421.679616,0.0,1427.009536,28631.343104
181855.518628,1427.009536,1421.679616,0.0,1427.009536,28632.633344
181955.170835,1427.009536,1421.679616,0.0,1427.009536,28634.513408
182054.514062,1427.009536,1421.679616,0.0,1427.009536,28636.246016
182151.382324,1427.009536,1421.679616,0.0,1427.009536,28637.966336
182245.938482,1427.009536,1421.679616,0.0,1427.009536,28639.55968
182343.331803,1427.009536,1421.679616,0.0,1427.009536,28641.15712
182440.781237,1427.009536,1421.679616,0.0,1427.009536,28643.094528
182537.594731,1427.009536,1421.679616,0.0,1427.009536,28643.602432
182636.465289,1427.009536,1421.679616,0.0,1427.009536,28643.958784
182734.600146,1427.009536,1421.679616,0.0,1427.009536,28644.257792
182831.180763,1427.009536,1421.679616,0.0,1427.009536,28644.72064
182931.105673,1427.009536,1421.679616,0.0,1427.009536,28646.776832
183029.121528,1427.009536,1421.679616,0.0,1427.009536,28649.320448
183123.837371,1427.009536,1421.679616,0.0,1427.009536,28652.670976
183221.037148,1427.009536,1421.679616,0.0,1427.009536,28654.317568
183316.395899,1427.009536,1421.679616,0.0,1427.009536,28654.485504
183413.39503,1427.009536,1421.679616,0.0,1427.009536,28655.341568
183509.559549,1427.009536,1421.679616,0.0,1427.009536,28655.788032
183604.426357,1427.009536,1421.679616,0.0,1427.009536,28656.807936
183702.725198,1427.009536,1421.679616,0.0,1427.009536,28656.836608
183797.162717,1427.009536,1421.679616,0.0,1427.009536,28656.971776
183894.640247,1427.009536,1421.679616,0.0,1427.009536,28658.065408
183988.927913,1427.009536,1421.679616,0.0,1427.009536,28661.006336
184086.771936,1427.009536,1421.679616,0.0,1427.009536,28663.349248
184181.104647,1427.009536,1421.679616,0.0,1427.009536,28666.0608
184278.591903,1427.009536,1421.679616,0.0,1427.009536,28669.976576
184373.710125,1427.009536,1421.679616,0.0,1427.009536,28673.155072
184470.979913,1427.009536,1421.679616,0.0,1427.009536,28675.678208
184567.48343,1427.009536,1421.679616,0.0,1427.009536,28678.426624
184662.258522,1427.009536,1421.679616,0.0,1427.009536,28679.70048
184758.752569,1427.009536,1421.679616,0.0,1427.009536,28682.891264
184853.204764,1427.009536,1421.679616,0.0,1427.009536,28684.63616
184949.243849,1427.009536,1421.679616,0.0,1427.009536,28686.31552
185045.959318,1427.009536,1421.679616,0.0,1427.009536,28688.77312
185143.923501,1427.009536,1421.679616,0.0,1427.009536,28691.771392
185238.90434,1427.009536,1421.679616,0.0,1427.009536,28695.744512
185340.258627,1427.009536,1421.679616,0.0,1427.009536,28699.4432
185437.333088,1427.009536,1421.679616,0.0,1427.009536,28701.216768
185533.560788,1427.009536,1421.679616,0.0,1427.009536,28703.035392
185628.183224,1427.009536,1421.679616,0.0,1427.009536,28705.591296
185726.767235,1427.009536,1421.679616,0.0,1427.009536,28707.65568
185823.587971,1427.009536,1421.679616,0.0,1427.009536,28710.367232
185920.409946,1427.009536,1421.679616,0.0,1427.009536,28712.558592
186015.991417,1427.009536,1421.679616,0.0,1427.009536,28715.933696
186110.96087,1427.009536,1421.679616,0.0,1427.009536,28718.44864
186205.57148,1427.009536,1421.679616,0.0,1427.009536,28720.49664
186306.890844,1427.009536,1421.679616,0.0,1427.009536,28723.326976
186404.289153,1427.009536,1421.679616,0.0,1427.009536,28726.059008
186500.429145,1427.009536,1421.679616,0.0,1427.009536,28728.389632
186595.020973,1427.009536,1421.679616,0.0,1427.009536,28737.380352
186690.914385,1427.009536,1421.679616,0.0,1427.009536,28888.395776
186786.025633,1427.009536,1421.679616,0.0,1427.009536,29034.217472
186881.600071,1427.009536,1421.679616,0.0,1427.009536,29174.444032
186978.292976,1427.009536,1421.679616,0.0,1427.009536,28747.829248
187077.378911,1427.009536,1421.679616,0.0,1427.009536,28748.41088
187173.669755,1427.009536,1421.679616,0.0,1427.009536,28748.365824
187276.192888,1427.009536,1421.679616,0.0,1427.009536,28748.120064
187380.765687,1427.009536,1421.679616,0.0,1427.009536,28750.721024
187480.164955,1427.009536,1421.679616,0.0,1427.009536,28753.534976
187577.983102,1427.009536,1421.679616,0.0,1427.009536,28755.378176
187679.556644,1427.009536,1421.679616,0.0,1427.009536,28757.213184
187776.14974,1427.009536,1421.679616,0.0,1427.009536,28758.925312
187875.741221,1427.009536,1421.679616,0.0,1427.009536,28761.018368
187974.82094,1427.009536,1421.679616,0.0,1427.009536,28764.086272
188077.82368,1427.009536,1421.679616,0.0,1427.009536,28766.63808
188181.121907,1427.009536,1421.679616,0.0,1427.009536,28769.042432
188283.300894,1427.009536,1421.679616,0.0,1427.009536,28772.892672
188381.66403,1427.009536,1421.679616,0.0,1427.009536,28775.215104
188482.126826,1427.009536,1421.679616,0.0,1427.009536,28777.295872
188601.689772,1427.009536,1421.679616,0.0,1427.009536,28780.78976
188699.103331,1432.485888,1427.155968,0.0,1432.485888,28788.908032
188793.284345,1432.485888,1427.155968,0.0,1432.485888,28791.23456
188890.564184,1432.485888,1427.155968,0.0,1432.485888,28793.831424
188984.604899,1432.485888,1427.155968,0.0,1432.485888,28795.559936
189082.371762,1432.485888,1427.155968,0.0,1432.485888,28797.82912
189177.168971,1432.485888,1427.155968,0.0,1432.485888,28799.52896
189274.392712,1432.485888,1427.155968,0.0,1432.485888,28802.420736
189370.116477,1432.485888,1427.155968,0.0,1432.485888,28805.357568
189465.099674,1432.485888,1427.155968,0.0,1432.485888,28808.482816
189560.237104,1432.485888,1427.155968,0.0,1432.485888,28809.388032
189657.383273,1432.485888,1427.155968,0.0,1432.485888,28810.887168
189753.098508,1432.485888,1427.155968,0.0,1432.485888,28812.832768
189847.958523,1432.485888,1427.155968,0.0,1432.485888,28814.114816
189942.816244,1432.485888,1427.155968,0.0,1432.485888,28815.888384
190040.072355,1432.485888,1427.155968,0.0,1432.485888,28818.046976
190135.895706,1432.485888,1427.155968,0.0,1432.485888,28821.336064
190231.173077,1432.485888,1427.155968,0.0,1432.485888,28826.574848
190329.58085,1432.485888,1427.155968,0.0,1432.485888,28830.461952
190424.246623,1432.485888,1427.155968,0.0,1432.485888,28829.933568
190524.738524,1432.485888,1427.155968,0.0,1432.485888,28831.956992
190622.651738,1432.485888,1427.155968,0.0,1432.485888,28835.28704
190720.679472,1432.485888,1427.155968,0.0,1432.485888,28837.00736
190815.337233,1432.485888,1427.155968,0.0,1432.485888,28841.074688
190914.190632,1432.485888,1427.155968,0.0,1432.485888,28841.091072
191008.37044,1432.485888,1427.155968,0.0,1432.485888,28843.696128
191105.950538,1432.485888,1427.155968,0.0,1432.485888,28846.874624
191200.480847,1432.485888,1427.155968,0.0,1432.485888,28849.23392
191297.962609,1432.485888,1427.155968,0.0,1432.485888,28851.5072
191392.973024,1432.485888,1427.155968,0.0,1432.485888,28853.952512
191490.129053,1432.485888,1427.155968,0.0,1432.485888,28856.168448
191586.415289,1432.485888,1427.155968,0.0,1432.485888,28857.790464
191683.070384,1432.485888,1427.155968,0.0,1432.485888,28858.22464
191780.887664,1432.485888,1427.155968,0.0,1432.485888,28859.871232
191875.216528,1432.485888,1427.155968,0.0,1432.485888,28860.346368
191972.601369,1432.485888,1427.155968,0.0,1432.485888,28862.44352
192067.551212,1432.485888,1427.155968,0.0,1432.485888,28865.306624
192164.346373,1432.485888,1427.155968,0.0,1432.485888,28868.882432
192259.56553,1432.485888,1427.155968,0.0,1432.485888,28870.311936
192359.00324,1432.485888,1427.155968,0.0,1432.485888,28871.852032
192456.553754,1432.485888,1427.155968,0.0,1432.485888,28872.654848
192551.565517,1432.485888,1427.155968,0.0,1432.485888,28873.158656
192648.184722,1432.485888,1427.155968,0.0,1432.485888,28873.752576
192743.614058,1432.485888,1427.155968,0.0,1432.485888,28874.616832
192840.373256,1432.485888,1427.155968,0.0,1432.485888,28874.48576
192936.703339,1432.485888,1427.155968,0.0,1432.485888,28874.60864
193031.319248,1432.485888,1427.155968,0.0,1432.485888,28874.932224
193126.835454,1432.485888,1427.155968,0.0,1432.485888,28875.583488
193221.930012,1432.485888,1427.155968,0.0,1432.485888,28878.37696
193319.456673,1432.485888,1427.155968,0.0,1432.485888,28881.67424
193414.082015,1432.485888,1427.155968,0.0,1432.485888,28884.635648
193509.581117,1432.485888,1427.155968,0.0,1432.485888,28886.24128
193604.5952,1432.485888,1427.155968,0.0,1432.485888,28887.842816
193699.134292,1432.485888,1427.155968,0.0,1432.485888,28888.1664
193796.616149,1432.485888,1427.155968,0.0,1432.485888,28888.850432
193892.889418,1432.485888,1427.155968,0.0,1432.485888,28889.034752
193987.750095,1432.485888,1427.155968,0.0,1432.485888,28892.09856
194089.055229,1432.485888,1427.155968,0.0,1432.485888,28897.083392
194185.644741,1432.485888,1427.155968,0.0,1432.485888,28900.593664
194279.881909,1432.485888,1427.155968,0.0,1432.485888,28902.31808
194375.83232,1432.485888,1427.155968,0.0,1432.485888,28903.657472
194470.442578,1432.485888,1427.155968,0.0,1432.485888,28905.63584
194565.198213,1432.485888,1427.155968,0.0,1432.485888,28908.05248
194662.19559,1432.485888,1427.155968,0.0,1432.485888,28910.338048
194757.264446,1432.485888,1427.155968,0.0,1432.485888,28909.973504
194853.874632,1432.485888,1427.155968,0.0,1432.485888,28911.47264
194949.840831,1432.485888,1427.155968,0.0,1432.485888,28913.303552
195044.557976,1432.485888,1427.155968,0.0,1432.485888,28914.057216
195139.592979,1432.485888,1427.155968,0.0,1432.485888,28913.93024
195240.454508,1432.485888,1427.155968,0.0,1432.485888,28915.314688
195342.791236,1432.485888,1427.155968,0.0,1432.485888,28917.428224
195443.500023,1432.485888,1427.155968,0.0,1432.485888,28920.09472
195543.102983,1432.485888,1427.155968,0.0,1432.485888,28923.02336
195643.515988,1432.485888,1427.155968,0.0,1432.485888,28925.595648
195746.077799,1432.485888,1427.154944,0.0,1432.485888,28928.561152
195843.555317,1432.485888,1427.155968,0.0,1432.485888,28931.31776
195946.393001,1432.485888,1427.155968,0.0,1432.485888,28934.197248
196045.890174,1432.485888,1427.155968,0.0,1432.485888,28937.752576
196146.860634,1432.485888,1427.155968,0.0,1432.485888,28940.279808
196249.511588,1432.485888,1427.155968,0.0,1432.485888,28943.872
196353.070269,1432.485888,1427.155968,0.0,1432.485888,28944.920576
196452.175034,1432.485888,1427.155968,0.0,1432.485888,28946.75968
196557.219696,1432.485888,1427.155968,0.0,1432.485888,28950.253568
196652.394477,1438.224384,1432.894464,0.0,1438.224384,28957.663232
196749.939059,1438.224384,1432.894464,0.0,1438.224384,28960.169984
196847.53524,1438.224384,1432.894464,0.0,1438.224384,28961.816576
196942.104432,1438.224384,1432.894464,0.0,1438.224384,28964.339712
197039.710185,1438.224384,1432.894464,0.0,1438.224384,28967.694336
197134.470104,1438.224384,1432.894464,0.0,1438.224384,28969.00096
197231.598862,1438.224384,1432.894464,0.0,1438.224384,28970.45504
197326.648319,1438.224384,1432.894464,0.0,1438.224384,28973.252608
197423.531583,1438.224384,1432.894464,0.0,1438.224384,28976.078848
197518.544422,1438.224384,1432.894464,0.0,1438.224384,28979.064832
197615.703952,1438.224384,1432.894464,0.0,1438.224384,28981.092352
197712.669919,1438.224384,1432.894464,0.0,1438.224384,28984.315904
197807.282756,1438.224384,1432.894464,0.0,1438.224384,28987.183104
197904.729211,1438.224384,1432.894464,0.0,1438.224384,28989.25568
197999.120305,1438.224384,1432.894464,0.0,1438.224384,28990.263296
198097.190348,1438.224384,1432.894464,0.0,1438.224384,28992.356352
198191.618465,1438.224384,1432.894464,0.0,1438.224384,28995.334144
198289.021098,1438.224384,1432.894464,0.0,1438.224384,28996.763648
198383.930917,1438.224384,1432.894464,0.0,1438.224384,28999.143424
198481.169424,1438.224384,1432.894464,0.0,1438.224384,29001.670656
198576.9875,1438.224384,1432.894464,0.0,1438.224384,29002.723328
198672.090927,1438.224384,1432.894464,0.0,1438.224384,29005.488128
198766.965006,1438.224384,1432.894464,0.0,1438.224384,29008.0768
198863.929775,1438.224384,1432.894464,0.0,1438.224384,29011.6608
198960.478849,1438.224384,1432.894464,0.0,1438.224384,29137.731584
199061.446424,1438.224384,1432.890368,0.0,1438.224384,29034.401792
199156.501527,1438.224384,1432.894464,0.0,1438.224384,29026.189312
199252.854795,1438.224384,1432.894464,0.0,1438.224384,29028.982784
199347.399734,1438.224384,1432.894464,0.0,1438.224384,29030.330368
199443.081231,1438.224384,1432.894464,0.0,1438.224384,29032.648704
199537.964574,1438.224384,1432.894464,0.0,1438.224384,29033.988096
199632.80994,1438.224384,1432.894464,0.0,1438.224384,29034.418176
199732.514737,1438.224384,1432.894464,0.0,1438.224384,29031.95648
199829.888363,1438.224384,1432.894464,0.0,1438.224384,29031.964672
199924.494249,1438.224384,1432.894464,0.0,1438.224384,29032.095744
200021.883756,1438.224384,1432.894464,0.0,1438.224384,29034.1888
200117.160103,1438.224384,1432.894464,0.0,1438.224384,29034.422272
200214.220093,1438.224384,1432.894464,0.0,1438.224384,29036.50304
200310.468801,1438.224384,1432.894464,0.0,1438.224384,29039.173632
200404.974105,1438.224384,1432.894464,0.0,1438.224384,29041.651712
200500.708547,1438.224384,1432.894464,0.0,1438.224384,29042.970624
200595.540851,1438.224384,1432.894464,0.0,1438.224384,29044.998144
200689.962855,1438.224384,1432.894464,0.0,1438.224384,29047.742464
200787.35435,1438.224384,1432.894464,0.0,1438.224384,29049.253888
200882.482693,1438.224384,1432.894464,0.0,1438.224384,29052.60032
200979.421704,1438.224384,1432.894464,0.0,1438.224384,29053.341696
201075.778562,1438.224384,1432.894464,0.0,1438.224384,29176.070144
201171.103966,1438.224384,1432.894464,0.0,1438.224384,29304.09472
201267.990916,1438.224384,1432.894464,0.0,1438.224384,29067.825152
201362.210454,1438.224384,1432.894464,0.0,1438.224384,29069.74208
201458.476422,1438.224384,1432.894464,0.0,1438.224384,29072.285696
201553.11508,1438.224384,1432.894464,0.0,1438.224384,29072.642048
201648.481016,1438.224384,1432.894464,0.0,1438.224384,29073.666048
201745.288588,1438.224384,1432.894464,0.0,1438.224384,29076.209664
201841.718456,1438.224384,1432.894464,0.0,1438.224384,29078.986752
201936.625978,1438.224384,1432.894464,0.0,1438.224384,29080.621056
202033.195197,1438.224384,1432.894464,0.0,1438.224384,29082.468352
202127.850639,1438.224384,1432.894464,0.0,1438.224384,29083.922432
202223.770078,1438.224384,1432.894464,0.0,1438.224384,29086.937088
202318.717157,1438.224384,1432.894464,0.0,1438.224384,29087.92832
202413.711529,1438.224384,1432.894464,0.0,1438.224384,29088.555008
202511.759469,1438.224384,1432.894464,0.0,1438.224384,29088.182272
202609.302885,1438.224384,1432.894464,0.0,1438.224384,29089.8944
202703.636456,1438.224384,1432.894464,0.0,1438.224384,29090.230272
202801.449034,1438.224384,1432.894464,0.0,1438.224384,29093.158912
202895.506446,1438.224384,1432.894464,0.0,1438.224384,29095.550976
202993.007237,1438.224384,1432.894464,0.0,1438.224384,29096.624128
203087.03731,1438.224384,1432.894464,0.0,1438.224384,29100.023808
203184.682386,1438.224384,1432.894464,0.0,1438.224384,29101.436928
203278.958987,1438.224384,1432.894464,0.0,1438.224384,29104.074752
203376.157271,1438.224384,1432.894464,0.0,1438.224384,29105.422336
203470.517452,1438.224384,1432.894464,0.0,1438.224384,29106.659328
203568.018202,1438.224384,1432.894464,0.0,1438.224384,29107.912704
203666.023896,1438.224384,1432.894464,0.0,1438.224384,29109.850112
203760.029917,1438.224384,1432.894464,0.0,1438.224384,29110.33344
203856.148681,1438.224384,1432.894464,0.0,1438.224384,29112.254464
203951.009882,1438.224384,1432.894464,0.0,1438.224384,29113.544704
204046.506975,1438.224384,1432.894464,0.0,1438.224384,29115.527168
204144.677879,1438.224384,1432.894464,0.0,1438.224384,29116.653568
204245.626559,1438.224384,1432.894464,0.0,1438.224384,29118.685184
204345.060818,1438.224384,1432.894464,0.0,1438.224384,29124.5056
204444.476676,1438.224384,1432.894464,0.0,1438.224384,29127.655424
204541.971689,1438.224384,1432.894464,0.0,1438.224384,29128.421376
204638.748175,1438.224384,1432.894464,0.0,1438.224384,29129.019392
204739.734086,1438.224384,1432.894464,0.0,1438.224384,29129.449472
204842.586879,1438.224384,1432.894464,0.0,1438.224384,29131.087872
204947.671473,1438.224384,1432.894464,0.0,1438.224384,29132.099584
205046.03695,1438.224384,1432.894464,0.0,1438.224384,29134.241792
205144.242374,1438.224384,1432.894464,0.0,1438.224384,29136.95744
205244.437813,1438.224384,1432.894464,0.0,1438.224384,29137.096704
205343.97678,1438.224384,1432.894464,0.0,1438.224384,29137.252352
205443.915911,1438.224384,1432.894464,0.0,1438.224384,29137.362944
205538.369887,1438.224384,1432.894464,0.0,1438.224384,29138.870272
205632.384229,1444.72064,1439.39072,0.0,1444.72064,29144.45312
205726.488828,1444.72064,1439.39072,0.0,1444.72064,29145.247744
205824.460228,1444.72064,1439.39072,0.0,1444.72064,29147.652096
205918.857335,1444.72064,1439.39072,0.0,1444.72064,29149.843456
206016.47755,1444.72064,1439.39072,0.0,1444.72064,29152.4608
206111.800281,1444.72064,1439.39072,0.0,1444.72064,29156.442112
206208.906303,1444.72064,1439.39072,0.0,1444.72064,29158.223872
206308.02404,1444.72064,1439.39072,0.0,1444.72064,29158.555648
206402.48144,1444.72064,1439.39072,0.0,1444.72064,29158.699008
206499.978639,1444.72064,1439.39072,0.0,1444.72064,29160.534016
206594.935289,1444.72064,1439.39072,0.0,1444.72064,29162.917888
206692.237846,1444.72064,1439.39072,0.0,1444.72064,29166.98112
206788.731677,1444.72064,1439.39072,0.0,1444.72064,29168.263168
206883.363416,1444.72064,1439.39072,0.0,1444.72064,29170.958336
206979.470416,1444.72064,1439.39072,0.0,1444.72064,29173.710848
207074.334423,1444.72064,1439.39072,0.0,1444.72064,29175.799808
207169.820345,1444.72064,1439.39072,0.0,1444.72064,29178.871808
207266.755645,1444.72064,1439.39072,0.0,1444.72064,29179.998208
207366.161095,1444.72064,1439.39072,0.0,1444.72064,29181.861888
207461.482037,1444.72064,1439.39072,0.0,1444.72064,29182.6688
207558.557851,1444.72064,1439.39072,0.0,1444.72064,29183.475712
207657.490063,1444.72064,1439.39072,0.0,1444.72064,29184.495616
207751.988525,1444.72064,1439.39072,0.0,1444.72064,29184.401408
207849.634821,1444.72064,1439.39072,0.0,1444.72064,29186.674688
207944.675241,1444.72064,1439.39072,0.0,1444.72064,29188.665344
208041.457004,1444.72064,1439.39072,0.0,1444.72064,29190.303744
208136.993519,1444.72064,1439.39072,0.0,1444.72064,29191.696384
208232.14574,1444.72064,1439.39072,0.0,1444.72064,29193.588736
208327.123373,1444.72064,1439.39072,0.0,1444.72064,29195.640832
208424.29619,1444.72064,1439.39072,0.0,1444.72064,29198.282752
208520.297317,1444.72064,1439.39072,0.0,1444.72064,29199.675392
208615.483806,1444.72064,1439.39072,0.0,1444.72064,29202.837504
208711.172048,1444.72064,1439.39072,0.0,1444.72064,29204.221952
208806.622834,1444.72064,1439.39072,0.0,1444.72064,29204.97152
208900.982116,1444.72064,1439.39072,0.0,1444.72064,29206.91712
208998.120333,1444.72064,1439.39072,0.0,1444.72064,29210.914816
209093.689397,1444.72064,1439.39072,0.0,1444.72064,29214.232576
209190.20442,1444.72064,1439.39072,0.0,1444.72064,29217.304576
209286.38138,1444.72064,1439.39072,0.0,1444.72064,29220.397056
209381.296641,1444.72064,1439.39072,0.0,1444.72064,29223.440384
209476.531353,1444.72064,1439.39072,0.0,1444.72064,29225.312256
209573.128959,1444.72064,1439.39072,0.0,1444.72064,29227.671552
209668.864407,1444.72064,1439.39072,0.0,1444.72064,29231.362048
209763.696638,1444.72064,1439.39072,0.0,1444.72064,29232.971776
209858.469999,1444.72064,1439.39072,0.0,1444.72064,29234.25792
209955.772257,1444.72064,1439.39072,0.0,1444.72064,29234.618368
210051.61219,1444.72064,1439.39072,0.0,1444.72064,29234.634752
210146.468693,1444.72064,1439.39072,0.0,1444.72064,29235.372032
210241.572211,1444.72064,1439.39072,0.0,1444.72064,29235.85536
210338.555983,1444.72064,1439.39072,0.0,1444.72064,29237.354496
210436.850624,1444.72064,1439.39072,0.0,1444.72064,29240.213504
210536.670894,1444.72064,1439.39072,0.0,1444.72064,29241.741312
210636.432938,1444.72064,1439.39072,0.0,1444.72064,29244.059648
210737.398505,1444.72064,1439.39072,0.0,1444.72064,29245.751296
210835.873264,1444.72064,1439.39072,0.0,1444.72064,29247.025152
210936.19757,1444.72064,1439.39072,0.0,1444.72064,29250.916352
211035.543147,1444.72064,1439.39072,0.0,1444.72064,29253.476352
211135.76251,1444.72064,1439.39072,0.0,1444.72064,29255.090176
211235.114441,1444.72064,1439.39072,0.0,1444.72064,29256.605696
211333.992492,1444.72064,1439.39072,0.0,1444.72064,29259.276288
211433.651424,1444.72064,1439.39072,0.0,1444.72064,29260.337152
211535.721348,1444.72064,1439.39072,0.0,1444.72064,29262.168064
211634.332626,1444.72064,1439.39072,0.0,1444.72064,29265.55136
211743.58235,1444.72064,1439.39072,0.0,1444.72064,29269.803008
211840.425521,1444.732928,1439.403008,0.0,1444.732928,29273.350144
211936.161186,1444.732928,1439.403008,0.0,1444.732928,29275.738112
212031.174385,1444.732928,1439.403008,0.0,1444.732928,29278.748672
212126.308473,1444.732928,1439.403008,0.0,1444.732928,29280.616448
212223.392655,1444.732928,1439.403008,0.0,1444.732928,29283.414016
212322.03031,1444.732928,1439.403008,0.0,1444.732928,29286.084608
212416.403987,1444.732928,1439.403008,0.0,1444.732928,29286.8096
212514.058012,1444.732928,1439.403008,0.0,1444.732928,29287.23968
212608.330544,1444.732928,1439.403008,0.0,1444.732928,29288.63232
212706.145135,1444.732928,1439.403008,0.0,1444.732928,29291.798528
212801.874687,1444.732928,1439.403008,0.0,1444.732928,29294.051328
212898.954584,1444.732928,1439.403008,0.0,1444.732928,29297.152
212995.815194,1444.732928,1439.403008,0.0,1444.732928,29297.758208
213090.579517,1444.732928,1439.403008,0.0,1444.732928,29300.191232
213188.084291,1444.732928,1439.403008,0.0,1444.732928,29301.506048
213282.371562,1444.732928,1439.403008,0.0,1444.732928,29301.88288
213380.054708,1444.732928,1439.403008,0.0,1444.732928,29302.009856
213477.6002,1444.732928,1439.403008,0.0,1444.732928,29301.915648
213572.56661,1444.732928,1439.403008,0.0,1444.732928,29302.882304
213667.852151,1444.732928,1439.403008,0.0,1444.732928,29303.697408
213765.012296,1444.732928,1439.403008,0.0,1444.732928,29306.273792
213861.523079,1444.732928,1439.403008,0.0,1444.732928,29306.802176
213956.419302,1444.732928,1439.403008,0.0,1444.732928,29309.087744
214053.480198,1444.732928,1439.403008,0.0,1444.732928,29311.127552
214148.081765,1444.732928,1439.403008,0.0,1444.732928,29312.69632
214245.903402,1444.732928,1439.403008,0.0,1444.732928,29314.400256
214340.170161,1444.732928,1439.403008,0.0,1444.732928,29318.9632
214437.992879,1444.732928,1439.403008,0.0,1444.732928,29321.125888
214532.395731,1444.732928,1439.403008,0.0,1444.732928,29323.096064
214629.784506,1444.732928,1439.403008,0.0,1444.732928,29326.884864
214724.777564,1444.732928,1439.403008,0.0,1444.732928,29328.359424
214822.145022,1444.732928,1439.403008,0.0,1444.732928,29329.600512
214918.390636,1444.732928,1439.403008,0.0,1444.732928,29331.144704
215013.198657,1444.732928,1439.403008,0.0,1444.732928,29331.74272
215109.199618,1444.732928,1439.403008,0.0,1444.732928,29332.860928
215204.180896,1444.732928,1439.403008,0.0,1444.732928,29333.577728
215299.705803,1444.732928,1439.403008,0.0,1444.732928,29334.990848
215396.650179,1444.732928,1439.403008,0.0,1444.732928,29336.039424
215493.654591,1444.732928,1439.403008,0.0,1444.732928,29339.119616
215588.252969,1444.732928,1439.403008,0.0,1444.732928,29341.04064
215687.945698,1444.732928,1439.403008,0.0,1444.732928,29342.298112
215783.989783,1444.732928,1439.403008,0.0,1444.732928,29343.207424
215879.182698,1444.732928,1439.403008,0.0,1444.732928,29345.234944
215974.895436,1444.732928,1439.403008,0.0,1444.732928,29347.028992
216069.917582,1444.732928,1439.403008,0.0,1444.732928,29348.388864
216164.860909,1444.732928,1439.403008,0.0,1444.732928,29350.31808
216262.442674,1444.732928,1439.403008,0.0,1444.732928,29352.394752
216359.036771,1444.732928,1439.403008,0.0,1444.732928,29354.676224
216453.79231,1444.732928,1439.403008,0.0,1444.732928,29355.884544
216550.249954,1444.732928,1439.403008,0.0,1444.732928,29357.350912
216644.917805,1444.732928,1439.403008,0.0,1444.732928,29358.456832
216740.866392,1444.732928,1439.403008,0.0,1444.732928,29359.857664
216835.766505,1444.732928,1439.403008,0.0,1444.732928,29361.139712
216934.157643,1444.732928,1439.403008,0.0,1444.732928,29363.560448
217028.968469,1444.732928,1439.403008,0.0,1444.732928,29365.911552
217126.634641,1444.732928,1439.403008,0.0,1444.732928,29367.713792
217220.899681,1444.732928,1439.403008,0.0,1444.732928,29370.155008
217318.687981,1444.732928,1439.403008,0.0,1444.732928,29371.887616
217413.435827,1444.732928,1439.403008,0.0,1444.732928,29374.38208
217511.226447,1444.732928,1439.403008,0.0,1444.732928,29419.286528
217607.217752,1444.732928,1439.403008,0.0,1444.732928,29549.412352
217702.433608,1444.732928,1439.403008,0.0,1444.732928,29413.21216
217798.342485,1444.732928,1439.403008,0.0,1444.732928,29413.527552
217896.593189,1444.732928,1439.403008,0.0,1444.732928,29414.785024
217997.995796,1444.732928,1439.403008,0.0,1444.732928,29416.005632
218098.334504,1444.732928,1439.403008,0.0,1444.732928,29416.89856
218198.269362,1444.732928,1439.403008,0.0,1444.732928,29416.730624
218297.830495,1444.732928,1439.403008,0.0,1444.732928,29416.93952
218396.01211,1444.732928,1439.403008,0.0,1444.732928,29418.135552
218495.141142,1444.732928,1439.403008,0.0,1444.732928,29419.47904
218596.684541,1444.732928,1439.403008,0.0,1444.732928,29420.101632
218700.185412,1444.732928,1439.403008,0.0,1444.732928,29421.89568
218799.135181,1444.732928,1439.403008,0.0,1444.732928,29424.86528
218897.466742,1444.732928,1439.403008,0.0,1444.732928,29427.884032
218995.016512,1444.732928,1439.403008,0.0,1444.732928,29430.1696
219095.021515,1444.732928,1439.403008,0.0,1444.732928,29430.657024
219194.431159,1444.732928,1439.403008,0.0,1444.732928,29432.459264
219290.079125,1447.026688,1444.789248,0.0,1447.026688,29441.302528
219385.761209,1450.119168,1444.789248,0.0,1450.119168,29442.68288
219481.966986,1450.119168,1444.789248,0.0,1450.119168,29445.062656
219577.778106,1450.119168,1444.789248,0.0,1450.119168,29446.950912
219676.888647,1450.119168,1444.789248,0.0,1450.119168,29447.839744
219771.31022,1450.119168,1444.789248,0.0,1450.119168,29448.241152
219869.18654,1450.119168,1444.789248,0.0,1450.119168,29449.50272
219964.327651,1450.119168,1444.789248,0.0,1450.119168,29452.484608
220062.490546,1450.119168,1444.789248,0.0,1450.119168,29454.639104
220159.357075,1450.119168,1444.789248,0.0,1450.119168,29457.14176
220254.170914,1450.119168,1444.789248,0.0,1450.119168,29458.530304
220351.54264,1450.119168,1444.789248,0.0,1450.119168,29461.377024
220446.359977,1450.119168,1444.789248,0.0,1450.119168,29491.847168
220544.190587,1450.119168,1444.789248,0.0,1450.119168,29493.94432
220638.633536,1450.119168,1444.789248,0.0,1450.119168,29494.72256
220736.736761,1450.119168,1444.789248,0.0,1450.119168,29495.15264
220832.619278,1450.119168,1444.789248,0.0,1450.119168,29495.709696
220928.076108,1450.119168,1444.789248,0.0,1450.119168,29496.549376
221023.726701,1450.119168,1444.789248,0.0,1450.119168,29496.991744
221120.960632,1450.119168,1444.789248,0.0,1450.119168,29499.04384
221218.617426,1450.119168,1444.789248,0.0,1450.119168,29501.771776
221313.031035,1450.119168,1444.789248,0.0,1450.119168,29502.468096
221411.104336,1450.119168,1444.789248,0.0,1450.119168,29504.745472
221506.554155,1450.119168,1444.789248,0.0,1450.119168,29507.29728
221603.89263,1450.119168,1444.789248,0.0,1450.119168,29509.03808
221701.181723,1450.119168,1444.789248,0.0,1450.119168,29510.459392
221796.091973,1450.119168,1444.789248,0.0,1450.119168,29512.146944
221894.440211,1450.119168,1444.789248,0.0,1450.119168,29514.338304
221989.490354,1450.119168,1444.789248,0.0,1450.119168,29516.468224
222087.272038,1450.119168,1444.789248,0.0,1450.119168,29517.185024
222183.981008,1450.119168,1444.789248,0.0,1450.119168,29519.323136
222278.805066,1450.119168,1444.789248,0.0,1450.119168,29519.630336
222375.724035,1450.119168,1444.789248,0.0,1450.119168,29520.007168
222470.558689,1450.119168,1444.789248,0.0,1450.119168,29520.412672
222567.43894,1450.119168,1444.789248,0.0,1450.119168,29523.279872
222662.465748,1450.119168,1444.789248,0.0,1450.119168,29525.721088
222760.00931,1450.119168,1444.789248,0.0,1450.119168,29527.51104
222854.519132,1450.119168,1444.789248,0.0,1450.119168,29529.309184
222952.370187,1450.119168,1444.789248,0.0,1450.119168,29530.263552
223047.450229,1450.119168,1444.789248,0.0,1450.119168,29531.262976
223145.220141,1450.119168,1444.789248,0.0,1450.119168,29531.725824
223241.697793,1450.119168,1444.789248,0.0,1450.119168,29531.922432
223336.626663,1450.119168,1444.789248,0.0,1450.119168,29532.766208
223433.386358,1450.119168,1444.789248,0.0,1450.119168,29645.062144
223528.340076,1450.119168,1444.789248,0.0,1450.119168,29579.620352
223628.497126,1450.119168,1444.789248,0.0,1450.119168,29580.77952
223729.387779,1450.119168,1444.789248,0.0,1450.119168,29581.520896
223827.746198,1450.119168,1444.789248,0.0,1450.119168,29581.316096
223924.487252,1450.119168,1444.789248,0.0,1450.119168,29581.365248
224026.670207,1450.119168,1444.789248,0.0,1450.119168,29581.53728
224127.187603,1450.119168,1444.789248,0.0,1450.119168,29581.561856
224230.902603,1450.119168,1444.789248,0.0,1450.119168,29581.25056
224329.073193,1450.119168,1444.789248,0.0,1450.119168,29581.668352
224428.996474,1450.119168,1444.789248,0.0,1450.119168,29583.192064
224528.812763,1450.119168,1444.789248,0.0,1450.119168,29586.051072
224628.884927,1450.119168,1444.789248,0.0,1450.119168,29587.877888
224730.86002,1450.119168,1444.789248,0.0,1450.119168,29589.901312
224834.054465,1450.119168,1444.789248,0.0,1450.119168,29592.551424
224938.133193,1450.119168,1444.789248,0.0,1450.119168,29594.103808
225031.98338,1454.088192,1448.758272,0.0,1454.088192,29600.5632
225129.563547,1454.088192,1448.758272,0.0,1454.088192,29602.254848
225223.753815,1454.088192,1448.758272,0.0,1454.088192,29605.306368
225321.322339,1454.088192,1448.758272,0.0,1454.088192,29608.022016
225416.216388,1454.088192,1448.758272,0.0,1454.088192,29608.738816
225513.752452,1454.088192,1448.758272,0.0,1454.088192,29610.934272
225608.301354,1454.088192,1448.758272,0.0,1454.088192,29613.408256
225705.903673,1454.088192,1448.758272,0.0,1454.088192,29615.157248
225801.039887,1454.088192,1448.758272,0.0,1454.088192,29616.836608
225898.150303,1454.088192,1448.758272,0.0,1454.088192,29618.655232
225993.988821,1454.088192,1448.758272,0.0,1454.088192,29618.655232
226089.130278,1454.088192,1448.758272,0.0,1454.088192,29618.97472
226184.147611,1454.088192,1448.758272,0.0,1454.088192,29619.2
226281.497516,1454.088192,1448.758272,0.0,1454.088192,29619.269632
226377.895983,1454.088192,1448.758272,0.0,1454.088192,29621.02272
226472.668091,1454.088192,1448.758272,0.0,1454.088192,29621.809152
226568.915275,1454.088192,1448.758272,0.0,1454.088192,29622.013952
226663.610675,1454.088192,1448.758272,0.0,1454.088192,29623.660544
226759.083659,1454.088192,1448.758272,0.0,1454.088192,29624.7296
226854.131789,1454.088192,1448.758272,0.0,1454.088192,29624.77056
226948.781739,1454.088192,1448.758272,0.0,1454.088192,29624.79104
227046.55064,1454.088192,1448.758272,0.0,1454.088192,29624.856576
227142.0826,1454.088192,1448.758272,0.0,1454.088192,29625.430016
227237.336852,1454.088192,1448.758272,0.0,1454.088192,29625.864192
227332.26001,1454.088192,1448.758272,0.0,1454.088192,29627.015168
227429.667719,1454.088192,1448.758272,0.0,1454.088192,29628.88704
227525.605855,1454.088192,1448.758272,0.0,1454.088192,29630.17728
227620.687047,1454.088192,1448.758272,0.0,1454.088192,29631.909888
227716.10224,1454.088192,1448.758272,0.0,1454.088192,29634.400256
227813.001641,1454.088192,1448.758272,0.0,1454.088192,29636.395008
227909.287622,1454.088192,1448.758272,0.0,1454.088192,29638.012928
228004.485951,1454.088192,1448.758272,0.0,1454.088192,29639.72096
228100.666183,1454.088192,1448.758272,0.0,1454.088192,29641.146368
228195.559156,1454.088192,1448.758272,0.0,1454.088192,29641.814016
228291.12834,1454.088192,1448.758272,0.0,1454.088192,29641.302016
228386.145206,1454.088192,1448.758272,0.0,1454.088192,29641.547776
228481.889032,1454.088192,1448.758272,0.0,1454.088192,29642.121216
228578.962731,1454.088192,1448.758272,0.0,1454.088192,29641.785344
228676.300434,1454.088192,1448.758272,0.0,1454.088192,29641.80992
228771.039903,1454.088192,1448.758272,0.0,1454.088192,29642.006528
228871.86968,1454.088192,1448.758272,0.0,1454.088192,29644.132352
228970.001766,1454.088192,1448.758272,0.0,1454.088192,29646.188544
229064.688142,1454.088192,1448.758272,0.0,1454.088192,29647.54432
229162.215134,1454.088192,1448.758272,0.0,1454.088192,29651.185664
229258.338309,1454.088192,1448.758272,0.0,1454.088192,29652.545536
229353.422474,1454.088192,1448.758272,0.0,1454.088192,29655.83872
229449.36025,1454.088192,1448.758272,0.0,1454.088192,29659.992064
229544.643398,1454.088192,1448.758272,0.0,1454.088192,29663.072256
229640.111021,1454.088192,1448.758272,0.0,1454.088192,29665.902592
229737.151472,1454.088192,1448.757248,0.0,1454.088192,29671.268352
229834.120612,1454.088192,1448.758272,0.0,1454.088192,29667.45088
229928.530339,1454.088192,1448.758272,0.0,1454.088192,29669.634048
230025.24547,1454.088192,1448.758272,0.0,1454.088192,29670.526976
230119.987253,1454.088192,1448.758272,0.0,1454.088192,29671.886848
230216.707445,1454.088192,1448.758272,0.0,1454.088192,29674.303488
230311.473449,1454.088192,1448.758272,0.0,1454.088192,29676.859392
230408.115089,1454.088192,1448.758272,0.0,1454.088192,29679.14496
230502.619407,1454.088192,1448.758272,0.0,1454.088192,29680.14848
230598.94841,1454.088192,1448.758272,0.0,1454.088192,29681.156096
230693.600824,1454.088192,1448.758272,0.0,1454.088192,29680.754688
230789.915951,1454.088192,1448.758272,0.0,1454.088192,29683.965952
230885.195963,1454.088192,1448.758272,0.0,1454.088192,29698.715648
230981.867331,1454.088192,1448.758272,0.0,1454.088192,29701.332992
231076.516219,1454.088192,1448.758272,0.0,1454.088192,29703.409664
231173.163739,1454.088192,1448.758272,0.0,1454.088192,29705.07264
231267.781712,1454.088192,1448.758272,0.0,1454.088192,29705.793536
231364.557916,1454.088192,1448.758272,0.0,1454.088192,29708.47232
231461.328823,1454.088192,1448.758272,0.0,1454.088192,29710.749696
231561.208773,1454.088192,1448.758272,0.0,1454.088192,29713.158144
231664.340691,1454.088192,1448.758272,0.0,1454.088192,29715.570688
231764.446448,1454.088192,1448.758272,0.0,1454.088192,29717.250048
231866.812166,1454.088192,1448.758272,0.0,1454.088192,29718.69184
231968.762721,1454.088192,1448.758272,0.0,1454.088192,29720.793088
232068.998534,1454.088192,1448.758272,0.0,1454.088192,29723.086848
232167.667671,1454.088192,1448.758272,0.0,1454.088192,29725.007872
232267.276555,1454.088192,1448.758272,0.0,1454.088192,29726.236672
232367.138077,1454.088192,1448.758272,0.0,1454.088192,29727.223808
232467.439847,1454.088192,1448.758272,0.0,1454.088192,29729.378304
232569.696251,1454.088192,1448.758272,0.0,1454.088192,29730.680832
232672.227047,1454.088192,1448.758272,0.0,1454.088192,29731.88096
232775.119403,1454.088192,1448.758272,0.0,1454.088192,29733.752832
232869.585584,1459.703808,1454.373888,0.0,1459.703808,29742.46912
232971.866644,1459.703808,1454.373888,0.0,1459.703808,29745.565696
233070.191829,1459.703808,1454.373888,0.0,1459.703808,29747.716096
233165.284496,1459.703808,1454.373888,0.0,1459.703808,29749.260288
233263.026876,1459.703808,1454.373888,0.0,1459.703808,29750.951936
233360.326433,1459.703808,1454.373888,0.0,1459.703808,29752.680448
233455.262063,1459.703808,1454.373888,0.0,1459.703808,29754.277888
233553.067439,1459.703808,1454.373888,0.0,1459.703808,29754.42944
233647.410576,1459.703808,1454.373888,0.0,1459.703808,29754.761216
233745.195468,1459.703808,1454.373888,0.0,1459.703808,29754.814464
233840.834859,1459.703808,1454.373888,0.0,1459.703808,29754.904576
233940.814379,1459.703808,1454.373888,0.0,1459.703808,29754.847232
234038.193253,1459.703808,1454.373888,0.0,1459.703808,29755.363328
234134.718686,1459.703808,1454.373888,0.0,1459.703808,29757.267968
234229.386555,1459.703808,1454.373888,0.0,1459.703808,29758.939136
234325.429844,1459.703808,1454.373888,0.0,1459.703808,29759.926272
234420.589456,1459.703808,1454.373888,0.0,1459.703808,29761.765376
234516.241002,1459.703808,1454.373888,0.0,1459.703808,29764.7104
234611.272388,1459.703808,1454.373888,0.0,1459.703808,29765.746688
234706.089219,1459.703808,1454.373888,0.0,1459.703808,29767.184384
234803.792584,1459.703808,1454.373888,0.0,1459.703808,29768.814592
234900.14665,1459.703808,1454.373888,0.0,1459.703808,29769.592832
234994.951863,1459.703808,1454.373888,0.0,1459.703808,29770.530816
235091.351278,1459.703808,1454.373888,0.0,1459.703808,29771.792384
235186.299779,1459.703808,1454.373888,0.0,1459.703808,29773.283328
235282.555475,1459.703808,1454.373888,0.0,1459.703808,29774.19264
235377.835036,1459.703808,1454.373888,0.0,1459.703808,29776.969728
235474.434609,1459.703808,1454.373888,0.0,1459.703808,29780.115456
235569.490783,1459.703808,1454.373888,0.0,1459.703808,29780.201472
235668.646123,1459.703808,1454.373888,0.0,1459.703808,29780.45952
235763.848716,1459.703808,1454.373888,0.0,1459.703808,29781.180416
235861.344403,1459.703808,1454.373888,0.0,1459.703808,29781.536768
235958.299995,1459.703808,1454.373888,0.0,1459.703808,29783.031808
236052.98516,1459.703808,1454.373888,0.0,1459.703808,29785.038848
236150.232292,1459.703808,1454.373888,0.0,1459.703808,29788.135424
236245.006495,1459.703808,1454.373888,0.0,1459.703808,29790.199808
236342.80162,1459.703808,1454.373888,0.0,1459.703808,29793.333248
236437.609932,1459.703808,1454.373888,0.0,1459.703808,29795.110912
236535.706895,1459.703808,1454.373888,0.0,1459.703808,29797.707776
236632.114235,1459.703808,1454.373888,0.0,1459.703808,29799.05536
236727.157449,1459.703808,1454.373888,0.0,1459.703808,29801.345024
236823.695514,1459.703808,1454.373888,0.0,1459.703808,29803.25376
236918.921796,1459.703808,1454.373888,0.0,1459.703808,29803.352064
237016.351023,1459.703808,1454.373888,0.0,1459.703808,29803.880448
237111.044909,1459.703808,1454.373888,0.0,1459.703808,29804.347392
237209.23067,1459.703808,1454.373888,0.0,1459.703808,29804.617728
237304.180263,1459.703808,1454.373888,0.0,1459.703808,29805.109248
237402.352563,1459.703808,1454.373888,0.0,1459.703808,29804.965888
237498.982052,1459.703808,1454.373888,0.0,1459.703808,29805.662208
237593.802695,1459.703808,1454.373888,0.0,1459.703808,29806.092288
237690.447876,1459.703808,1454.373888,0.0,1459.703808,29807.005696
237785.263763,1459.703808,1454.373888,0.0,1459.703808,29808.648192
237882.213241,1459.703808,1454.373888,0.0,1459.703808,29810.46272
237977.176602,1459.703808,1454.373888,0.0,1459.703808,29810.630656
238075.23096,1459.703808,1454.373888,0.0,1459.703808,29810.679808
238169.6564,1459.703808,1454.373888,0.0,1459.703808,29811.392512
238267.564584,1459.703808,1454.373888,0.0,1459.703808,29811.802112
238362.913883,1459.703808,1454.373888,0.0,1459.703808,29811.564544
238462.968078,1459.703808,1454.373888,0.0,1459.703808,29812.281344
238564.138711,1459.703808,1454.373888,0.0,1459.703808,29812.027392
238666.736268,1459.703808,1454.373888,0.0,1459.703808,29813.542912
238767.754139,1459.703808,1454.373888,0.0,1459.703808,29813.927936
238867.351598,1459.703808,1454.373888,0.0,1459.703808,29814.587392
238969.291591,1459.703808,1454.373888,0.0,1459.703808,29814.562816
239068.221347,1459.703808,1454.373888,0.0,1459.703808,29815.062528
239167.229635,1459.703808,1454.373888,0.0,1459.703808,29815.88992
239267.061427,1459.703808,1454.373888,0.0,1459.703808,29817.155584
239370.033559,1459.703808,1454.373888,0.0,1459.703808,29818.81856
239472.90567,1459.703808,1454.373888,0.0,1459.703808,29819.912192
239572.270148,1459.703808,1454.373888,0.0,1459.703808,29821.394944
239673.518861,1459.703808,1454.373888,0.0,1459.703808,29822.967808
239795.504185,1459.703808,1454.373888,0.0,1459.703808,29825.097728
239890.290065,1464.700928,1459.371008,0.0,1464.700928,29832.454144
239986.870415,1464.700928,1459.371008,0.0,1464.700928,29834.948608
240082.229295,1464.700928,1459.371008,0.0,1464.700928,29835.153408
240178.959567,1464.700928,1459.371008,0.0,1464.700928,29835.132928
240275.175972,1464.700928,1459.371008,0.0,1464.700928,29836.71808
240373.85084,1464.700928,1459.371008,0.0,1464.700928,29839.302656
240469.676544,1464.700928,1459.371008,0.0,1464.700928,29840.736256
240566.946727,1464.700928,1459.371008,0.0,1464.700928,29842.20672
240664.120775,1464.700928,1459.371008,0.0,1464.700928,29844.508672
240758.93691,1464.700928,1459.371008,0.0,1464.700928,29847.187456
240856.992743,1464.700928,1459.371008,0.0,1464.700928,29848.477696
240951.637564,1464.700928,1459.371008,0.0,1464.700928,29849.890816
241049.489434,1464.700928,1459.371008,0.0,1464.700928,29851.521024
241145.612393,1464.700928,1459.371008,0.0,1464.700928,29853.85984
241241.110166,1464.700928,1459.371008,0.0,1464.700928,29856.813056
241337.689284,1464.700928,1459.371008,0.0,1464.700928,29859.295232
241432.606002,1464.700928,1459.371008,0.0,1464.700928,29861.761024
241529.44634,1464.700928,1459.371008,0.0,1464.700928,29863.624704
241625.925202,1464.700928,1459.371008,0.0,1464.700928,29865.197568
241724.0668,1464.700928,1459.371008,0.0,1464.700928,29865.570304
241819.488405,1464.700928,1459.371008,0.0,1464.700928,29865.447424
241917.049772,1464.700928,1459.371008,0.0,1464.700928,29866.160128
242014.520936,1464.700928,1459.371008,0.0,1464.700928,29866.381312
242109.313354,1464.700928,1459.371008,0.0,1464.700928,29867.483136
242207.32544,1464.700928,1459.371008,0.0,1464.700928,29869.256704
242302.499286,1464.700928,1459.371008,0.0,1464.700928,29870.481408
242399.930125,1464.700928,1459.371008,0.0,1464.700928,29872.254976
242496.761238,1464.700928,1459.371008,0.0,1464.700928,29874.429952
242591.564783,1464.700928,1459.371008,0.0,1464.700928,29878.054912
242689.001898,1464.700928,1459.371008,0.0,1464.700928,29882.433536
242784.05307,1464.700928,1459.371008,0.0,1464.700928,30009.737216
242882.534892,1464.700928,1459.371008,0.0,1464.700928,29982.662656
242978.362848,1464.700928,1459.371008,0.0,1464.700928,29982.683136
243073.772149,1464.700928,1459.371008,0.0,1464.700928,29983.051776
243169.336711,1464.700928,1459.371008,0.0,1464.700928,29983.629312
243266.619753,1464.700928,1459.371008,0.0,1464.700928,29983.612928
243363.74646,1464.700928,1459.371008,0.0,1464.700928,29984.137216
243458.439396,1464.700928,1459.371008,0.0,1464.700928,29985.120256
243556.363046,1464.700928,1459.371008,0.0,1464.700928,29985.120256
243654.947699,1464.700928,1459.371008,0.0,1464.700928,29987.561472
243749.667172,1464.700928,1459.371008,0.0,1464.700928,29989.421056
243846.623919,1464.700928,1459.371008,0.0,1464.700928,29990.469632
243941.268218,1464.700928,1459.371008,0.0,1464.700928,29992.230912
244038.37,1464.700928,1459.371008,0.0,1464.700928,29992.996864
244133.115476,1464.700928,1459.371008,0.0,1464.700928,29995.630592
244231.443291,1464.700928,1459.371008,0.0,1464.700928,29997.34272
244325.968421,1464.700928,1459.371008,0.0,1464.700928,29997.572096
244423.596633,1464.700928,1459.371008,0.0,1464.700928,29999.579136
244519.562662,1464.700928,1459.371008,0.0,1464.700928,30000.738304
244614.583796,1464.700928,1459.371008,0.0,1464.700928,30001.754112
244710.125136,1464.700928,1459.371008,0.0,1464.700928,30003.392512
244807.510307,1464.700928,1459.371008,0.0,1464.700928,30005.248
244905.134596,1464.700928,1459.371008,0.0,1464.700928,30006.652928
244999.388804,1464.700928,1459.371008,0.0,1464.700928,30008.418304
245097.176056,1464.700928,1459.371008,0.0,1464.700928,30009.380864
245191.376836,1464.700928,1459.371008,0.0,1464.700928,30010.4704
245291.888648,1464.700928,1459.371008,0.0,1464.700928,30011.45344
245390.168378,1464.700928,1459.371008,0.0,1464.700928,30014.50496
245485.248896,1464.700928,1459.371008,0.0,1464.700928,30015.987712
245582.442264,1464.700928,1459.371008,0.0,1464.700928,30017.150976
245678.885186,1464.700928,1459.371008,0.0,1464.700928,30018.240512
245773.511671,1464.700928,1459.371008,0.0,1464.700928,30020.308992
245869.469574,1464.700928,1459.371008,0.0,1464.700928,30021.685248
245964.250573,1464.700928,1459.371008,0.0,1464.700928,30022.0416
246058.933252,1464.700928,1459.371008,0.0,1464.700928,30022.201344
246156.285053,1464.700928,1459.371008,0.0,1464.700928,30022.602752
246251.801984,1464.700928,1459.371008,0.0,1464.700928,30023.622656
246346.932331,1464.700928,1459.371008,0.0,1464.700928,30024.84736
246441.740209,1464.700928,1459.371008,0.0,1464.700928,30026.964992
246542.082205,1464.700928,1459.371008,0.0,1464.700928,30027.972608
246644.953686,1464.700928,1459.371008,0.0,1464.700928,30029.012992
246748.094206,1464.700928,1459.371008,0.0,1464.700928,30029.6192
246849.012774,1464.700928,1459.371008,0.0,1464.700928,30030.426112
246947.32861,1464.700928,1459.371008,0.0,1464.700928,30030.000128
247048.104794,1464.700928,1459.371008,0.0,1464.700928,30030.057472
247147.52184,1464.700928,1459.371008,0.0,1464.700928,30030.118912
247247.40403,1464.700928,1459.371008,0.0,1464.700928,30030.4384
247347.634323,1464.700928,1459.371008,0.0,1464.700928,30030.958592
247448.715215,1464.700928,1459.371008,0.0,1464.700928,30032.355328
247551.467742,1464.700928,1459.371008,0.0,1464.700928,30032.900096
247659.012757,1464.700928,1459.371008,0.0,1464.700928,30032.928768
247758.531902,1464.700928,1459.371008,0.0,1464.700928,30033.149952
247874.027206,1464.700928,1459.371008,0.0,1464.700928,30033.760256
247971.13566,1470.541824,1465.211904,0.0,1470.541824,30040.891392
248067.37251,1470.541824,1465.211904,0.0,1470.541824,30043.131904
248162.651726,1470.541824,1465.211904,0.0,1470.541824,30045.024256
248258.749075,1470.541824,1465.211904,0.0,1470.541824,30046.674944
248353.801058,1470.541824,1465.211904,0.0,1470.541824,30048.002048
248450.054286,1470.541824,1465.211904,0.0,1470.541824,30049.038336
248544.932365,1470.541824,1465.211904,0.0,1470.541824,30051.008512
248640.261684,1470.541824,1465.211904,0.0,1470.541824,30053.66272
248740.09418,1470.541824,1465.211904,0.0,1470.541824,30055.600128
248837.718408,1470.541824,1465.211904,0.0,1470.541824,30057.377792
248936.313046,1470.541824,1465.211904,0.0,1470.541824,30057.459712
249030.839721,1470.541824,1465.211904,0.0,1470.541824,30058.201088
249129.210628,1470.541824,1465.211904,0.0,1470.541824,30060.457984
249224.569478,1470.541824,1465.211904,0.0,1470.541824,30061.568
249324.56349,1470.541824,1465.211904,0.0,1470.541824,30062.759936
249422.727083,1470.541824,1465.211904,0.0,1470.541824,30063.079424
249520.05339,1470.541824,1465.211904,0.0,1470.541824,30064.652288
249615.754538,1470.541824,1465.211904,0.0,1470.541824,30065.93024
249713.735338,1470.541824,1465.211904,0.0,1470.541824,30068.002816
249809.365405,1470.541824,1465.211904,0.0,1470.541824,30069.067776
249904.514757,1470.541824,1465.211904,0.0,1470.541824,30069.94432
249999.639216,1470.541824,1465.211904,0.0,1470.541824,30071.62368
250097.684679,1470.541824,1465.211904,0.0,1470.541824,30073.294848
250195.140215,1470.541824,1465.211904,0.0,1470.541824,30075.912192
250292.599713,1470.541824,1465.211904,0.0,1470.541824,30078.13632
250389.7232,1470.541824,1465.211904,0.0,1470.541824,30079.254528
250486.752509,1470.541824,1465.211904,0.0,1470.541824,30079.16032
250581.596496,1470.541824,1465.211904,0.0,1470.541824,30081.216512
250679.350923,1470.541824,1465.211904,0.0,1470.541824,30084.063232
250774.202582,1470.541824,1465.211904,0.0,1470.541824,30089.125888
250872.235713,1470.541824,1465.211904,0.0,1470.541824,30090.489856
250971.304898,1470.541824,1465.211904,0.0,1470.541824,30090.821632
251065.886249,1470.541824,1465.211904,0.0,1470.541824,30092.02176
251163.821925,1470.541824,1465.211904,0.0,1470.541824,30095.364096
251262.217758,1470.541824,1465.211904,0.0,1470.541824,30098.059264
251357.348564,1470.541824,1465.211904,0.0,1470.541824,30100.160512
251455.288408,1470.541824,1465.211904,0.0,1470.541824,30101.532672
251550.16701,1470.541824,1465.211904,0.0,1470.541824,30103.351296
251650.713786,1470.541824,1465.211904,0.0,1470.541824,30105.432064
251748.709757,1470.541824,1465.211904,0.0,1470.541824,30107.598848
251844.494894,1470.541824,1465.211904,0.0,1470.541824,30109.933568
251944.459296,1470.541824,1465.211904,0.0,1470.541824,30110.35136
252041.993123,1470.541824,1465.211904,0.0,1470.541824,30110.814208
252139.273783,1470.541824,1465.211904,0.0,1470.541824,30112.821248
252234.368593,1470.541824,1465.211904,0.0,1470.541824,30115.504128
252332.707493,1470.541824,1465.211904,0.0,1470.541824,30117.957632
252428.204688,1470.541824,1465.211904,0.0,1470.541824,30118.744064
252525.892183,1470.541824,1465.211904,0.0,1470.541824,30119.337984
252623.734149,1470.541824,1465.211904,0.0,1470.541824,30120.300544
252718.2267,1470.541824,1465.211904,0.0,1470.541824,30122.786816
252816.516392,1470.541824,1465.211904,0.0,1470.541824,30125.121536
252912.802935,1470.541824,1465.211904,0.0,1470.541824,30126.645248
253007.940906,1470.541824,1465.211904,0.0,1470.541824,30128.635904
253103.999373,1470.541824,1465.211904,0.0,1470.541824,30130.348032
253199.566614,1470.541824,1465.211904,0.0,1470.541824,30132.79744
253296.068888,1470.541824,1465.211904,0.0,1470.541824,30134.120448
253391.227591,1470.541824,1465.211904,0.0,1470.541824,30134.771712
253487.7088,1470.541824,1465.211904,0.0,1470.541824,30135.99232
253583.01987,1470.541824,1465.211904,0.0,1470.541824,30138.14272
253680.237856,1470.541824,1465.211904,0.0,1470.541824,30138.667008
253779.954752,1470.541824,1465.211904,0.0,1470.541824,30139.101184
253881.335739,1470.541824,1465.211904,0.0,1470.541824,30139.416576
253983.863122,1470.541824,1465.211904,0.0,1470.541824,30141.612032
254082.236838,1470.541824,1465.211904,0.0,1470.541824,30143.553536
254180.8725,1470.541824,1465.211904,0.0,1470.541824,30146.338816
254280.414822,1470.541824,1465.211904,0.0,1470.541824,30148.452352
254380.419038,1470.541824,1465.211904,0.0,1470.541824,30149.943296
254480.911364,1470.541824,1465.211904,0.0,1470.541824,30149.95968
254581.966881,1470.541824,1465.211904,0.0,1470.541824,30151.213056
254685.492639,1470.541824,1465.211904,0.0,1470.541824,30152.11008
254792.853826,1470.541824,1465.211904,0.0,1470.541824,30152.654848
254893.122628,1470.541824,1465.211904,0.0,1470.541824,30155.403264
254992.691316,1470.541824,1465.211904,0.0,1470.541824,30157.234176
255089.425392,1470.541824,1465.211904,0.0,1470.541824,30158.147584
255191.91278,1470.541824,1465.211904,0.0,1470.541824,30163.730432
255287.621587,1475.7888,1470.45888,0.0,1475.7888,30168.346624
255385.923592,1475.7888,1470.45888,0.0,1475.7888,30170.251264
255481.209628,1475.7888,1470.45888,0.0,1475.7888,30171.656192
255578.780234,1475.7888,1470.45888,0.0,1475.7888,30172.438528
255677.984448,1475.7888,1470.45888,0.0,1475.7888,30174.887936
255773.123348,1475.7888,1470.45888,0.0,1475.7888,30175.62112
255870.806244,1475.7888,1470.45888,0.0,1475.7888,30176.178176
255966.91039,1475.7888,1470.45888,0.0,1475.7888,30177.206272
256062.08046,1475.7888,1470.45888,0.0,1475.7888,30177.554432
256157.878198,1475.7888,1470.45888,0.0,1475.7888,30177.779712
256253.138554,1475.7888,1470.45888,0.0,1475.7888,30178.36544
256348.982841,1475.7888,1470.45888,0.0,1475.7888,30178.869248
256444.376172,1475.7888,1470.45888,0.0,1475.7888,30179.270656
256539.921279,1475.7888,1470.45888,0.0,1475.7888,30179.827712
256637.011632,1475.7888,1470.45888,0.0,1475.7888,30181.298176
256733.845544,1475.7888,1470.45888,0.0,1475.7888,30182.42048
256828.635897,1475.7888,1470.45888,0.0,1475.7888,30184.869888
256926.106372,1475.7888,1470.45888,0.0,1475.7888,30184.955904
257023.384439,1475.7888,1470.45888,0.0,1475.7888,30186.172416
257120.641758,1475.7888,1470.45888,0.0,1475.7888,30188.425216
257217.42989,1475.7888,1470.45888,0.0,1475.7888,30190.2848
257312.524965,1475.7888,1470.45888,0.0,1475.7888,30191.562752
257410.593386,1475.7888,1470.45888,0.0,1475.7888,30193.094656
257505.527576,1475.7888,1470.45888,0.0,1475.7888,30195.052544
257603.358623,1475.7888,1470.45888,0.0,1475.7888,30196.662272
257699.348827,1475.7888,1470.45888,0.0,1475.7888,30198.513664
257794.737053,1475.7888,1470.45888,0.0,1475.7888,30199.005184
257890.275594,1475.7888,1470.45888,0.0,1475.7888,30199.087104
257987.648177,1475.7888,1470.45888,0.0,1475.7888,30199.443456
258085.297935,1475.7888,1470.45888,0.0,1475.7888,30200.64768
258179.996054,1475.7888,1470.45888,0.0,1475.7888,30202.646528
258278.122878,1475.7888,1470.45888,0.0,1475.7888,30203.797504
258373.307395,1475.7888,1470.45888,0.0,1475.7888,30204.12928
258473.372483,1475.7888,1470.45888,0.0,1475.7888,30204.833792
258571.101492,1475.7888,1470.45888,0.0,1475.7888,30205.00992
258667.430871,1475.7888,1470.45888,0.0,1475.7888,30205.517824
258762.376512,1475.7888,1470.45888,0.0,1475.7888,30206.099456
258858.643576,1475.7888,1470.45888,0.0,1475.7888,30207.246336
258954.340973,1475.7888,1470.45888,0.0,1475.7888,30207.123456
259051.017645,1475.7888,1470.45888,0.0,1475.7888,30207.328256
259146.20368,1475.7888,1470.45888,0.0,1475.7888,30208.741376
259243.174023,1475.7888,1470.45888,0.0,1475.7888,30210.236416
259338.044437,1475.7888,1470.45888,0.0,1475.7888,30212.4032
259436.079424,1475.7888,1470.45888,0.0,1475.7888,30213.476352
259530.840213,1475.7888,1470.45888,0.0,1475.7888,30215.344128
259628.592661,1475.7888,1470.45888,0.0,1475.7888,30216.208384
259724.691735,1475.7888,1470.45888,0.0,1475.7888,30216.781824
259821.400735,1475.7888,1470.45888,0.0,1475.7888,30217.961472
259920.353694,1475.7888,1470.45888,0.0,1475.7888,30219.767808
260015.911957,1475.7888,1470.45888,0.0,1475.7888,30220.967936
260113.446139,1475.7888,1470.45888,0.0,1475.7888,30222.09024
260210.849952,1475.7888,1470.45888,0.0,1475.7888,30223.581184
260305.564034,1475.7888,1470.45888,0.0,1475.7888,30223.814656
260403.645352,1475.7888,1470.45888,0.0,1475.7888,30225.727488
260498.626522,1475.7888,1470.45888,0.0,1475.7888,30227.64032
260596.616018,1475.7888,1470.45888,0.0,1475.7888,30229.7088
260693.980151,1475.7888,1470.45888,0.0,1475.7888,30230.335488
260788.510712,1475.7888,1470.45888,0.0,1475.7888,30232.297472
260886.444312,1475.7888,1470.45888,0.0,1475.7888,30233.944064
260981.274215,1475.7888,1470.45888,0.0,1475.7888,30235.680768
261078.93817,1475.7888,1470.45888,0.0,1475.7888,30237.548544
261177.25929,1475.7888,1470.45888,0.0,1475.7888,30237.360128
261274.454411,1475.7888,1470.45888,0.0,1475.7888,30236.983296
261375.750386,1475.7888,1470.45888,0.0,1475.7888,30238.02368
261478.806537,1475.7888,1470.45888,0.0,1475.7888,30237.945856
261582.653329,1475.7888,1470.45888,0.0,1475.7888,30238.78144
261681.804241,1475.7888,1470.45888,0.0,1475.7888,30239.735808
261780.031744,1475.7888,1470.45888,0.0,1475.7888,30240.80896
261877.435098,1475.7888,1470.45888,0.0,1475.7888,30240.82944
261977.541594,1475.7888,1470.45888,0.0,1475.7888,30241.292288
262077.635584,1475.7888,1470.45888,0.0,1475.7888,30242.029568
262176.5145,1475.7888,1470.45888,0.0,1475.7888,30242.873344
262275.0091,1475.7888,1470.45888,0.0,1475.7888,30244.896768
262375.492837,1475.7888,1470.45888,0.0,1475.7888,30246.141952
262475.712191,1475.7888,1470.45888,0.0,1475.7888,30247.452672
262570.145353,1481.043968,1475.714048,0.0,1481.043968,30253.719552
262666.031454,1481.043968,1475.714048,0.0,1481.043968,30254.936064
262761.596846,1481.043968,1475.714048,0.0,1481.043968,30256.652288
262857.622271,1481.043968,1475.714048,0.0,1481.043968,30257.721344
262953.419568,1481.043968,1475.714048,0.0,1481.043968,30259.0976
263049.825305,1481.043968,1475.714048,0.0,1481.043968,30260.568064
263145.222004,1481.043968,1475.714048,0.0,1481.043968,30381.252608
263242.783056,1481.043968,1475.714048,0.0,1481.043968,30362.304512
263337.496998,1481.043968,1475.714048,0.0,1481.043968,30363.144192
263435.4851,1481.043968,1475.714048,0.0,1481.043968,30363.357184
263530.77528,1481.043968,1475.714048,0.0,1481.043968,30365.380608
263628.682649,1481.043968,1475.714048,0.0,1481.043968,30365.753344
263725.995563,1481.043968,1475.714048,0.0,1481.043968,30366.400512
263820.937976,1481.043968,1475.714048,0.0,1481.043968,30368.722944
263919.146098,1481.043968,1475.714048,0.0,1481.043968,30371.201024
264014.815981,1481.043968,1475.714048,0.0,1481.043968,30370.881536
264112.161775,1481.043968,1475.714048,0.0,1481.043968,30371.033088
264209.362986,1481.043968,1475.714048,0.0,1481.043968,30371.59424
264304.275579,1481.043968,1475.714048,0.0,1481.043968,30373.076992
264405.333538,1481.043968,1475.714048,0.0,1481.043968,30372.220928
264506.1607,1481.043968,1475.714048,0.0,1481.043968,30374.088704
264604.233217,1481.043968,1475.714048,0.0,1481.043968,30375.69024
264702.973015,1481.043968,1475.714048,0.0,1481.043968,30377.070592
264798.035681,1481.043968,1475.714048,0.0,1481.043968,30377.0624
264896.154623,1481.043968,1475.714048,0.0,1481.043968,30376.812544
264991.64058,1481.043968,1475.714048,0.0,1481.043968,30377.283584
265089.08119,1481.043968,1475.714048,0.0,1481.043968,30378.799104
265185.721694,1481.043968,1475.714048,0.0,1481.043968,30379.60192
265280.810476,1481.043968,1475.714048,0.0,1481.043968,30380.638208
265380.649861,1481.043968,1475.714048,0.0,1481.043968,30382.432256
265476.731682,1481.043968,1475.714048,0.0,1481.043968,30384.607232
265572.053854,1481.043968,1475.714048,0.0,1481.043968,30385.88928
265668.372294,1481.043968,1475.714048,0.0,1481.043968,30386.655232
265763.921079,1481.043968,1475.714048,0.0,1481.043968,30387.3024
265861.058168,1481.043968,1475.714048,0.0,1481.043968,30389.194752
265956.260519,1481.043968,1475.714048,0.0,1481.043968,30390.665216
266054.298337,1481.043968,1475.714048,0.0,1481.043968,30391.312384
266149.595275,1481.043968,1475.714048,0.0,1481.043968,30391.7056
266247.539093,1481.043968,1475.714048,0.0,1481.043968,30392.795136
266344.929997,1481.043968,1475.714048,0.0,1481.043968,30394.212352
266440.019753,1481.043968,1475.714048,0.0,1481.043968,30396.669952
266538.08139,1481.043968,1475.714048,0.0,1481.043968,30398.23872
266633.44098,1481.043968,1475.714048,0.0,1481.043968,30400.299008
266730.766273,1481.043968,1475.714048,0.0,1481.043968,30402.076672
266828.165654,1481.043968,1475.714048,0.0,1481.043968,30403.567616
266923.870531,1481.043968,1475.714048,0.0,1481.043968,30405.234688
267025.645343,1481.043968,1475.714048,0.0,1481.043968,30406.250496
267123.473177,1481.043968,1475.714048,0.0,1481.043968,30407.114752
267222.509623,1481.043968,1475.714048,0.0,1481.043968,30408.310784
267316.924177,1481.043968,1475.714048,0.0,1481.043968,30409.580544
267414.806751,1481.043968,1475.714048,0.0,1481.043968,30411.415552
267510.446697,1481.043968,1475.714048,0.0,1481.043968,30413.344768
267608.308682,1481.043968,1475.714048,0.0,1481.043968,30413.856768
267706.445733,1481.043968,1475.714048,0.0,1481.043968,30414.548992
267801.810707,1481.043968,1475.714048,0.0,1481.043968,30415.945728
267899.532332,1481.043968,1475.714048,0.0,1481.043968,30417.24416
267997.057507,1481.043968,1475.714048,0.0,1481.043968,30419.410944
268091.552206,1481.043968,1475.714048,0.0,1481.043968,30421.491712
268189.674878,1481.043968,1475.714048,0.0,1481.043968,30423.605248
268284.234357,1481.043968,1475.714048,0.0,1481.043968,30424.313856
268381.863992,1481.043968,1475.714048,0.0,1481.043968,30423.650304
268478.048942,1481.043968,1475.714048,0.0,1481.043968,30423.785472
268573.389651,1481.043968,1475.714048,0.0,1481.043968,30423.789568
268669.813675,1481.043968,1475.714048,0.0,1481.043968,30424.141824
268764.893083,1481.043968,1475.714048,0.0,1481.043968,30425.890816
268861.386632,1481.043968,1475.714048,0.0,1481.043968,30427.25888
268959.82458,1481.043968,1475.714048,0.0,1481.043968,30428.901376
269060.519747,1481.043968,1475.714048,0.0,1481.043968,30430.14656
269160.531805,1481.043968,1475.714048,0.0,1481.043968,30431.797248
269264.162593,1481.043968,1475.714048,0.0,1481.043968,30431.924224
269363.523067,1481.043968,1475.714048,0.0,1481.043968,30433.01376
269462.844107,1481.043968,1475.714048,0.0,1481.043968,30434.18112
269566.058903,1481.043968,1475.714048,0.0,1481.043968,30435.352576
269667.012054,1481.043968,1475.714048,0.0,1481.043968,30437.453824
269770.61224,1481.043968,1475.714048,0.0,1481.043968,30438.490112
269869.288314,1481.043968,1475.714048,0.0,1481.043968,30439.948288
269968.164429,1481.043968,1475.714048,0.0,1481.043968,30441.12384
270068.060171,1481.043968,1475.714048,0.0,1481.043968,30442.049536
270167.990829,1481.043968,1475.714048,0.0,1481.043968,30442.356736
270268.150431,1481.043968,1475.714048,0.0,1481.043968,30442.55744
270366.547145,1486.618624,1481.288704,0.0,1486.618624,30448.766976
270462.298876,1486.618624,1481.288704,0.0,1486.618624,30450.64704
270559.842836,1486.618624,1481.288704,0.0,1486.618624,30451.765248
270657.622411,1486.618624,1481.288704,0.0,1486.618624,30451.949568
270752.473517,1486.618624,1481.288704,0.0,1486.618624,30453.321728
270851.005923,1486.618624,1481.288704,0.0,1486.618624,30454.603776
270947.859986,1486.618624,1481.288704,0.0,1486.618624,30455.984128
271042.906924,1486.618624,1481.288704,0.0,1486.618624,30457.184256
271140.340542,1486.618624,1481.288704,0.0,1486.618624,30457.204736
271235.405752,1486.618624,1481.288704,0.0,1486.618624,30457.335808
271333.612716,1486.618624,1481.288704,0.0,1486.618624,30457.765888
271429.549656,1486.618624,1481.288704,0.0,1486.618624,30458.343424
271525.089869,1486.618624,1481.288704,0.0,1486.618624,30458.310656
271620.936514,1486.618624,1481.288704,0.0,1486.618624,30458.662912
271716.453316,1486.618624,1481.288704,0.0,1486.618624,30458.966016
271812.627431,1486.618624,1481.288704,0.0,1486.618624,30460.305408
271908.261016,1486.618624,1481.288704,0.0,1486.618624,30461.595648
272004.879469,1486.618624,1481.288704,0.0,1486.618624,30461.796352
272100.089666,1486.618624,1481.288704,0.0,1486.618624,30462.889984
272196.938479,1486.618624,1481.288704,0.0,1486.618624,30463.361024
272291.99414,1486.618624,1481.288704,0.0,1486.618624,30464.294912
272389.801084,1486.618624,1481.288704,0.0,1486.618624,30465.449984
272484.691621,1486.618624,1481.288704,0.0,1486.618624,30466.854912
272582.998372,1486.618624,1481.288704,0.0,1486.618624,30467.813376
272679.665815,1486.618624,1481.288704,0.0,1486.618624,30469.267456
272774.904108,1486.618624,1481.288704,0.0,1486.618624,30471.569408
272875.992394,1486.618624,1481.288704,0.0,1486.618624,30473.498624
272973.251646,1486.618624,1481.288704,0.0,1486.618624,30474.735616
273068.244619,1486.618624,1481.288704,0.0,1486.618624,30475.800576
273166.586186,1486.618624,1481.288704,0.0,1486.618624,30476.197888
273262.226299,1486.618624,1481.288704,0.0,1486.618624,30476.705792
273359.638206,1486.618624,1481.288704,0.0,1486.618624,30477.520896
273456.981728,1486.618624,1481.288704,0.0,1486.618624,30477.733888
273551.95493,1486.618624,1481.288704,0.0,1486.618624,30478.90944
273650.417273,1486.618624,1481.288704,0.0,1486.618624,30480.666624
273746.502653,1486.618624,1481.288704,0.0,1486.618624,30482.784256
273841.947327,1486.618624,1481.288704,0.0,1486.618624,30484.119552
273937.894578,1486.618624,1481.288704,0.0,1486.618624,30484.865024
274033.447162,1486.618624,1481.288704,0.0,1486.618624,30485.020672
274129.465787,1486.618624,1481.288704,0.0,1486.618624,30485.118976
274225.006087,1486.618624,1481.288704,0.0,1486.618624,30485.458944
274324.00171,1486.618624,1481.288704,0.0,1486.618624,30485.876736
274418.42521,1486.618624,1481.288704,0.0,1486.618624,30486.528
274516.51584,1486.618624,1481.288704,0.0,1486.618624,30488.481792
274612.116241,1486.618624,1481.288704,0.0,1486.618624,30489.915392
274709.493822,1486.618624,1481.288704,0.0,1486.618624,30490.505216
274807.651959,1486.618624,1481.288704,0.0,1486.618624,30491.262976
274902.441096,1486.618624,1481.288704,0.0,1486.618624,30492.106752
275000.335922,1486.618624,1481.288704,0.0,1486.618624,30493.114368
275096.505383,1486.618624,1481.288704,0.0,1486.618624,30494.183424
275191.874673,1486.618624,1481.288704,0.0,1486.618624,30494.879744
275288.546226,1486.618624,1481.288704,0.0,1486.618624,30496.436224
275383.889107,1486.618624,1481.288704,0.0,1486.618624,30497.193984
275481.199392,1486.618624,1481.288704,0.0,1486.618624,30498.131968
275576.233697,1486.618624,1481.288704,0.0,1486.618624,30498.676736
275678.131765,1486.618624,1481.288704,0.0,1486.618624,30499.160064
275780.485256,1486.618624,1481.288704,0.0,1486.618624,30499.844096
275880.431879,1486.618624,1481.288704,0.0,1486.618624,30500.458496
275980.957774,1486.618624,1481.288704,0.0,1486.618624,30500.806656
276081.601587,1486.618624,1481.288704,0.0,1486.618624,30503.026688
276181.763244,1486.618624,1481.288704,0.0,1486.618624,30505.046016
276281.941206,1486.618624,1481.288704,0.0,1486.618624,30506.635264
276383.594051,1486.618624,1481.288704,0.0,1486.618624,30508.470272
276486.537048,1486.618624,1481.288704,0.0,1486.618624,30509.58848
276590.52473,1486.618624,1481.288704,0.0,1486.618624,30510.047232
276689.409098,1486.618624,1481.288704,0.0,1486.618624,30511.04256
276788.376245,1486.618624,1481.288704,0.0,1486.618624,30512.574464
276887.878405,1486.618624,1481.288704,0.0,1486.618624,30513.2544
276987.656702,1486.618624,1481.288704,0.0,1486.618624,30514.057216
277087.829741,1486.618624,1481.288704,0.0,1486.618624,30514.573312
277185.724249,1491.451904,1486.121984,0.0,1491.451904,30520.741888
277281.179216,1491.451904,1486.121984,0.0,1491.451904,30522.92096
277379.160767,1491.451904,1486.121984,0.0,1491.451904,30524.772352
277478.805301,1491.451904,1486.121984,0.0,1491.451904,30524.985344
277575.025717,1491.451904,1486.121984,0.0,1491.451904,30525.251584
277670.885228,1491.451904,1486.121984,0.0,1491.451904,30525.620224
277767.870615,1491.451904,1486.121984,0.0,1491.451904,30526.201856
277863.002838,1491.451904,1486.121984,0.0,1491.451904,30526.676992
277961.212888,1491.451904,1486.121984,0.0,1491.451904,30526.717952
278056.327848,1491.451904,1486.121984,0.0,1491.451904,30528.638976
278154.131577,1491.451904,1486.121984,0.0,1491.451904,30529.298432
278250.963936,1491.451904,1486.121984,0.0,1491.451904,30529.654784
278346.319977,1491.451904,1486.121984,0.0,1491.451904,30531.878912
278443.923422,1491.451904,1486.121984,0.0,1491.451904,30533.746688
278538.915409,1491.451904,1486.121984,0.0,1491.451904,30535.4752
278637.051203,1491.451904,1486.121984,0.0,1491.451904,30536.84736
278732.854424,1491.451904,1486.121984,0.0,1491.451904,30537.76896
278828.46258,1491.451904,1486.121984,0.0,1491.451904,30538.174464
278924.100487,1491.451904,1486.121984,0.0,1491.451904,30539.341824
279019.776675,1491.451904,1486.121984,0.0,1491.451904,30541.668352
279115.710528,1491.451904,1486.121984,0.0,1491.451904,30544.048128
279211.118316,1491.451904,1486.121984,0.0,1491.451904,30545.731584
279306.857817,1491.451904,1486.121984,0.0,1491.451904,30547.030016
279404.176809,1491.451904,1486.121984,0.0,1491.451904,30548.865024
279502.348952,1491.451904,1486.121984,0.0,1491.451904,30550.335488
279597.254343,1491.451904,1486.121984,0.0,1491.451904,30552.625152
279697.336843,1491.451904,1486.121984,0.0,1491.451904,30553.120768
279795.947382,1491.451904,1486.121984,0.0,1491.451904,30553.329664
279892.897638,1491.451904,1486.121984,0.0,1491.451904,30555.189248
279988.200873,1491.451904,1486.121984,0.0,1491.451904,30555.4432
280086.09836,1491.451904,1486.121984,0.0,1491.451904,30557.167616
280180.913587,1491.451904,1486.121984,0.0,1491.451904,30558.777344
280279.033858,1491.451904,1486.121984,0.0,1491.451904,30558.9248
280374.867642,1491.451904,1486.121984,0.0,1491.451904,30560.059392
280470.531085,1491.451904,1486.121984,0.0,1491.451904,30562.091008
280566.013557,1491.451904,1486.121984,0.0,1491.451904,30563.504128
280663.334228,1491.451904,1486.121984,0.0,1491.451904,30565.199872
280760.699479,1491.451904,1486.121984,0.0,1491.451904,30566.912
280855.731288,1491.451904,1486.121984,0.0,1491.451904,30567.837696
280954.042395,1491.451904,1486.121984,0.0,1491.451904,30567.452672
281049.952796,1491.451904,1486.121984,0.0,1491.451904,30568.26368
281147.421842,1491.451904,1486.121984,0.0,1491.451904,30568.275968
281245.466753,1491.451904,1486.121984,0.0,1491.451904,30568.849408
281340.313266,1491.451904,1486.121984,0.0,1491.451904,30570.217472
281438.40274,1491.451904,1486.121984,0.0,1491.451904,30572.228608
281534.777179,1491.451904,1486.121984,0.0,1491.451904,30574.354432
281629.987033,1491.451904,1486.121984,0.0,1491.451904,30575.263744
281726.565671,1491.451904,1486.121984,0.0,1491.451904,30577.291264
281822.187618,1491.451904,1486.121984,0.0,1491.451904,30577.7664
281920.249232,1491.451904,1486.121984,0.0,1491.451904,30578.814976
282015.048896,1491.451904,1486.121984,0.0,1491.451904,30580.723712
282112.98006,1491.451904,1486.121984,0.0,1491.451904,30581.407744
282208.917228,1491.451904,1486.121984,0.0,1491.451904,30581.743616
282304.406286,1491.451904,1486.121984,0.0,1491.451904,30582.525952
282400.370223,1491.451904,1486.121984,0.0,1491.451904,30582.816768
282495.869422,1491.451904,1486.121984,0.0,1491.451904,30583.865344
282591.87516,1491.451904,1486.121984,0.0,1491.451904,30585.110528
282687.514211,1491.451904,1486.121984,0.0,1491.451904,30586.73664
282783.902877,1491.451904,1486.121984,0.0,1491.451904,30588.94848
282881.571641,1491.451904,1486.121984,0.0,1491.451904,30589.91104
282985.396541,1491.451904,1486.121984,0.0,1491.451904,30592.36864
283086.9062,1491.451904,1486.121984,0.0,1491.451904,30592.864256
283187.854051,1491.451904,1486.121984,0.0,1491.451904,30593.921024
283286.510143,1491.451904,1486.121984,0.0,1491.451904,30595.866624
283386.959741,1491.451904,1486.121984,0.0,1491.451904,30597.865472
283486.768303,1491.451904,1486.121984,0.0,1491.451904,30599.753728
283586.68886,1491.451904,1486.121984,0.0,1491.451904,30600.503296
283691.053975,1491.451904,1486.121984,0.0,1491.451904,30600.572928
283791.895722,1491.451904,1486.121984,0.0,1491.451904,30600.556544
283893.102537,1491.451904,1486.121984,0.0,1491.451904,30601.621504
283993.746271,1491.451904,1486.121984,0.0,1491.451904,30602.932224
284092.783861,1491.451904,1486.121984,0.0,1491.451904,30609.719296
284213.674263,1491.451904,1486.121984,0.0,1491.451904,30609.649664
284311.519079,1496.4736,1491.14368,0.0,1496.4736,30615.642112
284407.869068,1496.4736,1491.14368,0.0,1496.4736,30617.980928
284503.35107,1496.4736,1491.14368,0.0,1496.4736,30618.27584
284600.561184,1496.4736,1491.14368,0.0,1496.4736,30620.393472
284695.970449,1496.4736,1491.14368,0.0,1496.4736,30622.773248
284794.272161,1496.4736,1491.14368,0.0,1496.4736,30624.866304
284890.738955,1496.4736,1491.14368,0.0,1496.4736,30625.992704
284986.188787,1496.4736,1491.14368,0.0,1496.4736,30627.115008
285082.544128,1496.4736,1491.14368,0.0,1496.4736,30629.10976
285178.122886,1496.4736,1491.14368,0.0,1496.4736,30631.059456
285275.418876,1496.4736,1491.14368,0.0,1496.4736,30640.910336
285370.706417,1496.4736,1491.14368,0.0,1496.4736,30777.884672
285469.036922,1496.4736,1491.14368,0.0,1496.4736,30734.7456
285565.049372,1496.4736,1491.14368,0.0,1496.4736,30735.450112
285660.710035,1496.4736,1491.14368,0.0,1496.4736,30737.3056
285757.134923,1496.4736,1491.14368,0.0,1496.4736,30738.579456
285852.561435,1496.4736,1491.14368,0.0,1496.4736,30740.414464
285949.234746,1496.4736,1491.14368,0.0,1496.4736,30741.213184
286044.590723,1496.4736,1491.14368,0.0,1496.4736,30741.757952
286142.17564,1496.4736,1491.14368,0.0,1496.4736,30744.141824
286237.051692,1496.4736,1491.14368,0.0,1496.4736,30744.715264
286335.130408,1496.4736,1491.14368,0.0,1496.4736,30746.80832
286430.784987,1496.4736,1491.14368,0.0,1496.4736,30748.921856
286528.610531,1496.4736,1491.14368,0.0,1496.4736,30749.3888
286626.916678,1496.4736,1491.14368,0.0,1496.4736,30750.183424
286722.248983,1496.4736,1491.14368,0.0,1496.4736,30751.338496
286819.767869,1496.4736,1491.14368,0.0,1496.4736,30753.120256
286916.889908,1496.4736,1491.14368,0.0,1496.4736,30754.996224
287011.85184,1496.4736,1491.14368,0.0,1496.4736,30756.184064
287110.624913,1496.4736,1491.14368,0.0,1496.4736,30756.655104
287207.077858,1496.4736,1491.14368,0.0,1496.4736,30756.827136
287302.655562,1496.4736,1491.14368,0.0,1496.4736,30757.318656
287399.529651,1496.4736,1491.14368,0.0,1496.4736,30757.195776
287494.758921,1496.4736,1491.14368,0.0,1496.4736,30757.605376
287592.957924,1496.4736,1491.14368,0.0,1496.4736,30758.178816
287691.153975,1496.4736,1491.14368,0.0,1496.4736,30760.36608
287786.686556,1496.4736,1491.14368,0.0,1496.4736,30761.705472
287884.184943,1496.4736,1491.14368,0.0,1496.4736,30763.54048
287979.375958,1496.4736,1491.14368,0.0,1496.4736,30764.490752
288077.582153,1496.4736,1491.14368,0.0,1496.4736,30765.58848
288173.947032,1496.4736,1491.14368,0.0,1496.4736,30766.288896
288269.390367,1496.4736,1491.14368,0.0,1496.4736,30767.32928
288365.6281,1496.4736,1491.14368,0.0,1496.4736,30767.783936
288461.218413,1496.4736,1491.14368,0.0,1496.4736,30768.300032
288558.0725,1496.4736,1491.14368,0.0,1496.4736,30768.275456
288653.456341,1496.4736,1491.14368,0.0,1496.4736,30768.590848
288751.411948,1496.4736,1491.14368,0.0,1496.4736,30768.869376
288846.005387,1496.4736,1491.14368,0.0,1496.4736,30768.889856
288944.428233,1496.4736,1491.14368,0.0,1496.4736,30769.123328
289041.587991,1496.4736,1491.14368,0.0,1496.4736,30770.700288
289136.769103,1496.4736,1491.14368,0.0,1496.4736,30772.3264
289235.304692,1496.4736,1491.14368,0.0,1496.4736,30774.317056
289330.511569,1496.4736,1491.14368,0.0,1496.4736,30775.025664
289428.094998,1496.4736,1491.14368,0.0,1496.4736,30776.434688
289524.810829,1496.4736,1491.14368,0.0,1496.4736,30776.786944
289619.929251,1496.4736,1491.14368,0.0,1496.4736,30777.15968
289717.750142,1496.4736,1491.14368,0.0,1496.4736,30778.908672
289815.247671,1496.4736,1491.14368,0.0,1496.4736,30779.686912
289913.155818,1496.4736,1491.14368,0.0,1496.4736,30782.021632
290013.503813,1496.4736,1491.14368,0.0,1496.4736,30784.028672
290114.113872,1496.4736,1491.14368,0.0,1496.4736,30785.306624
290216.472701,1496.4736,1491.14368,0.0,1496.4736,30787.280896
290320.223326,1496.4736,1491.14368,0.0,1496.4736,30788.702208
290424.452972,1496.4736,1491.14368,0.0,1496.4736,30789.124096
290523.704233,1496.4736,1491.14368,0.0,1496.4736,30789.30432
290622.044202,1496.4736,1491.14368,0.0,1496.4736,30790.086656
290719.961841,1496.4736,1491.14368,0.0,1496.4736,30789.844992
290819.968324,1496.4736,1491.14368,0.0,1496.4736,30790.086656
290921.013983,1496.4736,1491.14368,0.0,1496.4736,30791.49568
291021.551779,1496.4736,1491.14368,0.0,1496.4736,30792.74496
291124.814779,1496.4736,1491.14368,0.0,1496.4736,30794.559488
291222.326447,1501.437952,1496.108032,0.0,1501.437952,30801.420288
291320.439782,1501.437952,1496.108032,0.0,1501.437952,30802.952192
291415.272712,1501.437952,1496.108032,0.0,1501.437952,30804.590592
291513.313278,1501.437952,1496.108032,0.0,1501.437952,30805.8112
291609.672862,1501.437952,1496.108032,0.0,1501.437952,30806.573056
291705.093024,1501.437952,1496.108032,0.0,1501.437952,30807.035904
291802.547921,1501.437952,1496.108032,0.0,1501.437952,30807.855104
291897.510779,1501.437952,1496.108032,0.0,1501.437952,30809.165824
291995.94744,1501.437952,1496.108032,0.0,1501.437952,30810.238976
292091.10885,1501.437952,1496.108032,0.0,1501.437952,30810.386432
292189.014524,1501.437952,1496.108032,0.0,1501.437952,30809.821184
292286.706379,1501.437952,1496.108032,0.0,1501.437952,30810.574848
292381.405343,1501.437952,1496.108032,0.0,1501.437952,30810.796032
292479.576272,1501.437952,1496.108032,0.0,1501.437952,30811.475968
292574.81347,1501.437952,1496.108032,0.0,1501.437952,30812.389376
292672.745835,1501.437952,1496.108032,0.0,1501.437952,30814.08512
292770.247682,1501.437952,1496.108032,0.0,1501.437952,30816.391168
292865.375751,1501.437952,1496.108032,0.0,1501.437952,30818.004992
292962.208193,1501.437952,1496.108032,0.0,1501.437952,30819.328
293057.095468,1501.437952,1496.108032,0.0,1501.437952,30819.774464
293155.191962,1501.437952,1496.108032,0.0,1501.437952,30820.671488
293250.670906,1501.437952,1496.108032,0.0,1501.437952,30822.273024
293350.098384,1501.437952,1496.108032,0.0,1501.437952,30822.363136
293448.119629,1501.437952,1496.108032,0.0,1501.437952,30823.718912
293544.791941,1501.437952,1496.108032,0.0,1501.437952,30825.418752
293639.957705,1501.437952,1496.108032,0.0,1501.437952,30826.708992
293736.864734,1501.437952,1496.108032,0.0,1501.437952,30828.822528
293831.917447,1501.437952,1496.108032,0.0,1501.437952,30828.552192
293929.801165,1501.437952,1496.108032,0.0,1501.437952,30829.162496
294024.405463,1501.437952,1496.108032,0.0,1501.437952,30831.39072
294122.488535,1501.437952,1496.108032,0.0,1501.437952,30832.910336
294218.578266,1501.437952,1496.108032,0.0,1501.437952,30833.491968
294313.944477,1501.437952,1496.108032,0.0,1501.437952,30835.2
294410.289243,1501.437952,1496.108032,0.0,1501.437952,30835.359744
294505.906783,1501.437952,1496.108032,0.0,1501.437952,30835.601408
294602.749415,1501.437952,1496.108032,0.0,1501.437952,30836.03968
294697.789971,1501.437952,1496.108032,0.0,1501.437952,30837.338112
294795.187889,1501.437952,1496.108032,0.0,1501.437952,30836.895744
294895.485274,1501.437952,1496.108032,0.0,1501.437952,30838.480896
294990.442709,1501.437952,1496.108032,0.0,1501.437952,30839.97184
295088.454359,1501.437952,1496.108032,0.0,1501.437952,30841.7536
295183.162704,1501.437952,1496.108032,0.0,1501.437952,30842.646528
295282.192523,1501.437952,1496.108032,0.0,1501.437952,30840.827904
295379.998534,1501.437952,1496.108032,0.0,1501.437952,30841.290752
295474.753683,1501.437952,1496.108032,0.0,1501.437952,30842.773504
295572.722075,1501.437952,1496.108032,0.0,1501.437952,30843.457536
295671.480455,1501.437952,1496.108032,0.0,1501.437952,30844.358656
295766.378137,1501.437952,1496.108032,0.0,1501.437952,30845.423616
295864.551643,1501.437952,1496.108032,0.0,1501.437952,30845.530112
295959.834501,1501.437952,1496.108032,0.0,1501.437952,30847.197184
296057.457335,1501.437952,1496.108032,0.0,1501.437952,30848.987136
296154.640056,1501.437952,1496.108032,0.0,1501.437952,30850.899968
296250.091267,1501.437952,1496.108032,0.0,1501.437952,30852.386816
296348.228704,1501.437952,1496.108032,0.0,1501.437952,30854.418432
296444.152731,1501.437952,1496.108032,0.0,1501.437952,30854.508544
296541.684528,1501.437952,1496.108032,0.0,1501.437952,30855.7824
296640.519567,1501.437952,1496.108032,0.0,1501.437952,30857.068544
296736.797243,1501.437952,1496.108032,0.0,1501.437952,30859.030528
296832.437685,1501.437952,1496.108032,0.0,1501.437952,30860.505088
296929.240098,1501.437952,1496.108032,0.0,1501.437952,30862.47936
297024.698887,1501.437952,1496.108032,0.0,1501.437952,30864.318464
297122.869325,1501.437952,1496.108032,0.0,1501.437952,30865.584128
297218.585122,1501.437952,1496.108032,0.0,1501.437952,30867.8656
297315.961911,1501.437952,1496.108032,0.0,1501.437952,30869.311488
297413.9312,1501.437952,1496.108032,0.0,1501.437952,30871.973888
297508.772079,1501.437952,1496.108032,0.0,1501.437952,30873.74336
297606.952793,1501.437952,1496.108032,0.0,1501.437952,30874.722304
297703.432634,1501.437952,1496.108032,0.0,1501.437952,30875.5456
297800.184588,1501.437952,1496.108032,0.0,1501.437952,30877.032448
297905.988241,1501.437952,1496.108032,0.0,1501.437952,30877.659136
298005.110618,1501.437952,1496.108032,0.0,1501.437952,30877.827072
298104.234697,1501.437952,1496.108032,0.0,1501.437952,30877.88032
298204.570722,1501.437952,1496.108032,0.0,1501.437952,30878.72
298304.807147,1501.437952,1496.108032,0.0,1501.437952,30879.760384
298405.097234,1501.437952,1496.108032,0.0,1501.437952,30881.742848
298506.90364,1501.437952,1496.108032,0.0,1501.437952,30884.265984
298610.395915,1501.437952,1496.108032,0.0,1501.437952,30886.285312
298716.433849,1501.437952,1496.108032,0.0,1501.437952,30888.849408
298817.568136,1501.437952,1496.108032,0.0,1501.437952,30889.938944
298918.749634,1501.437952,1496.108032,0.0,1501.437952,30891.515904
299019.076527,1501.437952,1496.108032,0.0,1501.437952,30893.654016
299119.23536,1501.437952,1496.108032,0.0,1501.437952,30894.542848
299218.762432,1501.437952,1496.108032,0.0,1501.437952,30894.813184
299314.944284,1507.319808,1501.989888,0.0,1507.319808,30902.525952
299410.232908,1507.319808,1501.989888,0.0,1507.319808,30903.693312
299506.445756,1507.319808,1501.989888,0.0,1507.319808,30904.70912
299601.652173,1507.319808,1501.989888,0.0,1507.319808,30905.024512
299700.696753,1507.319808,1501.989888,0.0,1507.319808,30906.576896
299795.750015,1507.319808,1501.989888,0.0,1507.319808,30907.51488
299893.665619,1507.319808,1501.989888,0.0,1507.319808,30908.465152
299991.325912,1507.319808,1501.989888,0.0,1507.319808,30908.628992
300087.102206,1507.319808,1501.989888,0.0,1507.319808,30910.83264
300185.015619,1507.319808,1501.989888,0.0,1507.319808,30912.659456
300280.48465,1507.319808,1501.989888,0.0,1507.319808,31023.501312
300378.290774,1507.319808,1501.989888,0.0,1507.319808,31014.01088
300475.762749,1507.319808,1501.989888,0.0,1507.319808,31015.522304
300571.031219,1507.319808,1501.989888,0.0,1507.319808,31016.218624
300671.159656,1507.319808,1501.989888,0.0,1507.319808,31016.337408
300771.902673,1507.319808,1501.989888,0.0,1507.319808,31016.20224
300870.438208,1507.319808,1501.989888,0.0,1507.319808,31016.820736
300966.206388,1507.319808,1501.989888,0.0,1507.319808,31017.136128
301063.938538,1507.319808,1501.989888,0.0,1507.319808,31018.561536
301162.090676,1507.319808,1501.989888,0.0,1507.319808,31020.09344
301257.218762,1507.319808,1501.989888,0.0,1507.319808,31022.075904
301355.066718,1507.319808,1501.989888,0.0,1507.319808,31023.456256
301452.155893,1507.319808,1501.989888,0.0,1507.319808,31024.66048
301547.301681,1507.319808,1501.989888,0.0,1507.319808,31024.893952
301645.344301,1507.319808,1501.989888,0.0,1507.319808,31025.156096
301740.454518,1507.319808,1501.989888,0.0,1507.319808,31026.511872
301838.192334,1507.319808,1501.989888,0.0,1507.319808,31027.712
301935.478604,1507.319808,1501.989888,0.0,1507.319808,31029.06368
302030.47723,1507.319808,1501.989888,0.0,1507.319808,31030.669312
302128.839996,1507.319808,1501.989888,0.0,1507.319808,31032.389632
302224.246564,1507.319808,1501.989888,0.0,1507.319808,31032.946688
302321.861362,1507.319808,1501.989888,0.0,1507.319808,31034.167296
302419.658111,1507.319808,1501.989888,0.0,1507.319808,31035.691008
302514.972637,1507.319808,1501.989888,0.0,1507.319808,31037.423616
302612.991504,1507.319808,1501.989888,0.0,1507.319808,31038.476288
302709.727254,1507.319808,1501.989888,0.0,1507.319808,31039.803392
302805.283461,1507.319808,1501.989888,0.0,1507.319808,31041.024
302902.350353,1507.319808,1501.989888,0.0,1507.319808,31042.142208
302997.516428,1507.319808,1501.989888,0.0,1507.319808,31043.11296
303095.768741,1507.319808,1501.989888,0.0,1507.319808,31043.653632
303190.90017,1507.319808,1501.989888,0.0,1507.319808,31044.083712
303288.953163,1507.319808,1501.989888,0.0,1507.319808,31044.333568
303386.629215,1507.319808,1501.989888,0.0,1507.319808,31044.624384
303481.618998,1507.319808,1501.989888,0.0,1507.319808,31044.890624
303579.704613,1507.319808,1501.989888,0.0,1507.319808,31044.857856
303680.230941,1507.319808,1501.989888,0.0,1507.319808,31045.804032
303776.028104,1507.319808,1501.989888,0.0,1507.319808,31047.008256
303871.783208,1507.319808,1501.989888,0.0,1507.319808,31048.798208
303967.855639,1507.319808,1501.989888,0.0,1507.319808,31050.625024
304063.464611,1507.319808,1501.989888,0.0,1507.319808,31051.657216
304163.066578,1507.319808,1501.989888,0.0,1507.319808,31052.468224
304258.591113,1507.319808,1501.989888,0.0,1507.319808,31053.717504
304358.543759,1507.319808,1501.989888,0.0,1507.319808,31053.832192
304457.104824,1507.319808,1501.989888,0.0,1507.319808,31055.020032
304554.52802,1507.319808,1501.989888,0.0,1507.319808,31056.109568
304650.09625,1507.319808,1501.989888,0.0,1507.319808,31056.842752
304748.497386,1507.319808,1501.989888,0.0,1507.319808,31058.694144
304845.248639,1507.319808,1501.989888,0.0,1507.319808,31059.972096
304940.856342,1507.319808,1501.989888,0.0,1507.319808,31061.696512
305039.339305,1507.319808,1501.989888,0.0,1507.319808,31062.474752
305134.755175,1507.319808,1501.989888,0.0,1507.319808,31063.384064
305232.71205,1507.319808,1501.989888,0.0,1507.319808,31063.79776
305330.461196,1507.319808,1501.989888,0.0,1507.319808,31064.65792
305425.346761,1507.319808,1501.989888,0.0,1507.319808,31064.858624
305523.893462,1507.319808,1501.989888,0.0,1507.319808,31065.88672
305620.198844,1507.319808,1501.989888,0.0,1507.319808,31066.492928
305715.73106,1507.319808,1501.989888,0.0,1507.319808,31068.434432
305812.398236,1507.319808,1501.989888,0.0,1507.319808,31070.3104
305907.948967,1507.319808,1501.989888,0.0,1507.319808,31071.772672
306005.299705,1507.319808,1501.989888,0.0,1507.319808,31072.968704
306100.635311,1507.319808,1501.989888,0.0,1507.319808,31078.0928
306199.379152,1507.319808,1501.989888,0.0,1507.319808,31080.443904
306298.42076,1507.319808,1501.989888,0.0,1507.319808,31082.496
306393.648818,1507.319808,1501.989888,0.0,1507.319808,31083.659264
306491.822643,1507.319808,1501.989888,0.0,1507.319808,31085.740032
306588.024419,1507.319808,1501.989888,0.0,1507.319808,31087.194112
306688.108857,1507.319808,1501.989888,0.0,1507.319808,31089.19296
306791.283243,1507.319808,1501.989888,0.0,1507.319808,31090.868224
306895.700797,1507.319808,1501.989888,0.0,1507.319808,31091.515392
306996.452267,1507.319808,1501.989888,0.0,1507.319808,31092.137984
307097.331294,1507.319808,1501.989888,0.0,1507.319808,31093.219328
307196.821474,1507.319808,1501.989888,0.0,1507.319808,31093.235712
307295.26382,1507.319808,1501.989888,0.0,1507.319808,31093.32992
307392.852853,1507.319808,1501.989888,0.0,1507.319808,31093.747712
307493.245203,1507.319808,1501.989888,0.0,1507.319808,31094.910976
307596.609975,1507.319808,1501.989888,0.0,1507.319808,31095.361536
307701.704863,1507.319808,1501.989888,0.0,1507.319808,31097.208832
307802.76488,1507.319808,1501.989888,0.0,1507.319808,31098.187776
307904.124661,1507.319808,1501.989888,0.0,1507.319808,31099.973632
308004.588721,1507.319808,1501.989888,0.0,1507.319808,31099.551744
308106.345667,1507.319808,1501.989888,0.0,1507.319808,31101.857792
308205.802662,1513.705472,1508.375552,0.0,1513.705472,31106.977792
308303.69636,1513.705472,1508.375552,0.0,1513.705472,31108.407296
308398.918661,1513.705472,1508.375552,0.0,1513.705472,31109.300224
308497.267337,1513.705472,1508.375552,0.0,1513.705472,31109.87776
308594.539833,1513.705472,1508.375552,0.0,1513.705472,31110.291456
308692.458697,1513.705472,1508.375552,0.0,1513.705472,31110.47168
308789.689917,1513.705472,1508.375552,0.0,1513.705472,31111.12704
308887.171898,1513.705472,1508.375552,0.0,1513.705472,31111.643136
308982.601255,1513.705472,1508.375552,0.0,1513.705472,31112.810496
309080.957788,1513.705472,1508.375552,0.0,1513.705472,31114.17856
309177.698793,1513.705472,1508.375552,0.0,1513.705472,31115.845632
309273.218147,1513.705472,1508.375552,0.0,1513.705472,31116.9024
309371.414237,1513.705472,1508.375552,0.0,1513.705472,31118.495744
309466.588945,1513.705472,1508.375552,0.0,1513.705472,31119.122432
309564.663116,1513.705472,1508.375552,0.0,1513.705472,31119.491072
309661.715714,1513.705472,1508.375552,0.0,1513.705472,31120.764928
309757.085152,1513.705472,1508.375552,0.0,1513.705472,31121.457152
309855.746763,1513.705472,1508.375552,0.0,1513.705472,31123.329024
309951.62534,1513.705472,1508.375552,0.0,1513.705472,31124.574208
310047.466219,1513.705472,1508.375552,0.0,1513.705472,31126.34368
310143.965066,1513.705472,1508.375552,0.0,1513.705472,31127.7568
310240.349969,1513.705472,1508.375552,0.0,1513.705472,31129.063424
310338.61456,1513.705472,1508.375552,0.0,1513.705472,31130.292224
310434.266631,1513.705472,1508.375552,0.0,1513.705472,31132.299264
310532.070711,1513.705472,1508.375552,0.0,1513.705472,31133.884416
310630.512987,1513.705472,1508.375552,0.0,1513.705472,31134.88384
310726.5758,1513.705472,1508.375552,0.0,1513.705472,31135.58016
310822.586173,1513.705472,1508.375552,0.0,1513.705472,31137.44384
310919.779978,1513.705472,1508.375552,0.0,1513.705472,31138.295808
311014.98515,1513.705472,1508.375552,0.0,1513.705472,31139.995648
311113.564958,1513.705472,1508.375552,0.0,1513.705472,31141.76512
311209.374986,1513.705472,1508.375552,0.0,1513.705472,31143.48544
311307.03317,1513.705472,1508.375552,0.0,1513.705472,31145.53344
311405.574668,1513.705472,1508.375552,0.0,1513.705472,31146.848256
311501.461505,1513.705472,1508.375552,0.0,1513.705472,31147.02848
311597.517131,1513.705472,1508.375552,0.0,1513.705472,31147.175936
311696.898727,1513.705472,1508.375552,0.0,1513.705472,31147.753472
311792.15616,1513.705472,1508.375552,0.0,1513.705472,31147.958272
311890.067849,1513.705472,1508.375552,0.0,1513.705472,31149.080576
311987.269303,1513.705472,1508.375552,0.0,1513.705472,31150.739456
312082.609092,1513.705472,1508.375552,0.0,1513.705472,31152.96768
312180.867298,1513.705472,1508.375552,0.0,1513.705472,31155.326976
312276.932645,1513.705472,1508.375552,0.0,1513.705472,31170.47808
312373.130082,1513.705472,1508.375552,0.0,1513.705472,31322.017792
312470.219737,1513.705472,1508.375552,0.0,1513.705472,31257.038848
312565.384728,1513.705472,1508.375552,0.0,1513.705472,31258.27584
312664.186728,1513.705472,1508.375552,0.0,1513.705472,31259.83232
312760.250325,1513.705472,1508.375552,0.0,1513.705472,31261.437952
312855.969942,1513.705472,1508.375552,0.0,1513.705472,31263.019008
312952.731454,1513.705472,1508.375552,0.0,1513.705472,31264.362496
313048.453054,1513.705472,1508.375552,0.0,1513.705472,31264.182272
313146.665627,1513.705472,1508.375552,0.0,1513.705472,31264.231424
313241.85039,1513.705472,1508.375552,0.0,1513.705472,31265.120256
313342.232599,1513.705472,1508.375552,0.0,1513.705472,31266.340864
313440.690101,1513.705472,1508.375552,0.0,1513.705472,31267.86048
313538.034032,1513.705472,1508.375552,0.0,1513.705472,31267.770368
313636.677812,1513.705472,1508.375552,0.0,1513.705472,31268.016128
313735.043084,1513.705472,1508.375552,0.0,1513.705472,31269.240832
313837.859362,1513.705472,1508.375552,0.0,1513.705472,31269.49888
313936.172194,1513.705472,1508.375552,0.0,1513.705472,31270.93248
314038.232987,1513.705472,1508.375552,0.0,1513.705472,31272.0384
314144.224445,1513.705472,1508.375552,0.0,1513.705472,31273.725952
314248.252132,1513.705472,1508.375552,0.0,1513.705472,31276.711936
314349.486157,1513.705472,1508.375552,0.0,1513.705472,31278.514176
314451.01912,1513.705472,1508.375552,0.0,1513.705472,31281.127424
314551.050206,1513.705472,1508.375552,0.0,1513.705472,31282.331648
314651.787352,1513.705472,1508.375552,0.0,1513.705472,31283.28192
314755.073604,1513.705472,1508.375552,0.0,1513.705472,31284.908032
314857.960566,1513.705472,1508.375552,0.0,1513.705472,31286.665216
314960.040825,1513.705472,1508.375552,0.0,1513.705472,31288.139776
315067.772224,1513.725952,1508.396032,0.0,1513.725952,31290.59328
315163.858561,1513.725952,1508.396032,0.0,1513.725952,31291.6992
315260.8063,1513.725952,1508.396032,0.0,1513.725952,31291.662336
315356.266768,1513.725952,1508.396032,0.0,1513.725952,31292.526592
315454.323388,1513.725952,1508.396032,0.0,1513.725952,31292.649472
315549.152178,1513.725952,1508.396032,0.0,1513.725952,31294.820352
315650.030537,1513.725952,1508.396032,0.0,1513.725952,31296.638976
315748.111298,1513.725952,1508.396032,0.0,1513.725952,31298.015232
315845.268369,1513.725952,1508.396032,0.0,1513.725952,31299.518464
315940.474275,1513.725952,1508.396032,0.0,1513.725952,31300.58752
316038.680408,1513.725952,1508.396032,0.0,1513.725952,31301.214208
316134.000901,1513.725952,1508.396032,0.0,1513.725952,31305.179136
316232.334462,1513.725952,1508.396032,0.0,1513.725952,31305.773056
316330.399152,1513.725952,1508.396032,0.0,1513.725952,31306.727424
316425.556598,1513.725952,1508.396032,0.0,1513.725952,31308.169216
316524.1015,1513.725952,1508.396032,0.0,1513.725952,31309.889536
316621.09554,1513.725952,1508.396032,0.0,1513.725952,31311.527936
316716.273845,1513.725952,1508.396032,0.0,1513.725952,31313.035264
316814.470447,1513.725952,1508.396032,0.0,1513.725952,31315.193856
316909.651749,1513.725952,1508.396032,0.0,1513.725952,31317.962752
317010.307714,1513.725952,1508.396032,0.0,1513.725952,31319.642112
317108.474165,1513.725952,1508.396032,0.0,1513.725952,31321.485312
317205.594814,1513.725952,1508.396032,0.0,1513.725952,31324.069888
317300.908425,1513.725952,1508.396032,0.0,1513.725952,31323.889664
317399.279367,1513.725952,1508.396032,0.0,1513.725952,31324.3648
317495.047087,1513.725952,1508.396032,0.0,1513.725952,31324.721152
317592.646247,1513.725952,1508.396032,0.0,1513.725952,31324.987392
317690.575696,1513.725952,1508.396032,0.0,1513.725952,31325.794304
317785.369917,1513.725952,1508.396032,0.0,1513.725952,31325.528064
317883.38244,1513.725952,1508.396032,0.0,1513.725952,31326.253056
317979.707554,1513.725952,1508.396032,0.0,1513.725952,31326.097408
318075.53769,1513.725952,1508.396032,0.0,1513.725952,31326.728192
318172.753713,1513.725952,1508.396032,0.0,1513.725952,31326.662656
318267.832071,1513.725952,1508.396032,0.0,1513.725952,31328.325632
318366.272837,1513.725952,1508.396032,0.0,1513.725952,31329.107968
318461.891774,1513.725952,1508.396032,0.0,1513.725952,31330.930688
318559.681246,1513.725952,1508.396032,0.0,1513.725952,31332.483072
318657.531915,1513.725952,1508.396032,0.0,1513.725952,31334.121472
318752.568973,1513.725952,1508.396032,0.0,1513.725952,31334.465536
318850.539607,1513.725952,1508.396032,0.0,1513.725952,31336.656896
318949.226812,1513.725952,1508.396032,0.0,1513.725952,31337.709568
319044.09167,1513.725952,1508.396032,0.0,1513.725952,31337.603072
319142.164982,1513.725952,1508.396032,0.0,1513.725952,31337.6768
319237.57153,1513.725952,1508.396032,0.0,1513.725952,31339.2128
319334.781442,1513.725952,1508.396032,0.0,1513.725952,31340.720128
319431.835445,1513.725952,1508.396032,0.0,1513.725952,31341.83424
319527.062912,1513.725952,1508.396032,0.0,1513.725952,31342.3872
319625.607529,1513.725952,1508.396032,0.0,1513.725952,31343.218688
319721.196741,1513.725952,1508.396032,0.0,1513.725952,31344.98816
319818.708092,1513.725952,1508.396032,0.0,1513.725952,31346.372608
319919.220546,1513.725952,1508.396032,0.0,1513.725952,31348.256768
320016.902324,1513.725952,1508.396032,0.0,1513.725952,31350.247424
320111.802293,1513.725952,1508.396032,0.0,1513.725952,31350.657024
320212.518767,1513.725952,1508.396032,0.0,1513.725952,31350.76352
320310.913805,1513.725952,1508.396032,0.0,1513.725952,31351.005184
320407.138618,1513.725952,1508.396032,0.0,1513.725952,31352.659968
320507.916053,1513.725952,1508.396032,0.0,1513.725952,31353.401344
320603.565526,1513.725952,1508.396032,0.0,1513.725952,31355.37152
320700.906082,1513.725952,1508.396032,0.0,1513.725952,31357.177856
320798.60115,1513.725952,1508.396032,0.0,1513.725952,31359.127552
320899.187814,1513.725952,1508.396032,0.0,1513.725952,31361.306624
320997.213492,1513.725952,1508.396032,0.0,1513.725952,31362.473984
321099.356734,1513.725952,1508.396032,0.0,1513.725952,31364.145152
321197.866855,1513.725952,1508.396032,0.0,1513.725952,31428.235264
321294.793813,1513.725952,1508.396032,0.0,1513.725952,31464.316928
321392.153354,1513.725952,1508.396032,0.0,1513.725952,31464.382464
321492.409197,1513.725952,1508.396032,0.0,1513.725952,31464.828928
321590.81295,1513.725952,1508.396032,0.0,1513.725952,31465.218048
321690.143714,1513.725952,1508.396032,0.0,1513.725952,31466.446848
321788.724093,1513.725952,1508.396032,0.0,1513.725952,31468.167168
321883.923956,1513.725952,1508.396032,0.0,1513.725952,31469.2608
321982.48135,1513.725952,1508.396032,0.0,1513.725952,31471.620096
322083.246468,1513.725952,1508.396032,0.0,1513.725952,31473.225728
322181.089678,1513.725952,1508.396032,0.0,1513.725952,31473.872896
322280.434388,1513.725952,1508.396032,0.0,1513.725952,31473.93024
322384.912604,1513.725952,1508.396032,0.0,1513.725952,31475.482624
322485.305182,1513.725952,1508.396032,0.0,1513.725952,31476.862976
322586.973597,1513.725952,1508.396032,0.0,1513.725952,31478.489088
322688.249296,1513.725952,1508.396032,0.0,1513.725952,31480.58624
322786.567699,1513.725952,1508.396032,0.0,1513.725952,31482.085376
322885.982696,1513.725952,1508.396032,0.0,1513.725952,31483.584512
322989.372062,1513.725952,1508.396032,0.0,1513.725952,31485.169664
323086.658261,1513.725952,1508.396032,0.0,1513.725952,31486.287872
323188.625123,1513.725952,1508.396032,0.0,1513.725952,31487.721472
323290.918852,1513.725952,1508.396032,0.0,1513.725952,31489.380352
323393.967283,1513.725952,1508.396032,0.0,1513.725952,31489.82272
323494.595943,1519.853568,1514.523648,0.0,1519.853568,31496.634368
323594.191356,1519.853568,1514.523648,0.0,1519.853568,31497.510912
323693.016204,1519.853568,1514.523648,0.0,1519.853568,31497.965568
323790.499483,1519.853568,1514.523648,0.0,1519.853568,31500.754944
323891.150776,1519.853568,1514.523648,0.0,1519.853568,31502.401536
323991.015464,1519.853568,1514.523648,0.0,1519.853568,31503.33952
324093.373323,1519.853568,1514.523648,0.0,1519.853568,31504.15872
324194.085476,1519.853568,1514.523648,0.0,1519.853568,31506.071552
324291.781131,1519.853568,1514.523648,0.0,1519.853568,31508.393984
324392.681408,1519.853568,1514.523648,0.0,1519.853568,31510.60992
324494.269088,1519.853568,1514.523648,0.0,1519.853568,31512.195072
324592.910317,1519.853568,1514.523648,0.0,1519.853568,31513.530368
324692.722607,1519.853568,1514.523648,0.0,1519.853568,31514.308608
324791.598782,1519.853568,1514.523648,0.0,1519.853568,31515.992064
324889.325465,1519.853568,1514.523648,0.0,1519.853568,31515.983872
324986.894873,1519.853568,1514.523648,0.0,1519.853568,31518.199808
325084.754825,1519.853568,1514.523648,0.0,1519.853568,31520.182272
325179.952628,1519.853568,1514.523648,0.0,1519.853568,31520.985088
325278.310199,1519.853568,1514.523648,0.0,1519.853568,31522.67264
325375.524723,1519.853568,1514.523648,0.0,1519.853568,31523.913728
325472.995682,1519.853568,1514.523648,0.0,1519.853568,31525.482496
325573.696701,1519.853568,1514.523648,0.0,1519.853568,31526.035456
325675.050456,1519.853568,1514.523648,0.0,1519.853568,31527.038976
325770.930473,1519.853568,1514.523648,0.0,1519.853568,31528.624128
325867.210454,1519.853568,1514.523648,0.0,1519.853568,31530.160128
325963.149403,1519.853568,1514.523648,0.0,1519.853568,31531.175936
326060.510948,1519.853568,1514.523648,0.0,1519.853568,31533.121536
326155.469831,1519.853568,1514.523648,0.0,1519.853568,31534.514176
326255.94159,1519.853568,1514.523648,0.0,1519.853568,31536.099328
326353.677803,1519.853568,1514.523648,0.0,1519.853568,31537.47968
326449.073296,1519.853568,1514.523648,0.0,1519.853568,31537.934336
326547.191256,1519.853568,1514.523648,0.0,1519.853568,31539.335168
326644.018053,1519.853568,1514.523648,0.0,1519.853568,31541.567488
326739.612333,1519.853568,1514.523648,0.0,1519.853568,31543.15264
326839.708676,1519.853568,1514.523648,0.0,1519.853568,31545.167872
326937.432212,1519.853568,1514.523648,0.0,1519.853568,31546.642432
327035.642436,1519.853568,1514.523648,0.0,1519.853568,31548.153856
327131.189397,1519.853568,1514.523648,0.0,1519.853568,31550.099456
327228.036138,1519.853568,1514.523648,0.0,1519.853568,31550.533632
327323.566531,1519.853568,1514.523648,0.0,1519.853568,31551.049728
327421.582162,1519.853568,1514.523648,0.0,1519.853568,31551.737856
327516.673721,1519.853568,1514.523648,0.0,1519.853568,31552.335872
327615.246392,1519.853568,1514.523648,0.0,1519.853568,31553.499136
327715.095632,1519.853568,1514.523648,0.0,1519.853568,31554.932736
327811.476697,1519.853568,1514.523648,0.0,1519.853568,31556.284416
327907.217112,1519.853568,1514.523648,0.0,1519.853568,31557.65248
328011.009514,1519.853568,1514.523648,0.0,1519.853568,31559.471104
328112.898277,1519.853568,1514.523648,0.0,1519.853568,31561.510912
328210.32188,1519.853568,1514.523648,0.0,1519.853568,31563.534336
328307.999175,1519.853568,1514.523648,0.0,1519.853568,31565.25056
328403.189929,1519.853568,1514.523648,0.0,1519.853568,31565.737984
328503.981817,1519.853568,1514.523648,0.0,1519.853568,31566.979072
328602.547468,1519.853568,1514.523648,0.0,1519.853568,31568.551936
328703.720576,1519.853568,1514.523648,0.0,1519.853568,31569.567744
328803.849319,1519.853568,1514.523648,0.0,1519.853568,31572.013056
328902.218575,1519.853568,1514.523648,0.0,1519.853568,31574.376448
329005.228009,1519.853568,1514.523648,0.0,1519.853568,31575.486464
329103.158216,1519.853568,1514.523648,0.0,1519.853568,31577.296896
329208.924232,1519.853568,1514.523648,0.0,1519.853568,31579.42272
329312.759176,1519.853568,1514.523648,0.0,1519.853568,31581.761536
329414.574163,1519.853568,1514.523648,0.0,1519.853568,31583.023104
329513.452251,1519.853568,1514.523648,0.0,1519.853568,31584.247808
329614.236172,1519.853568,1514.523648,0.0,1519.853568,31585.107968
329717.588632,1519.853568,1514.523648,0.0,1519.853568,31586.144256
329816.445798,1519.853568,1514.523648,0.0,1519.853568,31588.110336
329922.082722,1519.853568,1514.523648,0.0,1519.853568,31588.855808
330025.598313,1519.853568,1514.523648,0.0,1519.853568,31589.486592
330128.184068,1519.853568,1514.523648,0.0,1519.853568,31591.071744
330227.083674,1524.65408,1519.32416,0.0,1524.65408,31597.191168
330328.326994,1524.65408,1519.32416,0.0,1524.65408,31599.108096
330427.071641,1524.65408,1519.32416,0.0,1524.65408,31600.88576
330523.653526,1524.65408,1519.32416,0.0,1524.65408,31603.458048
330619.153607,1524.65408,1519.32416,0.0,1524.65408,31605.628928
330722.411523,1524.65408,1519.32416,0.0,1524.65408,31607.054336
330824.562,1524.65408,1519.32416,0.0,1524.65408,31608.680448
330924.69575,1524.65408,1519.32416,0.0,1524.65408,31610.630144
331022.571005,1524.65408,1519.32416,0.0,1524.65408,31611.22816
331120.995383,1524.65408,1519.32416,0.0,1524.65408,31612.346368
331216.225831,1524.65408,1519.32416,0.0,1524.65408,31613.231104
331314.417022,1524.65408,1519.32416,0.0,1524.65408,31613.485056
331411.542368,1524.65408,1519.32416,0.0,1524.65408,31615.995904
331507.575358,1524.65408,1519.32416,0.0,1524.65408,31673.368576
331606.346316,1524.65408,1519.32416,0.0,1524.65408,31689.957376
331707.673243,1524.65408,1519.32416,0.0,1524.65408,31691.272192
331805.395102,1524.65408,1519.32416,0.0,1524.65408,31693.725696
331900.727936,1524.65408,1519.32416,0.0,1524.65408,31695.822848
332001.60641,1524.65408,1519.32416,0.0,1524.65408,31697.985536
332099.744635,1524.65408,1519.32416,0.0,1524.65408,31700.897792
332196.191405,1524.65408,1519.32416,0.0,1524.65408,31701.897216
332292.19352,1524.65408,1519.32416,0.0,1524.65408,31704.43264
332392.794666,1524.65408,1519.32416,0.0,1524.65408,31707.38176
332490.704552,1524.65408,1519.32416,0.0,1524.65408,31708.647424
332589.160633,1524.65408,1519.32416,0.0,1524.65408,31710.240768
332684.764866,1524.65408,1519.32416,0.0,1524.65408,31711.551488
332785.162907,1524.65408,1519.32416,0.0,1524.65408,31713.492992
332888.835853,1524.65408,1519.32416,0.0,1524.65408,31716.622336
332990.020343,1524.65408,1519.32416,0.0,1524.65408,31717.126144
333090.841137,1524.65408,1519.32416,0.0,1524.65408,31717.84704
333188.175326,1524.65408,1519.32416,0.0,1524.65408,31719.796736
333288.502397,1524.65408,1519.32416,0.0,1524.65408,31721.467904
333385.537958,1524.65408,1519.32416,0.0,1524.65408,31722.385408
333481.017485,1524.65408,1519.32416,0.0,1524.65408,31722.74176
333582.62516,1524.65408,1519.32416,0.0,1524.65408,31723.778048
333681.701006,1524.65408,1519.32416,0.0,1524.65408,31726.395392
333781.601888,1524.65408,1519.32416,0.0,1524.65408,31727.828992
333881.279119,1524.65408,1519.32416,0.0,1524.65408,31730.253824
333976.781447,1524.65408,1519.32416,0.0,1524.65408,31732.568064
334075.006366,1524.65408,1519.32416,0.0,1524.65408,31735.17312
334173.801031,1524.65408,1519.32416,0.0,1524.65408,31736.89344
334269.868969,1524.65408,1519.32416,0.0,1524.65408,31739.060224
334365.686809,1524.65408,1519.32416,0.0,1524.65408,31740.43648
334462.681486,1524.65408,1519.32416,0.0,1524.65408,31741.394944
334558.221783,1524.65408,1519.32416,0.0,1524.65408,31744.208896
334656.643178,1524.65408,1519.32416,0.0,1524.65408,31745.994752
334758.124349,1524.65408,1519.32416,0.0,1524.65408,31747.244032
334859.848617,1524.65408,1519.32416,0.0,1524.65408,31747.567616
334963.150207,1524.65408,1519.32416,0.0,1524.65408,31749.337088
335061.667368,1524.65408,1519.32416,0.0,1524.65408,31751.487488
335159.745563,1524.65408,1519.32416,0.0,1524.65408,31754.039296
335254.545519,1524.65408,1519.32416,0.0,1524.65408,31756.197888
335352.768323,1524.65408,1519.32416,0.0,1524.65408,31759.060992
335449.501161,1524.65408,1519.32416,0.0,1524.65408,31761.276928
335550.161372,1524.65408,1519.32416,0.0,1524.65408,31762.419712
335647.074611,1524.65408,1519.32416,0.0,1524.65408,31763.664896
335749.911155,1524.65408,1519.32416,0.0,1524.65408,31766.040576
335853.429085,1524.65408,1519.32416,0.0,1524.65408,31767.924736
335951.28166,1524.65408,1519.32416,0.0,1524.65408,31798.857728
336056.812455,1524.65408,1519.32416,0.0,1524.65408,31801.614336
336164.441953,1524.65408,1519.32416,0.0,1524.65408,31802.53184
336267.158874,1524.65408,1519.32416,0.0,1524.65408,31803.666432
336365.953651,1524.65408,1519.32416,0.0,1524.65408,31804.592128
336464.883855,1524.65408,1519.32416,0.0,1524.65408,31805.734912
336564.769579,1524.65408,1519.32416,0.0,1524.65408,31807.901696
336665.725776,1524.65408,1519.32416,0.0,1524.65408,31809.142784
336766.070538,1524.65408,1519.32416,0.0,1524.65408,31811.387392
336869.416795,1524.65408,1519.32416,0.0,1524.65408,31812.431872
336970.544702,1524.65408,1519.32416,0.0,1524.65408,31814.275072
337072.558083,1524.65408,1519.32416,0.0,1524.65408,31816.245248
337170.591527,1529.643008,1524.313088,0.0,1529.643008,31824.539648
337268.675781,1529.643008,1524.313088,0.0,1529.643008,31826.763776
337367.258351,1529.643008,1524.313088,0.0,1529.643008,31828.353024
337462.440384,1529.643008,1524.313088,0.0,1529.643008,31828.742144
337560.325514,1529.643008,1524.313088,0.0,1529.643008,31829.475328
337659.926352,1529.643008,1524.313088,0.0,1529.643008,31830.781952
337755.600913,1529.643008,1524.313088,0.0,1529.643008,31831.769088
337853.140964,1529.643008,1524.313088,0.0,1529.643008,31833.309184
337951.296373,1529.643008,1524.313088,0.0,1529.643008,31836.041216
338046.472911,1529.643008,1524.313088,0.0,1529.643008,31838.179328
338144.726525,1529.643008,1524.313088,0.0,1529.643008,31840.198656
338242.004433,1529.643008,1524.313088,0.0,1529.643008,31843.147776
338337.131763,1529.643008,1524.313088,0.0,1529.643008,31844.74112
338435.873856,1529.643008,1524.313088,0.0,1529.643008,31847.399424
338532.138974,1529.643008,1524.313088,0.0,1529.643008,31849.254912
338627.686287,1529.643008,1524.313088,0.0,1529.643008,31850.528768
338724.717032,1529.643008,1524.313088,0.0,1529.643008,31851.106304
338820.165347,1529.643008,1524.313088,0.0,1529.643008,31852.9536
338918.255169,1529.643008,1524.313088,0.0,1529.643008,31855.644672
339013.748505,1529.643008,1524.313088,0.0,1529.643008,31829.757952
339111.997928,1529.643008,1524.313088,0.0,1529.643008,31911.366656
339209.982207,1529.643008,1524.313088,0.0,1529.643008,31839.760384
339304.948322,1529.643008,1524.313088,0.0,1529.643008,31841.959936
339403.057846,1529.643008,1524.313088,0.0,1529.643008,31843.495936
339500.003746,1529.643008,1524.313088,0.0,1529.643008,31844.159488
339601.520079,1529.643008,1524.313088,0.0,1529.643008,31846.797312
339697.045259,1529.643008,1524.313088,0.0,1529.643008,31848.81664
339795.418081,1529.643008,1524.313088,0.0,1529.643008,31851.8272
339891.695774,1529.643008,1524.313088,0.0,1529.643008,31853.002752
339987.260623,1529.643008,1524.313088,0.0,1529.643008,31854.641152
340084.302437,1529.643008,1524.313088,0.0,1529.643008,31856.959488
340180.014881,1529.643008,1524.313088,0.0,1529.643008,31979.02848
340278.525658,1529.643008,1524.313088,0.0,1529.643008,31947.964416
340374.544968,1529.643008,1524.313088,0.0,1529.643008,31949.824
340470.308759,1529.643008,1524.313088,0.0,1529.643008,31951.499264
340566.74808,1529.643008,1524.313088,0.0,1529.643008,31953.567744
340663.847782,1529.643008,1524.313088,0.0,1529.643008,31955.664896
340762.558824,1529.643008,1524.313088,0.0,1529.643008,32018.833408
340859.208306,1529.643008,1524.313088,0.0,1529.643008,31955.247104
340956.481718,1529.643008,1524.313088,0.0,1529.643008,31954.436096
341053.96941,1529.643008,1524.313088,0.0,1529.643008,31954.132992
341149.958553,1529.643008,1524.313088,0.0,1529.643008,31954.640896
341249.43263,1529.643008,1524.313088,0.0,1529.643008,31954.624512
341347.878514,1529.643008,1524.313088,0.0,1529.643008,31954.608128
341445.776304,1529.643008,1524.313088,0.0,1529.643008,31954.337792
341540.721197,1529.643008,1524.313088,0.0,1529.643008,31954.055168
341639.128657,1529.643008,1524.313088,0.0,1529.643008,31954.038784
341738.442748,1529.643008,1524.313088,0.0,1529.643008,31953.846272
341833.590941,1529.643008,1524.313088,0.0,1529.643008,31953.833984
341934.248985,1529.643008,1524.313088,0.0,1529.643008,31954.08384
342036.481971,1529.643008,1524.313088,0.0,1529.643008,31953.760256
342135.930948,1529.643008,1524.313088,0.0,1529.643008,31954.0224
342237.229089,1529.643008,1524.313088,0.0,1529.643008,31954.026496
342335.748662,1529.643008,1524.313088,0.0,1529.643008,31954.214912
342439.135328,1529.643008,1524.313088,0.0,1529.643008,31957.676032
342543.817891,1529.643008,1524.312064,0.0,1529.643008,31959.916544
342647.1504,1529.643008,1524.313088,0.0,1529.643008,31956.39808
342751.153796,1529.643008,1524.313088,0.0,1529.643008,31956.443136
342856.219083,1529.643008,1524.313088,0.0,1529.643008,31956.23424
342962.945901,1529.643008,1524.313088,0.0,1529.643008,31956.21376
343065.87237,1529.643008,1524.313088,0.0,1529.643008,31955.632128
343165.620803,1529.643008,1524.313088,0.0,1529.643008,31955.615744
343266.281024,1529.643008,1524.313088,0.0,1529.643008,31955.611648
343368.96258,1529.643008,1524.313088,0.0,1529.643008,31955.718144
343468.416178,1529.643008,1524.313088,0.0,1529.643008,31955.70176
343573.194706,1529.643008,1524.313088,0.0,1529.643008,31956.185088
343679.486644,1529.643008,1524.313088,0.0,1529.643008,31955.816448
343784.040761,1529.643008,1524.313088,0.0,1529.643008,31956.062208
343902.765432,1529.643008,1524.313088,0.0,1529.643008,31956.291584
344000.445906,1529.655296,1524.325376,0.0,1529.655296,31956.299776
344098.902256,1529.655296,1524.325376,0.0,1529.655296,31956.2752
344198.996301,1529.655296,1524.325376,0.0,1529.655296,31956.258816
344294.686456,1529.655296,1524.325376,0.0,1529.655296,31956.238336
344395.829815,1529.655296,1524.325376,0.0,1529.655296,31956.226048
344494.220159,1529.655296,1524.325376,0.0,1529.655296,31956.209664
344595.300338,1529.655296,1524.325376,0.0,1529.655296,31956.19328
344695.867401,1529.655296,1524.325376,0.0,1529.655296,31955.951616
344794.381641,1529.655296,1524.325376,0.0,1529.655296,31956.123648
344891.650854,1529.655296,1524.325376,0.0,1529.655296,31955.562496
344987.042926,1529.655296,1524.325376,0.0,1529.655296,31955.808256
345088.196152,1529.655296,1524.325376,0.0,1529.655296,31955.791872
345186.692666,1529.655296,1524.325376,0.0,1529.655296,31956.037632
345283.718902,1529.655296,1524.325376,0.0,1529.655296,31956.021248
345385.229085,1529.655296,1524.325376,0.0,1529.655296,31956.262912
345482.691841,1529.655296,1524.325376,0.0,1529.655296,31956.115456
345580.130815,1529.655296,1524.325376,0.0,1529.655296,31956.094976
345683.263064,1529.655296,1524.325376,0.0,1529.655296,31956.340736
345781.290578,1529.655296,1524.325376,0.0,1529.655296,31956.324352
345880.93066,1529.655296,1524.325376,0.0,1529.655296,31956.570112
345977.046761,1529.655296,1524.325376,0.0,1529.655296,31956.176896
346074.613795,1529.655296,1524.325376,0.0,1529.655296,31955.611648
346173.132196,1529.655296,1524.325376,0.0,1529.655296,31955.587072
346268.84298,1529.655296,1524.325376,0.0,1529.655296,31955.570688
346366.550887,1529.655296,1524.325376,0.0,1529.655296,31955.31264
346464.879479,1529.655296,1524.325376,0.0,1529.655296,31955.5584
346563.839488,1529.655296,1524.325376,0.0,1529.655296,31955.542016
346664.630831,1529.655296,1524.325376,0.0,1529.655296,31955.468288
346760.407599,1529.655296,1524.325376,0.0,1529.655296,31955.714048
346863.857786,1529.655296,1524.325376,0.0,1529.655296,31955.80416
346960.753872,1529.655296,1524.325376,0.0,1529.655296,31955.787776
347058.792517,1529.655296,1524.325376,0.0,1529.655296,31955.771392
347153.875676,1529.655296,1524.325376,0.0,1529.655296,31955.64032
347254.626818,1529.655296,1524.325376,0.0,1529.655296,31955.623936
347356.406499,1529.655296,1524.325376,0.0,1529.655296,31955.607552
347456.60456,1529.655296,1524.325376,0.0,1529.655296,31955.853312
347555.684914,1529.655296,1524.325376,0.0,1529.655296,31955.836928
347658.146857,1529.655296,1524.325376,0.0,1529.655296,31955.820544
347756.588452,1529.655296,1524.325376,0.0,1529.655296,31955.80416
347854.099528,1529.655296,1524.325376,0.0,1529.655296,31955.787776
347953.272089,1529.655296,1524.325376,0.0,1529.655296,31955.771392
348048.951458,1529.655296,1524.325376,0.0,1529.655296,31955.49696
348151.95601,1529.655296,1524.325376,0.0,1529.655296,31955.480576
348254.355306,1529.655296,1524.325376,0.0,1529.655296,31955.464192
348356.064633,1529.655296,1524.325376,0.0,1529.655296,31955.709952
348451.69091,1529.655296,1524.325376,0.0,1529.655296,31955.693568
348548.867208,1529.655296,1524.325376,0.0,1529.655296,31955.677184
348646.924289,1529.655296,1524.325376,0.0,1529.655296,31955.6608
348744.950705,1529.655296,1524.325376,0.0,1529.655296,31955.644416
348847.598933,1529.655296,1524.325376,0.0,1529.655296,31955.890176
348947.733289,1529.655296,1524.325376,0.0,1529.655296,31955.873792
349046.297727,1529.655296,1524.325376,0.0,1529.655296,31956.11136
349144.206888,1529.655296,1524.325376,0.0,1529.655296,31956.094976
349239.262157,1529.655296,1524.325376,0.0,1529.655296,31956.078592
349340.418093,1529.655296,1524.325376,0.0,1529.655296,31955.82464
349438.614585,1529.655296,1524.325376,0.0,1529.655296,31955.78368
349535.66044,1529.655296,1524.325376,0.0,1529.655296,31957.942272
349630.975834,1529.655296,1524.325376,0.0,1529.655296,31957.925888
349732.272982,1529.655296,1524.325376,0.0,1529.655296,31957.868544
349836.627278,1529.655296,1524.325376,0.0,1529.655296,31957.85216
349937.91322,1529.655296,1524.325376,0.0,1529.655296,31957.815296
350042.005072,1529.655296,1524.325376,0.0,1529.655296,31957.52448
350141.506752,1529.655296,1524.325376,0.0,1529.655296,31957.495808
350241.045742,1529.655296,1524.325376,0.0,1529.655296,31957.479424
350339.401737,1529.655296,1524.325376,0.0,1529.655296,31957.46304
350439.440896,1529.655296,1524.325376,0.0,1529.655296,31957.446656
350540.918706,1529.655296,1524.325376,0.0,1529.655296,31957.430272
350648.762147,1529.655296,1524.325376,0.0,1529.655296,31957.413888
350754.565138,1529.655296,1524.325376,0.0,1529.655296,31957.659648
350854.374418,1529.655296,1524.325376,0.0,1529.655296,31956.574208
350958.634585,1529.655296,1524.325376,0.0,1529.655296,31955.668992
351056.168393,1529.655296,1524.325376,0.0,1529.655296,31956.385792
351156.341242,1529.655296,1524.325376,0.0,1529.655296,31956.598784
351254.064356,1530.998784,1529.658368,0.0,1530.998784,31962.25536
351351.462104,1535.111168,1529.781248,0.0,1535.111168,31961.972736
351447.06759,1535.77472,1530.4448,0.0,1535.77472,31962.64448
351545.272158,1535.77472,1530.4448,0.0,1535.77472,31962.89024
351647.080062,1535.77472,1530.4448,0.0,1535.77472,31962.873856
351745.903057,1535.77472,1530.4448,0.0,1535.77472,31962.615808
351847.15689,1535.77472,1530.4448,0.0,1535.77472,31962.861568
351942.938979,1535.77472,1530.4448,0.0,1535.77472,31963.107328
352042.804805,1535.77472,1530.4448,0.0,1535.77472,31963.090944
352140.663517,1535.77472,1530.4448,0.0,1535.77472,31962.816512
352243.306298,1535.77472,1530.4448,0.0,1535.77472,31962.800128
352341.537707,1535.77472,1530.4448,0.0,1535.77472,31962.783744
352438.554932,1535.77472,1530.4448,0.0,1535.77472,31962.76736
352533.87188,1535.77472,1530.4448,0.0,1535.77472,31962.492928
352634.360594,1535.77472,1530.4448,0.0,1535.77472,31962.476544
352731.730196,1535.77472,1530.4448,0.0,1535.77472,31962.693632
352826.685962,1535.77472,1530.4448,0.0,1535.77472,31962.877952
352925.017284,1535.77472,1530.4448,0.0,1535.77472,31962.394624
353020.904845,1535.77472,1530.4448,0.0,1535.77472,31962.120192
353116.872056,1535.77472,1530.4448,0.0,1535.77472,31961.939968
353213.689649,1535.77472,1530.4448,0.0,1535.77472,31962.185728
353309.078987,1535.77472,1530.4448,0.0,1535.77472,31961.9072
353406.515123,1535.77472,1530.4448,0.0,1535.77472,31962.15296
353501.536761,1535.77472,1530.4448,0.0,1535.77472,31961.878528
353600.460998,1535.77472,1530.4448,0.0,1535.77472,31962.124288
353697.357728,1535.77472,1530.4448,0.0,1535.77472,31961.84576
353792.249383,1535.77472,1530.4448,0.0,1535.77472,31962.09152
353889.237037,1535.77472,1530.4448,0.0,1535.77472,31962.33728
353984.442163,1535.77472,1530.4448,0.0,1535.77472,31962.58304
354085.327286,1535.77472,1530.4448,0.0,1535.77472,31961.874432
354183.624307,1535.77472,1530.4448,0.0,1535.77472,31961.849856
354285.284584,1535.77472,1530.4448,0.0,1535.77472,31963.807744
354381.343063,1535.77472,1530.4448,0.0,1535.77472,31963.799552
354477.004041,1535.77472,1530.4448,0.0,1535.77472,31963.52512
354573.640891,1535.77472,1530.4448,0.0,1535.77472,31963.77088
354670.824225,1535.77472,1530.4448,0.0,1535.77472,31963.742208
354768.833968,1535.77472,1530.4448,0.0,1535.77472,31963.459584
354865.621296,1535.77472,1530.4448,0.0,1535.77472,31963.4432
354961.048999,1535.77472,1530.4448,0.0,1535.77472,31963.475968
355058.838418,1535.77472,1530.4448,0.0,1535.77472,31963.459584
355153.858433,1535.77472,1530.4448,0.0,1535.77472,31963.701248
355252.102297,1535.77472,1530.4448,0.0,1535.77472,31963.160576
355351.339562,1535.77472,1530.4448,0.0,1535.77472,31963.406336
355449.228978,1535.77472,1530.4448,0.0,1535.77472,31963.389952
355544.501035,1535.77472,1530.4448,0.0,1535.77472,31963.111424
355643.382014,1535.77472,1530.4448,0.0,1535.77472,31962.836992
355738.42507,1535.77472,1530.4448,0.0,1535.77472,31963.3408
355836.989095,1535.77472,1530.4448,0.0,1535.77472,31963.062272
355934.025887,1535.77472,1530.4448,0.0,1535.77472,31963.308032
356029.343644,1535.77472,1530.4448,0.0,1535.77472,31963.553792
356130.007127,1535.77472,1530.4448,0.0,1535.77472,31963.275264
356228.788447,1535.77472,1530.4448,0.0,1535.77472,31963.52512
356329.616631,1535.77472,1530.4448,0.0,1535.77472,31962.46016
356425.611134,1535.77472,1530.4448,0.0,1535.77472,31962.963968
356521.374083,1535.77472,1530.4448,0.0,1535.77472,31962.68544
356618.097924,1535.77472,1530.4448,0.0,1535.77472,31962.9312
356713.689858,1535.77472,1530.4448,0.0,1535.77472,31962.652672
356811.245885,1535.77472,1530.4448,0.0,1535.77472,31962.640384
356906.274244,1535.77472,1530.4448,0.0,1535.77472,31963.140096
357004.531719,1535.77472,1530.4448,0.0,1535.77472,31963.385856
357100.407105,1535.77472,1530.4448,0.0,1535.77472,31963.107328
357198.333422,1535.77472,1530.4448,0.0,1535.77472,31963.353088
357296.844723,1535.77472,1530.4448,0.0,1535.77472,31963.07456
357392.736772,1535.77472,1530.4448,0.0,1535.77472,31963.32032
357488.882774,1535.77472,1530.4448,0.0,1535.77472,31963.049984
357585.70812,1535.77472,1530.4448,0.0,1535.77472,31963.295744
357681.097347,1535.77472,1530.4448,0.0,1535.77472,31963.27936
357781.149818,1535.77472,1530.4448,0.0,1535.77472,31963.004928
357880.707392,1535.77472,1530.4448,0.0,1535.77472,31962.988544
357976.43816,1535.77472,1530.4448,0.0,1535.77472,31963.230208
358074.021085,1535.77472,1530.4448,0.0,1535.77472,31963.213824
358172.465147,1535.77472,1530.4448,0.0,1535.77472,31963.19744
358267.755136,1535.77472,1530.4448,0.0,1535.77472,31963.181056
358365.885068,1535.77472,1530.4448,0.0,1535.77472,31963.164672
358463.639819,1535.77472,1530.4448,0.0,1535.77472,31963.148288
358558.460448,1535.77472,1530.4448,0.0,1535.77472,31963.131904
358656.733804,1535.77472,1530.4448,0.0,1535.77472,31963.11552
358752.449366,1535.77472,1530.4448,0.0,1535.77472,31962.832896
358849.91041,1535.77472,1530.4448,0.0,1535.77472,31963.070464
358947.510375,1535.77472,1530.4448,0.0,1535.77472,31963.578368
359042.449047,1535.77472,1530.4448,0.0,1535.77472,31962.78784
359140.606423,1535.77472,1530.4448,0.0,1535.77472,31962.509312
359236.472752,1535.77472,1530.4448,0.0,1535.77472,31962.755072
359334.762671,1535.77472,1530.4448,0.0,1535.77472,31962.476544
359437.796479,1535.77472,1530.4448,0.0,1535.77472,31962.722304
359540.186694,1535.77472,1530.4448,0.0,1535.77472,31965.237248
359640.417263,1535.77472,1530.4448,0.0,1535.77472,31964.954624
359739.017825,1535.77472,1530.4448,0.0,1535.77472,31964.803072
359839.611724,1535.77472,1530.4448,0.0,1535.77472,31964.782592
359940.392427,1535.77472,1530.4448,0.0,1535.77472,31964.73344
360041.068838,1535.77472,1530.4448,0.0,1535.77472,31964.966912
360144.387587,1535.77472,1530.4448,0.0,1535.77472,31964.69248
360249.649961,1535.77472,1530.4448,0.0,1535.77472,31964.942336
360349.846123,1535.77472,1530.4448,0.0,1535.77472,31964.663808
360451.641268,1535.77472,1530.4448,0.0,1535.77472,31964.655616
360550.18358,1535.77472,1530.4448,0.0,1535.77472,31965.417472
360647.807289,1535.77472,1530.4448,0.0,1535.77472,31965.405184
360747.77396,1535.77472,1530.4448,0.0,1535.77472,31965.30688
360845.203351,1542.909952,1537.580032,0.0,1542.909952,31972.970496
360942.109452,1542.909952,1537.580032,0.0,1542.909952,31973.117952
361037.736306,1542.909952,1537.580032,0.0,1542.909952,31973.629952
361136.118803,1542.909952,1537.580032,0.0,1542.909952,31973.35552
361232.111293,1542.909952,1537.580032,0.0,1542.909952,31973.761024
361329.958482,1542.909952,1537.580032,0.0,1542.909952,31973.482496
361428.776973,1542.909952,1537.580032,0.0,1542.909952,31973.318656
361531.35304,1542.909952,1537.580032,0.0,1542.909952,31973.101568
361632.878942,1542.909952,1537.580032,0.0,1542.909952,31973.347328
361731.257149,1542.909952,1537.580032,0.0,1542.909952,31973.0688
361827.489237,1542.909952,1537.580032,0.0,1542.909952,31973.056512
361928.140051,1542.909952,1537.580032,0.0,1542.909952,31973.298176
362030.006456,1542.909952,1537.580032,0.0,1542.909952,31973.285888
362125.834406,1542.909952,1537.580032,0.0,1542.909952,31973.265408
362224.853582,1542.909952,1537.580032,0.0,1542.909952,31973.511168
362321.322124,1542.909952,1537.580032,0.0,1542.909952,31973.23264
362417.179728,1542.909952,1537.580032,0.0,1542.909952,31973.4784
362514.887197,1542.909952,1537.580032,0.0,1542.909952,31973.199872
362610.561738,1542.909952,1537.580032,0.0,1542.909952,31973.269504
362708.891875,1542.909952,1537.580032,0.0,1542.909952,31972.74112
362806.223425,1542.909952,1537.580032,0.0,1542.909952,31972.94592
362908.40742,1542.909952,1537.603584,0.0,1542.909952,31419.940864
363006.875456,1542.909952,1537.60256,0.0,1542.909952,31422.697472
363102.94921,1542.909952,1537.603584,0.0,1542.909952,31417.58976
363201.485514,1542.909952,1537.603584,0.0,1542.909952,31418.097664
363297.362607,1542.909952,1537.603584,0.0,1542.909952,31417.819136
363394.931117,1542.909952,1537.603584,0.0,1542.909952,31418.064896
363495.661187,1542.909952,1537.603584,0.0,1542.909952,31418.048512
363593.871629,1542.909952,1537.603584,0.0,1542.909952,31418.032128
363691.94258,1542.909952,1537.603584,0.0,1542.909952,31417.48736
363789.161869,1542.909952,1537.603584,0.0,1542.909952,31417.73312
363887.738581,1542.909952,1537.603584,0.0,1542.909952,31417.716736
363985.432985,1542.909952,1537.603584,0.0,1542.909952,31418.195968
364086.39885,1542.909952,1537.603584,0.0,1542.909952,31417.909248
364181.580854,1542.909952,1537.603584,0.0,1542.909952,31417.888768
364280.06016,1542.909952,1537.603584,0.0,1542.909952,31417.872384
364379.857949,1542.909952,1537.603584,0.0,1542.909952,31417.856
364475.845431,1542.909952,1537.603584,0.0,1542.909952,31417.577472
364573.50138,1542.909952,1537.603584,0.0,1542.909952,31417.823232
364675.391319,1542.909952,1537.603584,0.0,1542.909952,31417.806848
364773.721529,1542.909952,1537.603584,0.0,1542.909952,31417.79456
364870.839714,1542.909952,1537.603584,0.0,1542.909952,31417.892864
364967.023936,1542.909952,1537.603584,0.0,1542.909952,31417.085952
365065.577282,1542.909952,1537.603584,0.0,1542.909952,31417.069568
365162.090781,1542.909952,1537.603584,0.0,1542.909952,31417.315328
365258.273214,1542.909952,1537.603584,0.0,1542.909952,31417.298944
365356.166603,1542.909952,1537.603584,0.0,1542.909952,31417.020416
365451.59619,1542.909952,1537.603584,0.0,1542.909952,31417.266176
365549.901319,1542.909952,1537.603584,0.0,1542.909952,31417.511936
365653.50791,1542.909952,1537.603584,0.0,1542.909952,31421.566976
365752.000357,1542.909952,1537.603584,0.0,1542.909952,31419.04384
365850.672612,1542.909952,1537.603584,0.0,1542.909952,31419.424768
365946.577751,1542.909952,1537.603584,0.0,1542.909952,31418.699776
366047.122838,1542.909952,1537.603584,0.0,1542.909952,31417.67168
366144.993846,1542.909952,1537.603584,0.0,1542.909952,31418.548224
366248.780463,1542.909952,1537.603584,0.0,1542.909952,31418.187776
366346.379024,1542.909952,1537.603584,0.0,1542.909952,31417.831424
366444.889411,1542.909952,1537.603584,0.0,1542.909952,31418.08128
366543.988367,1542.909952,1537.603584,0.0,1542.909952,31417.532416
366638.965886,1542.909952,1537.603584,0.0,1542.909952,31417.765888
366737.839877,1542.909952,1537.603584,0.0,1542.909952,31417.810944
366834.48882,1542.909952,1537.603584,0.0,1542.909952,31417.614336
366933.944553,1542.909952,1537.603584,0.0,1542.909952,31417.864192
367037.128459,1542.909952,1537.603584,0.0,1542.909952,31418.023936
367138.702847,1542.909952,1537.603584,0.0,1542.909952,31417.626624
367239.029528,1542.909952,1537.603584,0.0,1542.909952,31417.901056
367338.175245,1542.909952,1537.603584,0.0,1542.909952,31417.806848
367436.893661,1542.909952,1537.603584,0.0,1542.909952,31418.052608
367537.4484,1542.909952,1537.603584,0.0,1542.909952,31418.036224
367638.010391,1542.909952,1537.603584,0.0,1542.909952,31418.01984
367740.59662,1542.909952,1537.603584,0.0,1542.909952,31418.003456
367843.565011,1542.909952,1537.603584,0.0,1542.909952,31418.249216
367947.768779,1542.909952,1537.603584,0.0,1542.909952,31418.494976
368048.026485,1542.909952,1537.603584,0.0,1542.909952,31417.954304
368147.457817,1542.909952,1537.603584,0.0,1542.909952,31417.93792
368268.706105,1542.909952,1537.603584,0.0,1542.909952,31418.42944
368363.481899,1548.300288,1542.99392,0.0,1548.300288,31423.885312
368462.201663,1548.300288,1542.99392,0.0,1548.300288,31423.868928
368559.153214,1548.300288,1542.99392,0.0,1548.300288,31423.852544
368655.107394,1548.300288,1542.99392,0.0,1548.300288,31423.217664
368754.036919,1548.300288,1542.99392,0.0,1548.300288,31423.20128
368850.534365,1548.300288,1542.99392,0.0,1548.300288,31423.184896
368946.447004,1548.300288,1542.99392,0.0,1548.300288,31423.430656
369044.293145,1548.300288,1542.99392,0.0,1548.300288,31423.414272
369142.69902,1548.300288,1542.99392,0.0,1548.300288,31423.389696
369238.573412,1548.300288,1542.99392,0.0,1548.300288,31423.635456
369336.383993,1548.300288,1542.99392,0.0,1548.300288,31423.87712
369431.833311,1548.300288,1542.99392,0.0,1548.300288,31423.860736
369530.186391,1548.300288,1542.99392,0.0,1548.300288,31423.844352
369627.507693,1548.300288,1542.99392,0.0,1548.300288,31423.827968
369723.074581,1548.300288,1542.99392,0.0,1548.300288,31423.275008
369821.727279,1548.300288,1542.99392,0.0,1548.300288,31423.520768
369921.584591,1548.300288,1542.99392,0.0,1548.300288,31423.238144
370017.281892,1548.300288,1542.99392,0.0,1548.300288,31423.24224
370115.455938,1548.300288,1542.99392,0.0,1548.300288,31421.853696
370214.249415,1548.300288,1542.99392,0.0,1548.300288,31421.837312
370310.966801,1548.300288,1542.99392,0.0,1548.300288,31421.820928
370407.216543,1548.300288,1542.99392,0.0,1548.300288,31421.804544
370506.445362,1548.300288,1542.99392,0.0,1548.300288,31421.78816
370603.646738,1548.300288,1542.99392,0.0,1548.300288,31421.771776
370699.310225,1548.300288,1542.99392,0.0,1548.300288,31421.751296
370798.360866,1548.300288,1542.99392,0.0,1548.300288,31421.734912
370895.398439,1548.300288,1542.99392,0.0,1548.300288,31421.730816
370991.076114,1548.300288,1542.99392,0.0,1548.300288,31421.976576
371090.006342,1548.300288,1542.99392,0.0,1548.300288,31421.960192
371186.609522,1548.300288,1542.99392,0.0,1548.300288,31421.943808
371282.395972,1548.300288,1542.99392,0.0,1548.300288,31421.927424
371379.951573,1548.300288,1542.99392,0.0,1548.300288,31421.91104
371475.77947,1548.300288,1542.99392,0.0,1548.300288,31422.1568
371574.337761,1548.300288,1542.99392,0.0,1548.300288,31422.140416
371677.231658,1548.300288,1542.99392,0.0,1548.300288,31421.431808
371779.152731,1548.300288,1542.99392,0.0,1548.300288,31421.374464
371877.404734,1548.300288,1542.99392,0.0,1548.300288,31421.095936
371976.012321,1548.300288,1542.99392,0.0,1548.300288,31421.60384
372071.915132,1548.300288,1542.99392,0.0,1548.300288,31421.587456
372169.795065,1548.300288,1542.99392,0.0,1548.300288,31421.82912
372268.548211,1548.300288,1542.99392,0.0,1548.300288,31421.812736
372364.749671,1548.300288,1542.99392,0.0,1548.300288,31421.796352
372460.780175,1548.300288,1542.99392,0.0,1548.300288,31421.779968
372558.205638,1548.300288,1542.99392,0.0,1548.300288,31421.763584
372653.751671,1548.300288,1542.99392,0.0,1548.300288,31421.7472
372752.520822,1548.300288,1542.99392,0.0,1548.300288,31421.468672
372849.379526,1548.300288,1542.99392,0.0,1548.300288,31421.714432
372945.176259,1548.300288,1542.99392,0.0,1548.300288,31421.530112
373043.705702,1548.300288,1542.99392,0.0,1548.300288,31421.366272
373139.593473,1548.300288,1542.99392,0.0,1548.300288,31421.353984
373237.520155,1548.300288,1542.99392,0.0,1548.300288,31421.349888
373338.454645,1548.300288,1542.99392,0.0,1548.300288,31421.554688
373440.204644,1548.300288,1542.99392,0.0,1548.300288,31421.538304
373544.211254,1548.300288,1542.99392,0.0,1548.300288,31421.267968
373649.174133,1548.300288,1542.99392,0.0,1548.300288,31421.251584
373749.686814,1548.300288,1542.99392,0.0,1548.300288,31421.231104
373849.136983,1548.300288,1542.99392,0.0,1548.300288,31421.464576
373946.563502,1548.300288,1542.99392,0.0,1548.300288,31421.435904
374046.415909,1548.300288,1542.99392,0.0,1548.300288,31420.289024
374149.764679,1548.300288,1542.99392,0.0,1548.300288,31420.792832
374250.582135,1548.300288,1542.99392,0.0,1548.300288,31421.038592
374351.948506,1548.300288,1542.99392,0.0,1548.300288,31421.022208
374452.954925,1548.300288,1542.99392,0.0,1548.300288,31421.005824
374552.022775,1548.300288,1542.99392,0.0,1548.300288,31420.98944
374672.097757,1548.300288,1542.99392,0.0,1548.300288,31421.231104
374769.433198,1552.838656,1547.532288,0.0,1552.838656,31428.296704
374868.442824,1552.838656,1547.532288,0.0,1552.838656,31429.136384
374964.754514,1552.838656,1547.532288,0.0,1552.838656,31427.600384
375060.905242,1552.838656,1547.532288,0.0,1552.838656,31427.579904
375158.123085,1552.838656,1547.532288,0.0,1552.838656,31427.825664
375253.71638,1552.838656,1547.532288,0.0,1552.838656,31427.80928
375352.464559,1552.838656,1547.532288,0.0,1552.838656,31427.792896
375448.809187,1552.838656,1547.532288,0.0,1552.838656,31427.780608
375544.749964,1552.838656,1547.532288,0.0,1552.838656,31427.764224
375642.269908,1552.838656,1547.532288,0.0,1552.838656,31428.009984
375738.116455,1552.838656,1547.532288,0.0,1552.838656,31427.9936
375836.546321,1552.838656,1547.532288,0.0,1552.838656,31427.731456
375936.241156,1552.838656,1547.532288,0.0,1552.838656,31428.227072
376032.312546,1552.838656,1547.532288,0.0,1552.838656,31428.210688
376128.416286,1552.838656,1547.532288,0.0,1552.838656,31428.194304
376225.459387,1552.838656,1547.532288,0.0,1552.838656,31428.17792
376321.113254,1552.838656,1547.532288,0.0,1552.838656,31428.161536
376420.141345,1552.838656,1547.532288,0.0,1552.838656,31428.149248
376516.949505,1552.838656,1547.532288,0.0,1552.838656,31427.76832
376612.708099,1552.838656,1547.532288,0.0,1552.838656,31427.751936
376710.490235,1552.838656,1547.532288,0.0,1552.838656,31427.735552
376812.506273,1552.838656,1547.532288,0.0,1552.838656,31428.132864
376911.20721,1552.838656,1547.532288,0.0,1552.838656,31428.284416
377012.197454,1552.838656,1547.532288,0.0,1552.838656,31428.268032
377107.766256,1552.838656,1547.532288,0.0,1552.838656,31428.276224
377206.147992,1552.838656,1547.532288,0.0,1552.838656,31428.25984
377303.133251,1552.838656,1547.532288,0.0,1552.838656,31428.243456
377398.839725,1552.838656,1547.532288,0.0,1552.838656,31428.227072
377497.33728,1552.838656,1547.532288,0.0,1552.838656,31428.210688
377593.457872,1552.838656,1547.532288,0.0,1552.838656,31428.194304
377689.621292,1552.838656,1547.532288,0.0,1552.838656,31427.919872
377786.841216,1552.838656,1547.532288,0.0,1552.838656,31427.903488
377882.53481,1552.838656,1547.532288,0.0,1552.838656,31427.887104
377981.508791,1552.838656,1547.532288,0.0,1552.838656,31427.87072
378078.181597,1552.838656,1547.532288,0.0,1552.838656,31427.6864
378173.919304,1552.838656,1547.532288,0.0,1552.838656,31427.670016
378272.375027,1552.838656,1547.532288,0.0,1552.838656,31427.915776
378368.156129,1552.838656,1547.532288,0.0,1552.838656,31427.899392
378466.23844,1552.838656,1547.532288,0.0,1552.838656,31428.145152
378565.009064,1552.838656,1547.532288,0.0,1552.838656,31427.874816
378661.593056,1552.838656,1547.532288,0.0,1552.838656,31427.817472
378757.486837,1552.838656,1547.532288,0.0,1552.838656,31427.493888
378855.149525,1552.838656,1547.532288,0.0,1552.838656,31427.670016
378950.833413,1552.838656,1547.532288,0.0,1552.838656,31427.821568
379049.659062,1552.838656,1547.532288,0.0,1552.838656,31427.805184
379147.154499,1552.838656,1547.532288,0.0,1552.838656,31427.7888
379242.677633,1552.838656,1547.532288,0.0,1552.838656,31427.772416
379341.098344,1552.838656,1547.532288,0.0,1552.838656,31427.657728
379438.022603,1552.838656,1547.532288,0.0,1552.838656,31427.641344
379533.667395,1552.838656,1547.532288,0.0,1552.838656,31427.62496
379632.525407,1552.838656,1547.532288,0.0,1552.838656,31427.608576
379728.883758,1552.838656,1547.532288,0.0,1552.838656,31427.592192
379824.931189,1552.838656,1547.532288,0.0,1552.838656,31427.837952
379927.686784,1552.838656,1547.532288,0.0,1552.838656,31427.817472
380030.611805,1552.838656,1547.532288,0.0,1552.838656,31428.063232
380132.242579,1552.838656,1547.532288,0.0,1552.838656,31428.046848
380236.737749,1552.838656,1547.532288,0.0,1552.838656,31427.76832
380336.045592,1552.838656,1547.532288,0.0,1552.838656,31427.751936
380435.168279,1552.838656,1547.532288,0.0,1552.838656,31427.735552
380533.172187,1552.838656,1547.532288,0.0,1552.838656,31427.719168
380633.662272,1552.838656,1547.532288,0.0,1552.838656,31427.702784
380734.710707,1552.838656,1547.532288,0.0,1552.838656,31427.948544
380838.354418,1552.838656,1547.532288,0.0,1552.838656,31428.059136
380941.187258,1552.838656,1547.532288,0.0,1552.838656,31428.038656
381042.841991,1552.838656,1547.532288,0.0,1552.838656,31427.64544
381141.805425,1552.838656,1547.532288,0.0,1552.838656,31427.629056
381268.229875,1552.838656,1547.532288,0.0,1552.838656,31427.85024
381366.835115,1557.528576,1552.222208,0.0,1557.528576,31432.552448
381464.895059,1557.528576,1552.222208,0.0,1557.528576,31432.54016
381560.303297,1557.528576,1552.222208,0.0,1557.528576,31432.523776
381658.897045,1557.528576,1552.222208,0.0,1557.528576,31432.507392
381756.961843,1557.528576,1552.222208,0.0,1557.528576,31432.47872
381852.422333,1557.528576,1552.222208,0.0,1557.528576,31432.45824
381952.868057,1557.528576,1552.222208,0.0,1557.528576,31432.43776
382054.488074,1557.528576,1552.222208,0.0,1557.528576,31431.852032
382153.049707,1557.528576,1552.222208,0.0,1557.528576,31431.835648
382254.259108,1557.528576,1552.222208,0.0,1557.528576,31432.081408
382353.038885,1557.528576,1552.222208,0.0,1557.528576,31432.065024
382449.634679,1557.528576,1552.222208,0.0,1557.528576,31432.04864
382545.405687,1557.528576,1552.222208,0.0,1557.528576,31432.032256
382645.502771,1557.528576,1552.222208,0.0,1557.528576,31432.015872
382742.430105,1557.528576,1552.222208,0.0,1557.528576,31431.999488
382838.059836,1557.528576,1552.222208,0.0,1557.528576,31431.9872
382935.963932,1557.528576,1552.222208,0.0,1557.528576,31432.228864
383031.135268,1557.528576,1552.222208,0.0,1557.528576,31431.962624
383129.506907,1557.528576,1552.222208,0.0,1557.528576,31431.94624
383226.898568,1557.528576,1552.222208,0.0,1557.528576,31431.929856
383322.440162,1557.528576,1552.222208,0.0,1557.528576,31431.913472
383421.131495,1557.528576,1552.222208,0.0,1557.528576,31431.897088
383518.173057,1557.528576,1552.222208,0.0,1557.528576,31432.142848
383613.581625,1557.528576,1552.222208,0.0,1557.528576,31432.126464
383712.229282,1557.528576,1552.222208,0.0,1557.528576,31432.11008
383807.901577,1557.528576,1552.222208,0.0,1557.528576,31432.35584
383905.227484,1557.528576,1552.222208,0.0,1557.528576,31432.6016
384005.676725,1557.528576,1552.222208,0.0,1557.528576,31432.585216
384102.942237,1557.528576,1552.222208,0.0,1557.528576,31432.310784
384198.490845,1557.528576,1552.222208,0.0,1557.528576,31432.2944
384297.160652,1557.528576,1552.222208,0.0,1557.528576,31432.278016
384393.459865,1557.528576,1552.222208,0.0,1557.528576,31432.261632
384489.205184,1557.528576,1552.222208,0.0,1557.528576,31432.245248
384586.537326,1557.528576,1552.222208,0.0,1557.528576,31432.228864
384683.893724,1557.528576,1552.222208,0.0,1557.528576,31432.21248
384782.121916,1557.528576,1552.222208,0.0,1557.528576,31432.192
384880.102888,1557.528576,1552.222208,0.0,1557.528576,31431.901184
384974.788122,1557.528576,1552.222208,0.0,1557.528576,31431.819264
385073.477269,1557.528576,1552.222208,0.0,1557.528576,31432.065024
385170.415847,1557.528576,1552.222208,0.0,1557.528576,31432.04864
385267.645114,1557.528576,1552.222208,0.0,1557.528576,31431.172096
385366.005336,1557.528576,1552.222208,0.0,1557.528576,31431.155712
385463.383571,1557.528576,1552.222208,0.0,1557.528576,31431.139328
385558.920302,1557.528576,1552.222208,0.0,1557.528576,31431.122944
385657.626256,1557.528576,1552.222208,0.0,1557.528576,31431.10656
385754.217846,1557.528576,1552.222208,0.0,1557.528576,31431.090176
385850.032545,1557.528576,1552.222208,0.0,1557.528576,31431.073792
385947.905807,1557.528576,1552.222208,0.0,1557.528576,31431.319552
386043.48567,1557.528576,1552.222208,0.0,1557.528576,31431.303168
386142.273093,1557.528576,1552.222208,0.0,1557.528576,31431.286784
386240.312318,1557.528576,1552.222208,0.0,1557.528576,31431.2704
386338.679941,1557.528576,1552.222208,0.0,1557.528576,31431.254016
386439.587734,1557.528576,1552.222208,0.0,1557.528576,31430.979584
386543.08321,1557.528576,1552.222208,0.0,1557.528576,31430.9632
386642.313784,1557.528576,1552.222208,0.0,1557.528576,31431.20896
386741.147481,1557.528576,1552.222208,0.0,1557.528576,31431.192576
386839.16121,1557.528576,1552.222208,0.0,1557.528576,31431.176192
386939.675392,1557.528576,1552.222208,0.0,1557.528576,31431.159808
387041.581759,1557.528576,1552.222208,0.0,1557.528576,31430.848512
387144.684466,1557.528576,1552.222208,0.0,1557.528576,31430.832128
387245.741869,1557.528576,1552.222208,0.0,1557.528576,31430.811648
387346.563527,1557.528576,1552.222208,0.0,1557.528576,31430.795264
387445.761492,1557.528576,1552.222208,0.0,1557.528576,31430.77888
387546.528474,1557.528576,1552.222208,0.0,1557.528576,31430.762496
387646.247965,1557.528576,1552.222208,0.0,1557.528576,31430.746112
387742.322569,1557.528576,1552.222208,0.0,1557.528576,31432.523776
387836.601568,1562.161152,1556.854784,0.0,1562.161152,31435.915264
387935.259218,1562.161152,1556.854784,0.0,1562.161152,31436.161024
388032.261363,1562.161152,1556.854784,0.0,1562.161152,31436.14464
388127.832367,1562.161152,1556.854784,0.0,1562.161152,31436.128256
388226.513008,1562.161152,1556.854784,0.0,1562.161152,31436.374016
388321.88254,1562.161152,1556.854784,0.0,1562.161152,31436.357632
388419.63094,1562.161152,1556.854784,0.0,1562.161152,31436.341248
388517.38934,1562.161152,1556.854784,0.0,1562.161152,31436.324864
388612.735509,1562.161152,1556.854784,0.0,1562.161152,31436.30848
388711.050933,1562.161152,1556.854784,0.0,1562.161152,31436.292096
388808.151355,1562.161152,1556.854784,0.0,1562.161152,31436.275712
388903.626109,1562.161152,1556.854784,0.0,1562.161152,31436.259328
389002.294502,1562.161152,1556.854784,0.0,1562.161152,31436.242944
389101.410567,1562.161152,1556.854784,0.0,1562.161152,31436.22656
389196.865675,1562.161152,1556.854784,0.0,1562.161152,31436.47232
389295.401706,1562.161152,1556.854784,0.0,1562.161152,31436.455936
389392.441103,1562.161152,1556.854784,0.0,1562.161152,31436.439552
389487.914519,1562.161152,1556.854784,0.0,1562.161152,31436.423168
389585.981089,1562.161152,1556.854784,0.0,1562.161152,31436.406784
389681.191151,1562.161152,1556.854784,0.0,1562.161152,31436.3904
389779.594918,1562.161152,1556.854784,0.0,1562.161152,31436.374016
389876.996815,1562.161152,1556.854784,0.0,1562.161152,31436.357632
389974.338055,1562.161152,1556.854784,0.0,1562.161152,31435.689984
390072.303932,1562.161152,1556.854784,0.0,1562.161152,31435.935744
390170.531874,1562.161152,1556.854784,0.0,1562.161152,31435.91936
390269.158085,1562.161152,1556.854784,0.0,1562.161152,31436.16512
390364.461688,1562.161152,1556.854784,0.0,1562.161152,31436.148736
390462.606574,1562.161152,1556.854784,0.0,1562.161152,31436.132352
390557.413583,1562.161152,1556.854784,0.0,1562.161152,31436.115968
390656.205608,1562.161152,1556.854784,0.0,1562.161152,31436.099584
390753.691646,1562.161152,1556.854784,0.0,1562.161152,31435.812864
390849.195516,1562.161152,1556.854784,0.0,1562.161152,31435.79648
390947.713081,1562.161152,1556.854784,0.0,1562.161152,31436.04224
391044.553799,1562.161152,1556.854784,0.0,1562.161152,31436.025856
391140.168558,1562.161152,1556.854784,0.0,1562.161152,31436.009472
391238.574791,1562.161152,1556.854784,0.0,1562.161152,31435.993088
391334.104714,1562.161152,1556.854784,0.0,1562.161152,31435.976704
391432.258423,1562.161152,1556.854784,0.0,1562.161152,31436.22656
391530.098216,1562.161152,1556.854784,0.0,1562.161152,31436.210176
391625.121706,1562.161152,1556.854784,0.0,1562.161152,31436.193792
391724.045961,1562.161152,1556.854784,0.0,1562.161152,31436.177408
391821.92523,1562.161152,1556.854784,0.0,1562.161152,31436.161024
391917.079846,1562.161152,1556.854784,0.0,1562.161152,31436.14464
392015.524189,1562.161152,1556.854784,0.0,1562.161152,31436.128256
392112.645586,1562.161152,1556.854784,0.0,1562.161152,31435.866112
392208.397961,1562.161152,1556.854784,0.0,1562.161152,31435.337728
392307.311532,1562.161152,1556.854784,0.0,1562.161152,31435.575296
392403.992811,1562.161152,1556.854784,0.0,1562.161152,31435.554816
392500.260905,1562.161152,1556.854784,0.0,1562.161152,31435.538432
392598.989177,1562.161152,1556.854784,0.0,1562.161152,31435.522048
392698.269692,1562.161152,1556.854784,0.0,1562.161152,31435.505664
392793.510124,1562.161152,1556.854784,0.0,1562.161152,31435.48928
392891.8448,1562.161152,1556.854784,0.0,1562.161152,31435.472896
392988.934383,1562.161152,1556.854784,0.0,1562.161152,31435.718656
393084.344983,1562.161152,1556.854784,0.0,1562.161152,31435.702272
393185.804513,1562.161152,1556.854784,0.0,1562.161152,31435.685888
393284.424652,1562.161152,1556.854784,0.0,1562.161152,31435.931648
393381.135366,1562.161152,1556.854784,0.0,1562.161152,31435.915264
393476.575878,1562.161152,1556.854784,0.0,1562.161152,31435.89888
393574.072188,1562.161152,1556.854784,0.0,1562.161152,31435.882496
393669.246608,1562.161152,1556.854784,0.0,1562.161152,31435.608064
393767.720308,1562.161152,1556.854784,0.0,1562.161152,31435.59168
393864.291013,1562.161152,1556.854784,0.0,1562.161152,31436.099584
393959.794096,1562.161152,1556.854784,0.0,1562.161152,31436.0832
394057.776883,1562.161152,1556.854784,0.0,1562.161152,31436.066816
394153.14354,1562.161152,1556.854784,0.0,1562.161152,31436.283904
394251.526993,1562.161152,1556.854784,0.0,1562.161152,31436.26752
394351.089226,1562.161152,1556.854784,0.0,1562.161152,31436.251136
394449.423234,1562.161152,1556.854784,0.0,1562.161152,31436.234752
394547.423361,1562.161152,1556.854784,0.0,1562.161152,31436.218368
394647.784538,1562.161152,1556.854784,0.0,1562.161152,31436.201984
394752.744814,1562.161152,1556.854784,0.0,1562.161152,31436.1856
394854.259806,1562.161152,1556.854784,0.0,1562.161152,31435.911168
394955.202395,1562.161152,1556.854784,0.0,1562.161152,31435.894784
395054.001589,1562.161152,1556.854784,0.0,1562.161152,31435.8784
395153.048095,1562.161152,1556.854784,0.0,1562.161152,31435.862016
395251.354884,1562.161152,1556.854784,0.0,1562.161152,31435.845632
395351.920204,1562.161152,1556.854784,0.0,1562.161152,31435.829248
395452.93965,1562.161152,1556.854784,0.0,1562.161152,31436.075008
395556.260309,1562.161152,1556.854784,0.0,1562.161152,31436.058624
395658.821768,1562.161152,1556.854784,0.0,1562.161152,31436.04224
395753.813591,1567.961088,1562.65472,0.0,1567.961088,31442.038784
395852.659016,1567.961088,1562.65472,0.0,1567.961088,31442.0224
395948.291328,1567.961088,1562.65472,0.0,1567.961088,31442.006016
396045.896449,1567.961088,1562.65472,0.0,1567.961088,31441.989632
396144.114098,1567.961088,1562.65472,0.0,1567.961088,31441.973248
396239.284013,1567.961088,1562.65472,0.0,1567.961088,31441.956864
396337.680271,1567.961088,1562.65472,0.0,1567.961088,31442.202624
396434.899591,1567.961088,1562.65472,0.0,1567.961088,31441.932288
396530.290714,1567.961088,1562.65472,0.0,1567.961088,31441.915904
396628.969537,1567.961088,1562.65472,0.0,1567.961088,31442.059264
396725.588927,1567.961088,1562.65472,0.0,1567.961088,31441.907712
396821.655882,1567.961088,1562.65472,0.0,1567.961088,31442.096128
396919.894239,1567.961088,1562.65472,0.0,1567.961088,31442.079744
397015.980599,1567.961088,1562.65472,0.0,1567.961088,31441.854464
397116.25969,1567.961088,1562.65472,0.0,1567.961088,31441.83808
397214.489519,1567.961088,1562.65472,0.0,1567.961088,31441.821696
397317.757609,1567.961088,1562.65472,0.0,1567.961088,31441.584128
397419.384391,1567.961088,1562.65472,0.0,1567.961088,31441.301504
397517.034086,1567.961088,1562.65472,0.0,1567.961088,31441.28512
397614.954533,1567.961088,1562.65472,0.0,1567.961088,31441.268736
397713.497871,1567.961088,1562.65472,0.0,1567.961088,31441.231872
397809.17465,1567.961088,1562.65472,0.0,1567.961088,31441.215488
397907.478765,1567.961088,1562.65472,0.0,1567.961088,31441.461248
398009.965153,1567.961088,1562.65472,0.0,1567.961088,31441.444864
398107.163646,1567.961088,1562.65472,0.0,1567.961088,31441.42848
398203.31866,1567.961088,1562.65472,0.0,1567.961088,31441.412096
398303.990616,1567.961088,1562.65472,0.0,1567.961088,31441.657856
398402.738872,1567.961088,1562.65472,0.0,1567.961088,31441.641472
398500.044966,1567.961088,1562.65472,0.0,1567.961088,31441.625088
398599.25104,1567.961088,1562.65472,0.0,1567.961088,31441.870848
398696.846102,1567.961088,1562.65472,0.0,1567.961088,31441.596416
398796.100417,1567.961088,1562.65472,0.0,1567.961088,31441.580032
398896.174433,1567.961088,1562.65472,0.0,1567.961088,31441.563648
398993.056298,1567.961088,1562.65472,0.0,1567.961088,31441.809408
399090.557642,1567.961088,1562.65472,0.0,1567.961088,31441.793024
399188.94042,1567.961088,1562.65472,0.0,1567.961088,31441.77664
399286.546562,1567.961088,1562.65472,0.0,1567.961088,31441.760256
399381.95195,1567.961088,1562.65472,0.0,1567.961088,31442.006016
399480.547931,1567.961088,1562.65472,0.0,1567.961088,31441.989632
399576.990059,1567.961088,1562.65472,0.0,1567.961088,31441.973248
399678.667116,1567.961088,1562.65472,0.0,1567.961088,31441.956864
399774.378024,1567.961088,1562.65472,0.0,1567.961088,31441.94048
399873.032598,1567.961088,1562.65472,0.0,1567.961088,31441.924096
399969.349502,1567.961088,1562.65472,0.0,1567.961088,31441.645568
400065.247832,1567.961088,1562.65472,0.0,1567.961088,31441.887232
400162.223872,1567.961088,1562.65472,0.0,1567.961088,31441.870848
400258.051623,1567.961088,1562.65472,0.0,1567.961088,31441.854464
400356.82898,1567.961088,1562.65472,0.0,1567.961088,31442.100224
400453.118529,1567.961088,1562.65472,0.0,1567.961088,31442.08384
400549.12411,1567.961088,1562.65472,0.0,1567.961088,31442.067456
400646.261208,1567.961088,1562.65472,0.0,1567.961088,31442.051072
400742.123643,1567.961088,1562.65472,0.0,1567.961088,31441.772544
400840.911844,1567.961088,1562.65472,0.0,1567.961088,31442.018304
400937.727038,1567.961088,1562.65472,0.0,1567.961088,31442.00192
401033.483327,1567.961088,1562.65472,0.0,1567.961088,31441.985536
401132.331413,1567.961088,1562.65472,0.0,1567.961088,31441.969152
401228.672401,1567.961088,1562.65472,0.0,1567.961088,31441.952768
401324.651489,1567.961088,1562.65472,0.0,1567.961088,31441.936384
401422.333555,1567.961088,1562.65472,0.0,1567.961088,31441.666048
401517.494766,1567.961088,1562.65472,0.0,1567.961088,31441.649664
401616.370621,1567.961088,1562.65472,0.0,1567.961088,31441.895424
401713.938094,1567.961088,1562.65472,0.0,1567.961088,31441.87904
401812.804178,1567.961088,1562.65472,0.0,1567.961088,31441.862656
401915.966324,1567.961088,1562.65472,0.0,1567.961088,31441.846272
402015.713737,1567.961088,1562.65472,0.0,1567.961088,31441.829888
402114.926297,1567.961088,1562.65472,0.0,1567.961088,31441.813504
402213.150571,1567.961088,1562.65472,0.0,1567.961088,31441.79712
402313.683545,1567.961088,1562.65472,0.0,1567.961088,31441.780736
402414.275349,1567.961088,1562.65472,0.0,1567.961088,31442.026496
402517.001662,1567.961088,1562.65472,0.0,1567.961088,31441.48992
402620.475838,1567.961088,1562.65472,0.0,1567.961088,31441.473536
402724.967745,1567.961088,1562.65472,0.0,1567.961088,31441.457152
402826.346481,1567.961088,1562.65472,0.0,1567.961088,31441.440768
402928.726671,1567.961088,1562.65472,0.0,1567.961088,31441.416192
403029.459128,1567.961088,1562.65472,0.0,1567.961088,31441.399808
403130.431789,1567.961088,1562.65472,0.0,1567.961088,31441.38752
403228.903401,1573.441536,1568.135168,0.0,1573.441536,31447.646208
403326.58123,1573.441536,1568.135168,0.0,1573.441536,31447.629824
403421.971824,1573.441536,1568.135168,0.0,1573.441536,31447.875584
403520.671542,1573.441536,1568.135168,0.0,1573.441536,31447.8592
403618.419018,1573.441536,1568.135168,0.0,1573.441536,31447.842816
403713.790585,1573.441536,1568.135168,0.0,1573.441536,31447.568384
403812.462696,1573.441536,1568.135168,0.0,1573.441536,31447.552
403909.532694,1573.441536,1568.135168,0.0,1573.441536,31447.79776
404005.444327,1573.441536,1568.135168,0.0,1573.441536,31447.781376
404104.383853,1573.441536,1568.135168,0.0,1573.441536,31447.764992
404202.023815,1573.441536,1568.135168,0.0,1573.441536,31447.748608
404297.600743,1573.441536,1568.135168,0.0,1573.441536,31447.732224
404396.21911,1573.441536,1568.135168,0.0,1573.441536,31447.71584
404493.799149,1573.441536,1568.135168,0.0,1573.441536,31447.699456
404589.43196,1573.441536,1568.135168,0.0,1573.441536,31447.683072
404688.025765,1573.441536,1568.135168,0.0,1573.441536,31447.666688
404790.110287,1573.441536,1568.135168,0.0,1573.441536,31447.662592
404888.6112,1573.441536,1568.135168,0.0,1573.441536,31447.646208
404984.718779,1573.441536,1568.135168,0.0,1573.441536,31446.859776
405082.439722,1573.441536,1568.135168,0.0,1573.441536,31446.831104
405180.937758,1573.441536,1568.135168,0.0,1573.441536,31446.81472
405280.134311,1573.441536,1568.135168,0.0,1573.441536,31446.798336
405375.643918,1573.441536,1568.135168,0.0,1573.441536,31446.781952
405474.327827,1573.441536,1568.135168,0.0,1573.441536,31446.765568
405571.85644,1573.441536,1568.135168,0.0,1573.441536,31446.749184
405667.578797,1573.441536,1568.135168,0.0,1573.441536,31446.7328
405766.240611,1573.441536,1568.135168,0.0,1573.441536,31446.716416
405863.557096,1573.441536,1568.135168,0.0,1573.441536,31446.700032
405959.463636,1573.441536,1568.135168,0.0,1573.441536,31446.945792
406058.363822,1573.441536,1568.135168,0.0,1573.441536,31446.67136
406155.813311,1573.441536,1568.135168,0.0,1573.441536,31446.654976
406251.5278,1573.441536,1568.135168,0.0,1573.441536,31446.638592
406350.544061,1573.441536,1568.135168,0.0,1573.441536,31446.6304
406447.779674,1573.441536,1568.135168,0.0,1573.441536,31447.138304
406543.561155,1573.441536,1568.135168,0.0,1573.441536,31447.12192
406642.258603,1573.441536,1568.135168,0.0,1573.441536,31447.105536
406739.259029,1573.441536,1568.135168,0.0,1573.441536,31447.089152
406834.842094,1573.441536,1568.135168,0.0,1573.441536,31447.072768
406933.613594,1573.441536,1568.135168,0.0,1573.441536,31447.318528
407030.20528,1573.441536,1568.135168,0.0,1573.441536,31447.04
407126.358186,1573.441536,1568.135168,0.0,1573.441536,31446.777856
407224.760651,1573.441536,1568.135168,0.0,1573.441536,31446.761472
407319.962227,1573.441536,1568.135168,0.0,1573.441536,31446.745088
407419.105379,1573.441536,1568.135168,0.0,1573.441536,31446.990848
407518.861607,1573.441536,1568.135168,0.0,1573.441536,31446.454272
407616.649244,1573.441536,1568.135168,0.0,1573.441536,31446.437888
407712.274185,1573.441536,1568.135168,0.0,1573.441536,31446.417408
407810.88745,1573.441536,1568.135168,0.0,1573.441536,31446.401024
407908.220241,1573.441536,1568.135168,0.0,1573.441536,31446.908928
408003.808749,1573.441536,1568.135168,0.0,1573.441536,31446.892544
408102.567469,1573.441536,1568.135168,0.0,1573.441536,31446.87616
408199.808909,1573.441536,1568.135168,0.0,1573.441536,31446.859776
408295.602969,1573.441536,1568.135168,0.0,1573.441536,31446.843392
408394.75663,1573.441536,1568.135168,0.0,1573.441536,31446.827008
408491.815484,1573.441536,1568.135168,0.0,1573.441536,31447.072768
408587.705222,1573.441536,1568.135168,0.0,1573.441536,31447.318528
408689.393574,1573.441536,1568.135168,0.0,1573.441536,31449.542656
408788.012489,1573.441536,1568.135168,0.0,1573.441536,31449.800704
408887.080598,1573.441536,1568.135168,0.0,1573.441536,31449.300992
408983.406946,1573.441536,1568.135168,0.0,1573.441536,31449.554944
409081.46773,1573.441536,1568.135168,0.0,1573.441536,31449.522176
409180.102366,1573.441536,1568.135168,0.0,1573.441536,31449.509888
409276.64137,1573.441536,1568.135168,0.0,1573.441536,31449.493504
409372.514371,1573.441536,1568.135168,0.0,1573.441536,31449.47712
409470.525118,1573.441536,1568.135168,0.0,1573.441536,31449.731072
409568.194916,1573.441536,1568.135168,0.0,1573.441536,31449.714688
409666.631221,1573.441536,1568.135168,0.0,1573.441536,31449.767936
409770.170557,1573.441536,1568.135168,0.0,1573.441536,31449.751552
409871.878231,1573.441536,1568.135168,0.0,1573.441536,31449.72288
409972.439717,1573.441536,1568.135168,0.0,1573.441536,31449.554944
410072.087614,1573.441536,1568.135168,0.0,1573.441536,31449.776128
410170.76236,1573.441536,1568.135168,0.0,1573.441536,31449.759744
410271.371742,1573.441536,1568.135168,0.0,1573.441536,31449.74336
410372.487787,1573.441536,1568.135168,0.0,1573.441536,31449.726976
410475.654765,1573.441536,1568.135168,0.0,1573.441536,31449.710592
410577.384509,1573.441536,1568.135168,0.0,1573.441536,31449.694208
410681.573775,1573.441536,1568.135168,0.0,1573.441536,31449.677824
410781.90923,1573.441536,1568.135168,0.0,1573.441536,31449.751552
410904.208208,1573.441536,1568.135168,0.0,1573.441536,31450.099712
411002.776168,1579.053056,1573.746688,0.0,1579.053056,31455.850496
411098.787787,1579.053056,1573.746688,0.0,1579.053056,31456.096256
411196.782875,1579.053056,1573.746688,0.0,1579.053056,31456.079872
411296.112517,1579.053056,1573.746688,0.0,1579.053056,31455.78496
411393.551931,1579.053056,1573.746688,0.0,1579.053056,31455.772672
411489.470133,1579.053056,1573.746688,0.0,1579.053056,31455.756288
411588.573805,1579.053056,1573.746688,0.0,1579.053056,31455.739904
411688.778249,1579.053056,1573.746688,0.0,1579.053056,31452.495872
411786.031756,1579.053056,1573.746688,0.0,1579.053056,31452.479488
411881.843128,1579.053056,1573.746688,0.0,1579.053056,31452.463104
411980.954735,1579.053056,1573.746688,0.0,1579.053056,31452.71296
412078.090607,1579.053056,1573.746688,0.0,1579.053056,31452.696576
412173.90429,1579.053056,1573.746688,0.0,1579.053056,31452.205056
412272.744351,1579.053056,1573.746688,0.0,1579.053056,31452.188672
412369.157052,1579.053056,1573.746688,0.0,1579.053056,31452.172288
412465.045184,1579.053056,1573.746688,0.0,1579.053056,31452.143616
412562.785886,1579.053056,1573.746688,0.0,1579.053056,31452.127232
412658.42799,1579.053056,1573.746688,0.0,1579.053056,31452.372992
412757.300132,1579.053056,1573.746688,0.0,1579.053056,31451.836416
412855.264148,1579.053056,1573.746688,0.0,1579.053056,31451.660288
412950.595153,1579.053056,1573.746688,0.0,1579.053056,31451.643904
413049.291371,1579.053056,1573.746688,0.0,1579.053056,31451.537408
413147.156347,1579.053056,1573.746688,0.0,1579.053056,31451.512832
413242.665256,1579.053056,1573.746688,0.0,1579.053056,31451.496448
413341.285349,1579.053056,1573.746688,0.0,1579.053056,31451.480064
413439.29842,1579.053056,1573.746688,0.0,1579.053056,31451.46368
413534.594455,1579.053056,1573.746688,0.0,1579.053056,31451.70944
413633.486976,1579.053056,1573.746688,0.0,1579.053056,31451.693056
413731.63303,1579.053056,1573.746688,0.0,1579.053056,31451.418624
413827.109751,1579.053056,1573.746688,0.0,1579.053056,31451.40224
413926.048429,1579.053056,1573.746688,0.0,1579.053056,31451.410432
414024.662819,1579.053056,1573.746688,0.0,1579.053056,31451.42272
414120.772913,1579.053056,1573.746688,0.0,1579.053056,31451.615232
414219.136651,1579.053056,1573.746688,0.0,1579.053056,31451.860992
414317.937576,1579.053056,1573.746688,0.0,1579.053056,31451.582464
414415.153875,1579.053056,1573.746688,0.0,1579.053056,31451.56608
414511.244699,1579.053056,1573.746688,0.0,1579.053056,31454.33088
414610.248392,1579.053056,1573.746688,0.0,1579.053056,31454.314496
414710.478907,1579.053056,1573.746688,0.0,1579.053056,31454.298112
414807.709994,1579.053056,1573.746688,0.0,1579.053056,31454.69952
414903.792767,1579.053056,1573.746688,0.0,1579.053056,31453.908992
415002.584063,1579.053056,1573.746688,0.0,1579.053056,31453.753344
415099.321584,1579.053056,1573.746688,0.0,1579.053056,31453.73696
415195.495053,1579.053056,1573.746688,0.0,1579.053056,31453.454336
415293.917923,1579.053056,1573.746688,0.0,1579.053056,31453.437952
415389.537993,1579.053056,1573.746688,0.0,1579.053056,31453.421568
415487.903118,1579.053056,1573.746688,0.0,1579.053056,31453.405184
415586.689724,1579.053056,1573.746688,0.0,1579.053056,31453.3888
415685.989905,1579.053056,1573.746688,0.0,1579.053056,31453.372416
415781.461573,1579.053056,1573.746688,0.0,1579.053056,31453.454336
415887.8061,1579.053056,1573.746688,0.0,1579.053056,31453.437952
415987.431119,1579.053056,1573.746688,0.0,1579.053056,31453.421568
416088.597781,1579.053056,1573.746688,0.0,1579.053056,31452.553216
416186.476844,1579.053056,1573.746688,0.0,1579.053056,31452.536832
416288.527425,1579.053056,1573.746688,0.0,1579.053056,31454.498816
416386.98909,1579.053056,1573.746688,0.0,1579.053056,31454.482432
416491.16829,1579.053056,1573.746688,0.0,1579.053056,31454.466048
416593.001464,1579.053056,1573.746688,0.0,1579.053056,31454.449664
416695.376276,1579.053056,1573.746688,0.0,1579.053056,31454.43328
416795.183319,1579.053056,1573.746688,0.0,1579.053056,31454.609408
416892.741084,1579.053056,1573.746688,0.0,1579.053056,31454.593024
416991.289328,1579.053056,1573.746688,0.0,1579.053056,31454.57664
417092.285611,1579.053056,1573.746688,0.0,1579.053056,31454.367744
417195.471756,1579.053056,1573.746688,0.0,1579.053056,31454.35136
417291.291774,1579.06944,1573.763072,0.0,1579.06944,31455.105024
417389.075295,1579.06944,1573.763072,0.0,1579.06944,31455.612928
417484.745032,1579.06944,1573.763072,0.0,1579.06944,31455.60064
417583.381578,1579.06944,1573.763072,0.0,1579.06944,31455.8464
417680.900561,1579.06944,1573.763072,0.0,1579.06944,31455.830016
417777.568868,1579.06944,1573.763072,0.0,1579.06944,31455.039488
417876.12431,1579.06944,1573.763072,0.0,1579.06944,31455.014912
417973.889734,1579.06944,1573.763072,0.0,1579.06944,31454.998528
418069.27655,1579.06944,1573.763072,0.0,1579.06944,31454.982144
418167.569061,1579.06944,1573.763072,0.0,1579.06944,31455.240192
418265.070745,1579.06944,1573.763072,0.0,1579.06944,31454.973952
418360.763568,1579.06944,1573.763072,0.0,1579.06944,31455.301632
418459.279838,1579.06944,1573.763072,0.0,1579.06944,31455.064064
418556.595626,1579.06944,1573.763072,0.0,1579.06944,31455.309824
418654.453143,1579.06944,1573.763072,0.0,1579.06944,31455.817728
418752.569675,1579.06944,1573.763072,0.0,1579.06944,31455.801344
418852.698158,1579.06944,1573.763072,0.0,1579.06944,31455.55968
418950.732172,1579.06944,1573.763072,0.0,1579.06944,31455.817728
419046.592311,1579.06944,1573.763072,0.0,1579.06944,31454.990336
419144.940249,1579.06944,1573.763072,0.0,1579.06944,31455.232
419242.66624,1579.06944,1573.763072,0.0,1579.06944,31455.215616
419337.988492,1579.06944,1573.763072,0.0,1579.06944,31455.199232
419436.719857,1579.06944,1573.763072,0.0,1579.06944,31455.182848
419534.152436,1579.06944,1573.763072,0.0,1579.06944,31455.166464
419629.887291,1579.06944,1573.763072,0.0,1579.06944,31455.15008
419728.593633,1579.06944,1573.763072,0.0,1579.06944,31455.133696
419825.385509,1579.06944,1573.763072,0.0,1579.06944,31455.117312
419921.090113,1579.06944,1573.763072,0.0,1579.06944,31455.625216
420019.644469,1579.06944,1573.763072,0.0,1579.06944,31455.338496
420115.480223,1579.06944,1573.763072,0.0,1579.06944,31455.584256
420213.462831,1579.06944,1573.763072,0.0,1579.06944,31455.567872
420312.459801,1579.06944,1573.763072,0.0,1579.06944,31455.0272
420409.141733,1579.06944,1573.763072,0.0,1579.06944,31455.010816
420504.977948,1579.06944,1573.763072,0.0,1579.06944,31455.256576
420603.592256,1579.06944,1573.763072,0.0,1579.06944,31455.502336
420702.858025,1579.06944,1573.763072,0.0,1579.06944,31455.485952
420798.250455,1579.06944,1573.763072,0.0,1579.06944,31455.420416
420897.216516,1579.06944,1573.763072,0.0,1579.06944,31455.404032
420994.629853,1579.06944,1573.763072,0.0,1579.06944,31455.649792
421090.2014,1579.06944,1573.763072,0.0,1579.06944,31455.51872
421189.524629,1579.06944,1573.763072,0.0,1579.06944,31455.502336
421287.320394,1579.06944,1573.763072,0.0,1579.06944,31455.485952
421383.151433,1579.06944,1573.763072,0.0,1579.06944,31455.469568
421481.726686,1579.06944,1573.763072,0.0,1579.06944,31455.203328
421579.276335,1579.06944,1573.763072,0.0,1579.06944,31455.444992
421674.799748,1579.06944,1573.763072,0.0,1579.06944,31455.166464
421773.521193,1579.06944,1573.763072,0.0,1579.06944,31455.15008
421870.693473,1579.06944,1573.763072,0.0,1579.06944,31455.133696
421966.557903,1579.06944,1573.763072,0.0,1579.06944,31455.113216
422065.158892,1579.06944,1573.763072,0.0,1579.06944,31455.358976
422161.754104,1579.06944,1573.763072,0.0,1579.06944,31455.342592
422259.209395,1579.06944,1573.763072,0.0,1579.06944,31455.326208
422358.35889,1579.06944,1573.763072,0.0,1579.06944,31455.04768
422456.293854,1579.06944,1573.763072,0.0,1579.06944,31455.289344
422551.768526,1579.06944,1573.763072,0.0,1579.06944,31455.27296
422650.915978,1579.06944,1573.763072,0.0,1579.06944,31455.256576
422750.018796,1579.06944,1573.763072,0.0,1579.06944,31455.240192
422846.474848,1579.06944,1573.763072,0.0,1579.06944,31455.223808
422942.867391,1579.06944,1573.763072,0.0,1579.06944,31455.207424
423041.162009,1579.06944,1573.763072,0.0,1579.06944,31455.19104
423136.746354,1579.06944,1573.763072,0.0,1579.06944,31454.912512
423235.238365,1579.06944,1573.763072,0.0,1579.06944,31454.896128
423333.884303,1579.06944,1573.763072,0.0,1579.06944,31454.879744
423431.296532,1579.06944,1573.763072,0.0,1579.06944,31454.86336
423532.524546,1579.06944,1573.763072,0.0,1579.06944,31454.846976
423633.61747,1579.06944,1573.763072,0.0,1579.06944,31455.35488
423736.79944,1579.06944,1573.763072,0.0,1579.06944,31455.080448
423836.534804,1579.06944,1573.763072,0.0,1579.06944,31455.06816
423935.868849,1579.06944,1573.763072,0.0,1579.06944,31455.309824
424034.142836,1579.06944,1573.763072,0.0,1579.06944,31455.29344
424135.062734,1579.06944,1573.763072,0.0,1579.06944,31455.019008
424236.181679,1579.06944,1573.763072,0.0,1579.06944,31455.002624
424340.175221,1579.06944,1573.763072,0.0,1579.06944,31454.98624
424448.869081,1579.06944,1573.763072,0.0,1579.06944,31454.969856
424550.951187,1579.06944,1573.763072,0.0,1579.06944,31457.472512
424650.710879,1579.06944,1573.763072,0.0,1579.06944,31454.830592
424749.097048,1579.06944,1573.763072,0.0,1579.06944,31454.814208
424856.174073,1579.06944,1573.763072,0.0,1579.06944,31456.452608
424950.910012,1584.574464,1579.268096,0.0,1584.574464,31460.892672
425049.481536,1584.574464,1579.268096,0.0,1584.574464,31459.577856
425146.926157,1584.574464,1579.268096,0.0,1584.574464,31459.30752
425242.701418,1584.574464,1579.268096,0.0,1584.574464,31459.7376
425343.578817,1584.574464,1579.268096,0.0,1584.574464,31459.631104
425442.632478,1584.574464,1579.268096,0.0,1584.574464,31459.61472
425540.342031,1584.574464,1579.268096,0.0,1584.574464,31459.844096
425636.095575,1584.574464,1579.268096,0.0,1584.574464,31459.827712
425735.1093,1584.574464,1579.268096,0.0,1584.574464,31460.073472
425832.729315,1584.574464,1579.268096,0.0,1584.574464,31460.057088
425928.369724,1584.574464,1579.268096,0.0,1584.574464,31460.048896
426026.966697,1584.574464,1579.268096,0.0,1584.574464,31460.052992
426124.458905,1584.574464,1579.268096,0.0,1584.574464,31460.061184
426220.215634,1584.574464,1579.268096,0.0,1584.574464,31460.048896
426319.00953,1584.574464,1579.268096,0.0,1584.574464,31460.032512
426417.153345,1584.574464,1579.268096,0.0,1584.574464,31459.762176
426512.904245,1584.574464,1579.268096,0.0,1584.574464,31459.745792
426611.525321,1584.574464,1579.268096,0.0,1584.574464,31459.729408
426709.497722,1584.574464,1579.268096,0.0,1584.574464,31459.713024
426805.172028,1584.574464,1579.268096,0.0,1584.574464,31460.06528
426903.809461,1584.574464,1579.268096,0.0,1584.574464,31460.048896
427002.519183,1584.574464,1579.268096,0.0,1584.574464,31460.032512
427098.201467,1584.574464,1579.268096,0.0,1584.574464,31460.020224
427196.08037,1584.574464,1579.268096,0.0,1584.574464,31460.16768
427299.040058,1584.574464,1579.268096,0.0,1584.574464,31460.151296
427397.409216,1584.574464,1579.268096,0.0,1584.574464,31460.00384
427495.697875,1584.574464,1579.268096,0.0,1584.574464,31459.987456
427591.124636,1584.574464,1579.268096,0.0,1584.574464,31459.971072
427692.106613,1584.574464,1579.268096,0.0,1584.574464,31459.954688
427790.956175,1584.574464,1579.268096,0.0,1584.574464,31459.938304
427889.567344,1584.574464,1579.268096,0.0,1584.574464,31460.184064
427985.662033,1584.574464,1579.268096,0.0,1584.574464,31460.16768
428083.616404,1584.574464,1579.268096,0.0,1584.574464,31460.0448
428182.624742,1584.574464,1579.268096,0.0,1584.574464,31460.028416
428281.901519,1584.574464,1579.268096,0.0,1584.574464,31460.012032
428377.479288,1584.574464,1579.268096,0.0,1584.574464,31460.257792
428476.338874,1584.574464,1579.268096,0.0,1584.574464,31460.241408
428574.742127,1584.574464,1579.268096,0.0,1584.574464,31460.225024
428670.340353,1584.574464,1579.268096,0.0,1584.574464,31460.20864
428768.809807,1584.574464,1579.268096,0.0,1584.574464,31459.958784
428871.666622,1584.574464,1579.268096,0.0,1584.574464,31460.020224
428970.09754,1584.574464,1579.268096,0.0,1584.574464,31460.265984
429069.141226,1584.574464,1579.268096,0.0,1584.574464,31460.069376
429166.244356,1584.574464,1579.268096,0.0,1584.574464,31460.052992
429261.969806,1584.574464,1579.268096,0.0,1584.574464,31460.036608
429360.991193,1584.574464,1579.268096,0.0,1584.574464,31460.020224
429457.650127,1584.574464,1579.268096,0.0,1584.574464,31460.00384
429558.414044,1584.574464,1579.268096,0.0,1584.574464,31459.987456
429654.306827,1584.574464,1579.268096,0.0,1584.574464,31459.971072
429752.785901,1584.574464,1579.268096,0.0,1584.574464,31459.954688
429848.42094,1584.574464,1579.268096,0.0,1584.574464,31459.938304
429946.941521,1584.574464,1579.268096,0.0,1584.574464,31459.92192
430046.135463,1584.574464,1579.268096,0.0,1584.574464,31460.163584
430142.887222,1584.574464,1579.268096,0.0,1584.574464,31460.1472
430239.025254,1584.574464,1579.268096,0.0,1584.574464,31460.130816
430337.653748,1584.574464,1579.268096,0.0,1584.574464,31460.114432
430433.742567,1584.574464,1579.268096,0.0,1584.574464,31459.835904
430531.510174,1584.574464,1579.268096,0.0,1584.574464,31459.815424
430630.577967,1584.574464,1579.268096,0.0,1584.574464,31459.79904
430727.35139,1584.574464,1579.268096,0.0,1584.574464,31459.782656
430827.124905,1584.574464,1579.268096,0.0,1584.574464,31459.766272
430926.519183,1584.574464,1579.268096,0.0,1584.574464,31459.745792
431027.545543,1584.574464,1579.268096,0.0,1584.574464,31459.729408
431127.903865,1584.574464,1579.268096,0.0,1584.574464,31459.975168
431229.005091,1584.574464,1579.268096,0.0,1584.574464,31459.958784
431331.109398,1584.574464,1579.268096,0.0,1584.574464,31459.9424
431432.913592,1584.574464,1579.268096,0.0,1584.574464,31459.663872
431535.131316,1584.574464,1579.268096,0.0,1584.574464,31459.909632
431635.393823,1584.574464,1579.268096,0.0,1584.574464,31460.155392
431734.831504,1584.574464,1579.268096,0.0,1584.574464,31460.139008
431833.800675,1584.574464,1579.268096,0.0,1584.574464,31460.122624
431934.670927,1584.574464,1579.268096,0.0,1584.574464,31459.86048
432037.781042,1584.574464,1579.268096,0.0,1584.574464,31459.844096
432136.679124,1584.574464,1579.268096,0.0,1584.574464,31459.827712
432235.301385,1584.586752,1579.280384,0.0,1584.586752,31460.319232
432334.306674,1584.586752,1579.280384,0.0,1584.586752,31460.302848
432430.654989,1584.586752,1579.280384,0.0,1584.586752,31460.29056
432526.871528,1584.586752,1579.280384,0.0,1584.586752,31460.274176
432624.484397,1584.586752,1579.280384,0.0,1584.586752,31460.257792
432720.291311,1584.586752,1579.280384,0.0,1584.586752,31460.241408
432819.147599,1584.586752,1579.280384,0.0,1584.586752,31460.225024
432917.380128,1584.586752,1579.280384,0.0,1584.586752,31460.20864
433013.181371,1584.586752,1579.280384,0.0,1584.586752,31459.311616
433111.796487,1584.586752,1579.280384,0.0,1584.586752,31459.549184
433210.263298,1584.586752,1579.280384,0.0,1584.586752,31459.5328
433305.857064,1584.586752,1579.280384,0.0,1584.586752,31459.516416
433404.239766,1584.586752,1579.280384,0.0,1584.586752,31459.500032
433502.761929,1584.586752,1579.280384,0.0,1584.586752,31459.483648
433598.683668,1584.586752,1579.280384,0.0,1584.586752,31459.467264
433696.943172,1584.586752,1579.280384,0.0,1584.586752,31459.713024
433796.227997,1584.586752,1579.280384,0.0,1584.586752,31459.434496
433893.061335,1584.586752,1579.280384,0.0,1584.586752,31459.418112
433989.168646,1584.586752,1579.280384,0.0,1584.586752,31459.659776
434088.311594,1584.586752,1579.280384,0.0,1584.586752,31459.643392
434185.019718,1584.586752,1579.280384,0.0,1584.586752,31459.627008
434282.776775,1584.586752,1579.280384,0.0,1584.586752,31459.610624
434381.777346,1584.586752,1579.280384,0.0,1584.586752,31459.59424
434479.878233,1584.586752,1579.280384,0.0,1584.586752,31459.577856
434575.554974,1584.586752,1579.280384,0.0,1584.586752,31459.55328
434677.412309,1584.586752,1579.280384,0.0,1584.586752,31459.536896
434773.660118,1584.586752,1579.280384,0.0,1584.586752,31459.782656
434870.792234,1584.586752,1579.280384,0.0,1584.586752,31459.766272
434966.73866,1584.586752,1579.280384,0.0,1584.586752,31459.749888
435065.639771,1584.586752,1579.280384,0.0,1584.586752,31459.733504
435162.715265,1584.586752,1579.280384,0.0,1584.586752,31459.71712
435258.713808,1584.586752,1579.280384,0.0,1584.586752,31459.700736
435357.656357,1584.586752,1579.280384,0.0,1584.586752,31459.684352
435454.106006,1584.586752,1579.280384,0.0,1584.586752,31459.667968
435550.202353,1584.586752,1579.280384,0.0,1584.586752,31459.651584
435650.951807,1584.586752,1579.280384,0.0,1584.586752,31459.6352
435749.32389,1584.586752,1579.280384,0.0,1584.586752,31459.618816
435845.291797,1584.586752,1579.280384,0.0,1584.586752,31459.602432
435944.108373,1584.586752,1579.280384,0.0,1584.586752,31459.586048
436042.927805,1584.586752,1579.280384,0.0,1584.586752,31459.569664
436140.125959,1584.586752,1579.280384,0.0,1584.586752,31459.55328
436236.206894,1584.586752,1579.280384,0.0,1584.586752,31459.536896
436335.641195,1584.586752,1579.280384,0.0,1584.586752,31459.782656
436433.525262,1584.586752,1579.280384,0.0,1584.586752,31459.504128
436529.234277,1584.586752,1579.280384,0.0,1584.586752,31459.749888
436627.975909,1584.586752,1579.280384,0.0,1584.586752,31459.733504
436728.795565,1584.586752,1579.280384,0.0,1584.586752,31459.71712
436826.581036,1584.586752,1579.280384,0.0,1584.586752,31459.672064
436922.110101,1584.586752,1579.280384,0.0,1584.586752,31459.917824
437023.478713,1584.586752,1579.280384,0.0,1584.586752,31459.868672
437122.404938,1584.586752,1579.280384,0.0,1584.586752,31459.852288
437221.740013,1584.586752,1579.280384,0.0,1584.586752,31459.835904
437318.75596,1584.586752,1579.280384,0.0,1584.586752,31459.81952
437414.672499,1584.586752,1579.280384,0.0,1584.586752,31459.807232
437513.44758,1584.586752,1579.280384,0.0,1584.586752,31459.790848
437616.964679,1584.586752,1579.280384,0.0,1584.586752,31459.774464
437719.070942,1584.586752,1579.280384,0.0,1584.586752,31459.75808
437820.647454,1584.586752,1579.280384,0.0,1584.586752,31459.741696
437920.783466,1584.586752,1579.280384,0.0,1584.586752,31459.991552
438021.855567,1584.586752,1579.280384,0.0,1584.586752,31459.975168
438124.278556,1584.586752,1579.280384,0.0,1584.586752,31459.958784
438226.108974,1584.586752,1579.280384,0.0,1584.586752,31459.9424
438331.973096,1584.586752,1579.280384,0.0,1584.586752,31459.667968
438433.196879,1584.586752,1579.280384,0.0,1584.586752,31459.651584
438534.553306,1584.586752,1579.280384,0.0,1584.586752,31459.6352
438635.864684,1584.586752,1579.280384,0.0,1584.586752,31459.618816
438736.983064,1584.586752,1579.280384,0.0,1584.586752,31459.602432
438840.993502,1584.586752,1579.280384,0.0,1584.586752,31459.586048
438942.1991,1584.586752,1579.280384,0.0,1584.586752,31459.581952
439037.500512,1589.477376,1584.171008,0.0,1589.477376,31464.800256
439135.40784,1589.477376,1584.171008,0.0,1589.477376,31464.783872
439231.27606,1589.477376,1584.171008,0.0,1589.477376,31464.521728
439330.114433,1589.477376,1584.171008,0.0,1589.477376,31464.505344
439428.220256,1589.477376,1584.171008,0.0,1589.477376,31464.48896
439523.440275,1589.477376,1584.171008,0.0,1589.477376,31464.73472
439622.265196,1589.477376,1584.171008,0.0,1589.477376,31464.718336
439720.179321,1589.477376,1584.171008,0.0,1589.477376,31464.964096
439815.519584,1589.477376,1584.171008,0.0,1589.477376,31464.681472
439914.359001,1589.477376,1584.171008,0.0,1589.477376,31464.665088
440012.512294,1589.477376,1584.171008,0.0,1589.477376,31464.648704
440108.21268,1589.477376,1584.171008,0.0,1589.477376,31464.63232
440206.859415,1589.477376,1584.171008,0.0,1589.477376,31464.615936
440304.905997,1589.477376,1584.171008,0.0,1589.477376,31464.599552
440400.562212,1589.477376,1584.171008,0.0,1589.477376,31464.583168
440499.406863,1589.477376,1584.171008,0.0,1589.477376,31464.566784
440597.725281,1589.477376,1584.171008,0.0,1589.477376,31464.5504
440696.653008,1589.477376,1584.171008,0.0,1589.477376,31464.534016
440792.483625,1589.477376,1584.171008,0.0,1589.477376,31464.77568
440891.422601,1589.477376,1584.171008,0.0,1589.477376,31464.759296
440988.85645,1589.477376,1584.171008,0.0,1589.477376,31465.013248
441086.9639,1589.477376,1584.171008,0.0,1589.477376,31464.706048
441185.056996,1589.477376,1584.171008,0.0,1589.477376,31464.415232
441286.25386,1589.477376,1584.171008,0.0,1589.477376,31464.398848
441385.212709,1589.477376,1584.171008,0.0,1589.477376,31464.382464
441483.375813,1589.477376,1584.171008,0.0,1589.477376,31464.628224
441578.900847,1589.477376,1584.171008,0.0,1589.477376,31464.61184
441677.545406,1589.477376,1584.171008,0.0,1589.477376,31464.595456
441775.212889,1589.477376,1584.171008,0.0,1589.477376,31464.841216
441870.679149,1589.477376,1584.171008,0.0,1589.477376,31464.824832
441969.48622,1589.477376,1584.171008,0.0,1589.477376,31465.070592
442067.66307,1589.477376,1584.171008,0.0,1589.477376,31465.054208
442163.030542,1589.477376,1584.171008,0.0,1589.477376,31464.779776
442263.641261,1589.477376,1584.171008,0.0,1589.477376,31464.763392
442362.739674,1589.477376,1584.171008,0.0,1589.477376,31464.747008
442461.431546,1589.477376,1584.171008,0.0,1589.477376,31464.46848
442557.736653,1589.477376,1584.171008,0.0,1589.477376,31464.452096
442654.100219,1589.477376,1584.171008,0.0,1589.477376,31464.697856
442751.861796,1589.477376,1584.171008,0.0,1589.477376,31464.681472
442849.402738,1589.477376,1584.171008,0.0,1589.477376,31464.665088
442945.536965,1589.477376,1584.171008,0.0,1589.477376,31464.648704
443042.649818,1589.477376,1584.171008,0.0,1589.477376,31464.378368
443138.599153,1589.477376,1584.171008,0.0,1589.477376,31464.361984
443237.389516,1589.477376,1584.171008,0.0,1589.477376,31464.3456
443334.717999,1589.477376,1584.171008,0.0,1589.477376,31464.329216
443430.857704,1589.477376,1584.171008,0.0,1589.477376,31464.312832
443529.882889,1589.477376,1584.171008,0.0,1589.477376,31464.296448
443627.047922,1589.477376,1584.171008,0.0,1589.477376,31464.280064
443722.86896,1589.477376,1584.171008,0.0,1589.477376,31464.26368
443821.952696,1589.477376,1584.171008,0.0,1589.477376,31464.505344
443918.94012,1589.477376,1584.171008,0.0,1589.477376,31464.48896
444014.838452,1589.477376,1584.171008,0.0,1589.477376,31464.996864
444113.833768,1589.477376,1584.171008,0.0,1589.477376,31464.722432
444210.597767,1589.477376,1584.171008,0.0,1589.477376,31464.968192
444306.577767,1589.477376,1584.171008,0.0,1589.477376,31464.951808
444404.975505,1589.477376,1584.171008,0.0,1589.477376,31464.935424
444500.861533,1589.477376,1584.171008,0.0,1589.477376,31463.960576
444599.400055,1589.477376,1584.171008,0.0,1589.477376,31463.796736
444698.529139,1589.477376,1584.171008,0.0,1589.477376,31463.780352
444795.710515,1589.477376,1584.171008,0.0,1589.477376,31463.985152
444893.579648,1589.477376,1584.171008,0.0,1589.477376,31463.87456
444991.549524,1589.477376,1584.171008,0.0,1589.477376,31463.497728
445092.172845,1589.477376,1584.171008,0.0,1589.477376,31463.284736
445193.073444,1589.477376,1584.171008,0.0,1589.477376,31463.268352
445294.121794,1589.477376,1584.171008,0.0,1589.477376,31463.256064
445397.892626,1589.477376,1584.171008,0.0,1589.477376,31463.243776
445499.767971,1589.477376,1584.171008,0.0,1589.477376,31463.231488
445604.753865,1589.477376,1584.171008,0.0,1589.477376,31463.190528
445704.95409,1589.477376,1584.171008,0.0,1589.477376,31463.17824
445804.296047,1589.477376,1584.171008,0.0,1589.477376,31463.428096
445902.229368,1589.477376,1584.171008,0.0,1589.477376,31463.415808
446002.947332,1589.477376,1584.171008,0.0,1589.477376,31463.571456
446103.137329,1589.477376,1584.171008,0.0,1589.477376,31463.559168
446205.970657,1589.477376,1584.171008,0.0,1589.477376,31463.809024
446307.324906,1589.477376,1584.171008,0.0,1589.477376,31463.796736
446411.602257,1589.477376,1584.171008,0.0,1589.477376,31463.784448
446516.63818,1589.477376,1584.171008,0.0,1589.477376,31464.062976
446612.996768,1594.916864,1589.610496,0.0,1594.916864,31469.551616
446712.91724,1594.916864,1589.610496,0.0,1594.916864,31469.285376
446809.059295,1594.916864,1589.610496,0.0,1594.916864,31469.387776
446907.649467,1594.916864,1589.610496,0.0,1594.916864,31469.371392
447006.835811,1594.916864,1589.610496,0.0,1594.916864,31469.355008
447104.574854,1594.916864,1589.610496,0.0,1594.916864,31469.338624
447200.419418,1594.916864,1589.610496,0.0,1594.916864,31469.32224
447299.403218,1594.916864,1589.610496,0.0,1594.916864,31469.305856
447398.104871,1594.916864,1589.610496,0.0,1594.916864,31469.551616
447494.708331,1594.916864,1589.610496,0.0,1594.916864,31468.859392
447591.151363,1594.916864,1589.610496,0.0,1594.916864,31468.843008
447692.059196,1594.916864,1589.610496,0.0,1594.916864,31468.826624
447791.022201,1594.916864,1589.610496,0.0,1594.916864,31469.084672
447887.207336,1594.916864,1589.610496,0.0,1594.916864,31469.068288
447985.679049,1594.916864,1589.610496,0.0,1594.916864,31469.080576
448084.412837,1594.916864,1589.610496,0.0,1594.916864,31468.834816
448182.175564,1594.916864,1589.610496,0.0,1594.916864,31468.818432
448279.896595,1594.916864,1589.610496,0.0,1594.916864,31468.802048
448376.477269,1594.916864,1589.610496,0.0,1594.916864,31468.785664
448474.11332,1594.916864,1589.610496,0.0,1594.916864,31468.498944
448570.087508,1594.916864,1589.610496,0.0,1594.916864,31468.146688
448668.749965,1594.916864,1589.610496,0.0,1594.916864,31468.363776
448767.365241,1594.916864,1589.610496,0.0,1594.916864,31468.335104
448862.802836,1594.916864,1589.610496,0.0,1594.916864,31468.695552
448961.539742,1594.916864,1589.610496,0.0,1594.916864,31469.203456
449061.510988,1594.916864,1589.610496,0.0,1594.916864,31468.822528
449159.621508,1594.916864,1589.610496,0.0,1594.916864,31468.797952
449255.22207,1594.916864,1589.610496,0.0,1594.916864,31468.781568
449354.141337,1594.916864,1589.610496,0.0,1594.916864,31468.765184
449452.500936,1594.916864,1589.610496,0.0,1594.916864,31468.7488
449548.709719,1594.916864,1589.610496,0.0,1594.916864,31469.654016
449648.698182,1594.916864,1589.610496,0.0,1594.916864,31471.484928
449750.21877,1594.916864,1589.610496,0.0,1594.916864,31471.202304
449848.617212,1594.916864,1589.610496,0.0,1594.916864,31470.911488
449947.91682,1594.916864,1589.610496,0.0,1594.916864,31470.682112
450044.836978,1594.916864,1589.610496,0.0,1594.916864,31470.497792
450141.147258,1594.916864,1589.610496,0.0,1594.916864,31470.481408
450239.821457,1594.916864,1589.610496,0.0,1594.916864,31470.465024
450337.013866,1594.916864,1589.610496,0.0,1594.916864,31470.46912
450433.145838,1594.916864,1589.610496,0.0,1594.916864,31470.555136
450532.371981,1594.916864,1589.610496,0.0,1594.916864,31470.538752
450629.640403,1594.916864,1589.610496,0.0,1594.916864,31470.522368
450727.798171,1594.916864,1589.610496,0.0,1594.916864,31470.460928
450825.593526,1594.916864,1589.610496,0.0,1594.916864,31470.256128
450924.463968,1594.916864,1589.610496,0.0,1594.916864,31470.006272
451020.704447,1594.916864,1589.610496,0.0,1594.916864,31470.247936
451117.062468,1594.916864,1589.610496,0.0,1594.916864,31470.493696
451214.555601,1594.916864,1589.610496,0.0,1594.916864,31470.477312
451310.323368,1594.916864,1589.610496,0.0,1594.916864,31470.460928
451408.993893,1594.916864,1589.610496,0.0,1594.916864,31470.71488
451506.413886,1594.916864,1589.610496,0.0,1594.916864,31470.616576
451602.373165,1594.916864,1589.610496,0.0,1594.916864,31470.600192
451703.321922,1594.916864,1589.610496,0.0,1594.916864,31470.583808
451802.105074,1594.916864,1589.610496,0.0,1594.916864,31470.567424
451899.172902,1594.916864,1589.610496,0.0,1594.916864,31470.813184
451994.943178,1594.916864,1589.610496,0.0,1594.916864,31470.792704
452094.243108,1594.916864,1589.610496,0.0,1594.916864,31470.592
452191.690676,1594.916864,1589.610496,0.0,1594.916864,31470.575616
452287.959866,1594.916864,1589.610496,0.0,1594.916864,31470.36672
452386.724165,1594.916864,1589.610496,0.0,1594.916864,31469.83424
452484.61274,1594.916864,1589.610496,0.0,1594.916864,31469.801472
452580.293194,1594.916864,1589.610496,0.0,1594.916864,31469.785088
452679.038535,1594.916864,1589.610496,0.0,1594.916864,31470.030848
452777.1721,1594.916864,1589.610496,0.0,1594.916864,31470.014464
452872.803719,1594.916864,1589.610496,0.0,1594.916864,31470.456832
452971.350514,1594.916864,1589.610496,0.0,1594.916864,31470.702592
453069.311185,1594.916864,1589.610496,0.0,1594.916864,31470.4896
453165.024247,1594.916864,1589.610496,0.0,1594.916864,31470.473216
453265.81761,1594.916864,1589.610496,0.0,1594.916864,31470.456832
453366.950869,1594.916864,1589.610496,0.0,1594.916864,31470.440448
453470.29472,1594.916864,1589.610496,0.0,1594.916864,31470.424064
453572.159193,1594.916864,1589.610496,0.0,1594.916864,31470.40768
453676.778597,1594.916864,1589.610496,0.0,1594.916864,31469.961216
453781.183419,1594.916864,1589.610496,0.0,1594.916864,31469.42464
453881.928474,1594.916864,1589.610496,0.0,1594.916864,31467.565056
453982.375918,1594.916864,1589.610496,0.0,1594.916864,31467.536384
454084.866241,1594.916864,1589.610496,0.0,1594.916864,31467.52
454184.102113,1594.916864,1589.610496,0.0,1594.916864,31467.511808
454289.876305,1594.916864,1589.610496,0.0,1594.916864,31467.757568
454393.922394,1594.916864,1589.610496,0.0,1594.916864,31467.741184
454496.037937,1594.916864,1589.610496,0.0,1594.916864,31467.7248
454597.959391,1594.916864,1589.610496,0.0,1594.916864,31467.593728
454704.334326,1594.916864,1589.610496,0.0,1594.916864,31468.867584
454799.77622,1600.856064,1595.549696,0.0,1600.856064,31474.008064
454897.630252,1600.856064,1595.549696,0.0,1600.856064,31473.99168
454996.728963,1600.856064,1595.549696,0.0,1600.856064,31473.979392
455093.987422,1600.856064,1595.549696,0.0,1600.856064,31473.778688
455190.120488,1600.856064,1595.549696,0.0,1600.856064,31473.762304
455289.144275,1600.856064,1595.549696,0.0,1600.856064,31473.74592
455386.687868,1600.856064,1595.549696,0.0,1600.856064,31473.729536
455482.756128,1600.856064,1595.549696,0.0,1600.856064,31473.713152
455581.975985,1600.856064,1595.549696,0.0,1600.856064,31473.696768
455682.544817,1600.856064,1595.549696,0.0,1600.856064,31473.680384
455780.757529,1600.856064,1595.549696,0.0,1600.856064,31473.664
455876.426928,1600.856064,1595.549696,0.0,1600.856064,31473.90976
455974.893802,1600.856064,1595.549696,0.0,1600.856064,31473.893376
456072.796342,1600.856064,1595.549696,0.0,1600.856064,31473.876992
456168.34747,1600.856064,1595.549696,0.0,1600.856064,31473.860608
456269.24693,1600.856064,1595.549696,0.0,1600.856064,31473.844224
456368.24114,1600.856064,1595.549696,0.0,1600.856064,31473.82784
456467.20349,1600.856064,1595.549696,0.0,1600.856064,31473.811456
456563.810409,1600.856064,1595.549696,0.0,1600.856064,31473.95072
456660.078321,1600.856064,1595.549696,0.0,1600.856064,31473.934336
456758.6304,1600.856064,1595.549696,0.0,1600.856064,31473.917952
456854.120761,1600.856064,1595.549696,0.0,1600.856064,31474.024448
456952.910669,1600.856064,1595.549696,0.0,1600.856064,31474.270208
457051.767709,1600.856064,1595.549696,0.0,1600.856064,31474.200576
457147.70564,1600.856064,1595.549696,0.0,1600.856064,31474.184192
457246.115014,1600.856064,1595.549696,0.0,1600.856064,31474.167808
457345.232095,1600.856064,1595.549696,0.0,1600.856064,31474.151424
457442.161511,1600.856064,1595.549696,0.0,1600.856064,31474.397184
457538.30227,1600.856064,1595.549696,0.0,1600.856064,31474.3808
457637.719293,1600.856064,1595.549696,0.0,1600.856064,31474.364416
457735.146148,1600.856064,1595.549696,0.0,1600.856064,31474.348032
457831.183984,1600.856064,1595.549696,0.0,1600.856064,31474.208768
457930.103921,1600.856064,1595.549696,0.0,1600.856064,31474.716672
458028.18595,1600.856064,1595.549696,0.0,1600.856064,31473.528832
458123.985401,1600.856064,1595.549696,0.0,1600.856064,31473.512448
458223.24809,1600.856064,1595.549696,0.0,1600.856064,31473.47968
458322.44968,1600.856064,1595.549696,0.0,1600.856064,31473.463296
458419.632271,1600.856064,1595.549696,0.0,1600.856064,31473.446912
458515.790872,1600.856064,1595.549696,0.0,1600.856064,31473.430528
458614.649436,1600.856064,1595.549696,0.0,1600.856064,31473.414144
458711.535891,1600.856064,1595.549696,0.0,1600.856064,31473.39776
458807.538985,1600.856064,1595.549696,0.0,1600.856064,31473.373184
458906.54144,1600.856064,1595.549696,0.0,1600.856064,31473.618944
459003.565798,1600.856064,1595.549696,0.0,1600.856064,31474.126848
459099.642456,1600.856064,1595.549696,0.0,1600.856064,31474.110464
459198.945535,1600.856064,1595.549696,0.0,1600.856064,31474.09408
459298.984454,1600.856064,1595.549696,0.0,1600.856064,31474.077696
459395.336604,1600.856064,1595.549696,0.0,1600.856064,31474.061312
459491.635878,1600.856064,1595.549696,0.0,1600.856064,31474.044928
459589.975931,1600.856064,1595.549696,0.0,1600.856064,31474.028544
459688.778672,1600.856064,1595.549696,0.0,1600.856064,31473.995776
459787.204148,1600.856064,1595.549696,0.0,1600.856064,31473.967104
459890.39012,1600.856064,1595.549696,0.0,1600.856064,31473.95072
459991.930837,1600.856064,1595.549696,0.0,1600.856064,31473.938432
460095.703468,1600.856064,1595.549696,0.0,1600.856064,31473.610752
460195.683136,1600.856064,1595.549696,0.0,1600.856064,31473.594368
460294.64904,1600.856064,1595.549696,0.0,1600.856064,31473.577984
460393.038382,1600.856064,1595.549696,0.0,1600.856064,31473.5616
460493.126617,1600.856064,1595.549696,0.0,1600.856064,31473.115136
460594.051293,1600.856064,1595.549696,0.0,1600.856064,31473.360896
460697.489592,1600.856064,1595.549696,0.0,1600.856064,31473.3568
460799.006532,1600.856064,1595.549696,0.0,1600.856064,31473.545216
460902.999144,1600.856064,1595.549696,0.0,1600.856064,31473.4592
461003.201529,1600.856064,1595.549696,0.0,1600.856064,31473.70496
461125.541454,1600.856064,1595.549696,0.0,1600.856064,31473.917952
461223.153303,1600.86016,1595.553792,0.0,1600.86016,31473.901568
461318.871914,1600.86016,1595.553792,0.0,1600.86016,31473.885184
461418.152145,1600.86016,1595.553792,0.0,1600.86016,31474.122752
461517.128863,1600.86016,1595.553792,0.0,1600.86016,31473.856512
461613.480487,1600.86016,1595.553792,0.0,1600.86016,31473.840128
461709.715926,1600.86016,1595.553792,0.0,1600.86016,31473.823744
461807.171982,1600.86016,1595.553792,0.0,1600.86016,31473.80736
461902.917369,1600.86016,1595.553792,0.0,1600.86016,31473.790976
462002.0341,1600.86016,1595.553792,0.0,1600.86016,31474.036736
462099.512795,1600.86016,1595.553792,0.0,1600.86016,31473.762304
462195.227405,1600.86016,1595.553792,0.0,1600.86016,31474.008064
462294.11918,1600.86016,1595.553792,0.0,1600.86016,31473.958912
462392.305741,1600.86016,1595.553792,0.0,1600.86016,31473.942528
462487.919063,1600.86016,1595.553792,0.0,1600.86016,31473.926144
462586.618617,1600.86016,1595.553792,0.0,1600.86016,31473.90976
462685.180713,1600.86016,1595.553792,0.0,1600.86016,31473.893376
462780.965427,1600.86016,1595.553792,0.0,1600.86016,31473.565696
462879.113089,1600.86016,1595.553792,0.0,1600.86016,31473.549312
462978.44631,1600.86016,1595.553792,0.0,1600.86016,31473.795072
463075.487564,1600.86016,1595.553792,0.0,1600.86016,31473.250304
463171.395381,1600.86016,1595.553792,0.0,1600.86016,31473.23392
463270.459623,1600.86016,1595.553792,0.0,1600.86016,31473.217536
463367.234669,1600.86016,1595.553792,0.0,1600.86016,31473.201152
463463.5299,1600.86016,1595.553792,0.0,1600.86016,31473.184768
463562.686941,1600.86016,1595.553792,0.0,1600.86016,31473.168384
463663.095446,1600.86016,1595.553792,0.0,1600.86016,31473.152
463760.041313,1600.86016,1595.553792,0.0,1600.86016,31473.250304
463856.137321,1600.86016,1595.553792,0.0,1600.86016,31473.23392
463955.401303,1600.86016,1595.553792,0.0,1600.86016,31473.217536
464052.538658,1600.86016,1595.553792,0.0,1600.86016,31473.139712
464148.715897,1600.86016,1595.553792,0.0,1600.86016,31473.123328
464247.700799,1600.86016,1595.553792,0.0,1600.86016,31473.106944
464345.122415,1600.86016,1595.553792,0.0,1600.86016,31473.09056
464440.948593,1600.86016,1595.553792,0.0,1600.86016,31473.078272
464539.994258,1600.86016,1595.553792,0.0,1600.86016,31473.061888
464638.179432,1600.86016,1595.553792,0.0,1600.86016,31473.303552
464733.941483,1600.86016,1595.553792,0.0,1600.86016,31473.287168
464832.810929,1600.86016,1595.553792,0.0,1600.86016,31473.09056
464931.519697,1600.86016,1595.553792,0.0,1600.86016,31473.78688
465028.113159,1600.86016,1595.553792,0.0,1600.86016,31473.52064
465124.425859,1600.86016,1595.553792,0.0,1600.86016,31473.754112
465222.429839,1600.86016,1595.553792,0.0,1600.86016,31473.737728
465318.244101,1600.86016,1595.553792,0.0,1600.86016,31473.983488
465418.946951,1600.86016,1595.553792,0.0,1600.86016,31473.967104
465518.176697,1600.86016,1595.553792,0.0,1600.86016,31473.95072
465617.458288,1600.86016,1595.553792,0.0,1600.86016,31473.934336
465714.57591,1600.86016,1595.553792,0.0,1600.86016,31473.917952
465810.617771,1600.86016,1595.553792,0.0,1600.86016,31473.422336
465910.174606,1600.86016,1595.553792,0.0,1600.86016,31473.618944
466008.144646,1600.86016,1595.553792,0.0,1600.86016,31474.122752
466106.967997,1600.86016,1595.553792,0.0,1600.86016,31472.971776
466203.241448,1600.86016,1595.553792,0.0,1600.86016,31472.685056
466302.508974,1600.86016,1595.553792,0.0,1600.86016,31472.668672
466399.742621,1600.86016,1595.553792,0.0,1600.86016,31472.652288
466495.77443,1600.86016,1595.553792,0.0,1600.86016,31472.898048
466598.432556,1600.86016,1595.553792,0.0,1600.86016,31472.881664
466704.860574,1600.86016,1595.553792,0.0,1600.86016,31472.86528
466805.325051,1600.86016,1595.553792,0.0,1600.86016,31473.041408
466904.986576,1600.86016,1595.553792,0.0,1600.86016,31473.287168
467003.192575,1600.86016,1595.553792,0.0,1600.86016,31473.532928
467101.740335,1600.86016,1595.553792,0.0,1600.86016,31473.516544
467204.546897,1600.86016,1595.553792,0.0,1600.86016,31473.50016
467304.538189,1600.86016,1595.553792,0.0,1600.86016,31473.483776
467406.211696,1600.86016,1595.553792,0.0,1600.86016,31473.467392
467512.632274,1600.86016,1595.553792,0.0,1600.86016,31473.451008
467614.487378,1600.86016,1595.553792,0.0,1600.86016,31473.434624
467717.290114,1600.86016,1595.553792,0.0,1600.86016,31473.41824
467817.39242,1600.86016,1595.553792,0.0,1600.86016,31473.21344
467918.222224,1600.86016,1595.553792,0.0,1600.86016,31473.197056
468016.89592,1605.77536,1600.468992,0.0,1605.77536,31478.669312
468115.800161,1605.77536,1600.468992,0.0,1605.77536,31478.39488
468212.384296,1605.77536,1600.468992,0.0,1605.77536,31478.12864
468308.750808,1605.77536,1600.468992,0.0,1605.77536,31478.112256
468407.302444,1605.77536,1600.468992,0.0,1605.77536,31478.095872
468503.117766,1605.77536,1600.468992,0.0,1605.77536,31478.341632
468601.811207,1605.77536,1600.468992,0.0,1605.77536,31478.329344
468700.893928,1605.77536,1600.468992,0.0,1605.77536,31478.308864
468798.471829,1605.77536,1600.468992,0.0,1605.77536,31478.034432
468894.755097,1605.77536,1600.468992,0.0,1605.77536,31478.018048
468993.84547,1605.77536,1600.468992,0.0,1605.77536,31478.280192
469094.880621,1605.77536,1600.468992,0.0,1605.77536,31478.235136
469194.081272,1605.77536,1600.468992,0.0,1605.77536,31477.952512
469294.240454,1605.77536,1600.468992,0.0,1605.77536,31477.936128
469390.796245,1605.77536,1600.468992,0.0,1605.77536,31477.919744
469487.242753,1605.77536,1600.468992,0.0,1605.77536,31477.907456
469585.346994,1605.77536,1600.468992,0.0,1605.77536,31477.891072
469680.977269,1605.77536,1600.468992,0.0,1605.77536,31477.88288
469779.949758,1605.77536,1600.468992,0.0,1605.77536,31477.866496
469878.550581,1605.77536,1600.468992,0.0,1605.77536,31477.850112
469974.752642,1605.77536,1600.468992,0.0,1605.77536,31478.095872
470070.96108,1605.77536,1600.468992,0.0,1605.77536,31478.349824
470168.660631,1605.77536,1600.468992,0.0,1605.77536,31478.345728
470269.76981,1605.77536,1600.468992,0.0,1605.77536,31478.08768
470365.477631,1605.77536,1600.468992,0.0,1605.77536,31478.079488
470464.360981,1605.77536,1600.468992,0.0,1605.77536,31478.071296
470562.635192,1605.77536,1600.468992,0.0,1605.77536,31478.23104
470658.301627,1605.77536,1600.468992,0.0,1605.77536,31479.549952
470753.969769,1605.77536,1600.468992,0.0,1605.77536,31488.270336
470857.781758,1605.77536,1600.468992,0.0,1605.77536,31486.517248
470967.497387,1605.77536,1600.468992,0.0,1605.77536,31484.944384
471065.522464,1605.77536,1600.468992,0.0,1605.77536,31484.919808
471161.60098,1605.77536,1600.468992,0.0,1605.77536,31484.903424
471260.180098,1605.77536,1600.468992,0.0,1605.77536,31484.624896
471358.428235,1605.77536,1600.468992,0.0,1605.77536,31484.608512
471453.954763,1605.77536,1600.468992,0.0,1605.77536,31484.592128
471552.616668,1605.77536,1600.468992,0.0,1605.77536,31484.502016
471653.60014,1605.77536,1600.468992,0.0,1605.77536,31484.653568
471752.452274,1605.77536,1600.468992,0.0,1605.77536,31484.637184
471849.03909,1605.77536,1600.468992,0.0,1605.77536,31484.55936
471945.324956,1605.77536,1600.468992,0.0,1605.77536,31484.502016
472043.957502,1605.77536,1600.468992,0.0,1605.77536,31484.747776
472139.445875,1605.77536,1600.468992,0.0,1605.77536,31484.731392
472238.005891,1605.77536,1600.468992,0.0,1605.77536,31484.715008
472337.037506,1605.77536,1600.468992,0.0,1605.77536,31484.698624
472433.507394,1605.77536,1600.468992,0.0,1605.77536,31484.944384
472529.707087,1605.77536,1600.468992,0.0,1605.77536,31484.928
472627.855764,1605.77536,1600.468992,0.0,1605.77536,31484.911616
472723.80814,1605.77536,1600.468992,0.0,1605.77536,31485.161472
472822.540159,1605.77536,1600.468992,0.0,1605.77536,31485.018112
472921.677841,1605.77536,1600.468992,0.0,1605.77536,31485.001728
473019.345161,1605.77536,1600.468992,0.0,1605.77536,31484.993536
473115.379901,1605.77536,1600.468992,0.0,1605.77536,31484.542976
473216.383246,1605.77536,1600.468992,0.0,1605.77536,31484.796928
473317.418599,1605.77536,1600.468992,0.0,1605.77536,31484.792832
473419.518619,1605.77536,1600.468992,0.0,1605.77536,31484.780544
473522.963923,1605.77536,1600.468992,0.0,1605.77536,31484.772352
473627.82833,1605.77536,1600.468992,0.0,1605.77536,31484.956672
473728.92468,1605.77536,1600.468992,0.0,1605.77536,31484.669952
473830.815337,1605.77536,1600.468992,0.0,1605.77536,31484.911616
473932.111708,1605.77536,1600.468992,0.0,1605.77536,31484.895232
474033.601308,1605.77536,1600.468992,0.0,1605.77536,31484.616704
474136.951174,1605.77536,1600.468992,0.0,1605.77536,31484.84608
474239.445816,1605.77536,1600.468992,0.0,1605.77536,31484.39552
474344.095679,1605.77536,1600.468992,0.0,1605.77536,31484.379136
474444.938422,1605.77536,1600.468992,0.0,1605.77536,31484.358656
474569.39921,1605.77536,1600.468992,0.0,1605.77536,31484.325888
474667.226921,1610.461184,1605.154816,0.0,1610.461184,31489.028096
474766.200334,1610.461184,1605.154816,0.0,1610.461184,31489.011712
474862.572067,1610.461184,1605.154816,0.0,1610.461184,31489.35168
474959.105656,1610.461184,1605.154816,0.0,1610.461184,31489.343488
475057.631386,1610.461184,1605.154816,0.0,1610.461184,31488.950272
475153.325825,1610.461184,1605.154816,0.0,1610.461184,31488.958464
475252.051717,1610.461184,1605.154816,0.0,1610.461184,31488.67584
475351.281764,1610.461184,1605.154816,0.0,1610.461184,31488.876544
475449.112036,1610.461184,1605.154816,0.0,1610.461184,31488.86016
475545.266376,1610.461184,1605.154816,0.0,1610.461184,31488.843776
475647.232566,1610.461184,1605.154816,0.0,1610.461184,31488.827392
475745.872927,1610.461184,1605.154816,0.0,1610.461184,31488.811008
475845.016805,1610.461184,1605.154816,0.0,1610.461184,31488.565248
475943.13792,1610.461184,1605.154816,0.0,1610.461184,31488.299008
476039.102329,1610.461184,1605.154816,0.0,1610.461184,31488.548864
476138.064416,1610.461184,1605.154816,0.0,1610.461184,31488.53248
476237.683458,1610.461184,1605.154816,0.0,1610.461184,31492.194304
476339.758392,1610.461184,1605.154816,0.0,1610.461184,31490.531328
476438.891068,1610.461184,1605.154816,0.0,1610.461184,31491.063808
476536.890573,1610.461184,1605.154816,0.0,1610.461184,31492.767744
476633.181131,1610.461184,1605.154816,0.0,1610.461184,31490.92864
476733.746379,1610.461184,1605.154816,0.0,1610.461184,31490.875392
476833.107899,1610.461184,1605.154816,0.0,1610.461184,31490.7648
476932.348899,1610.461184,1605.154816,0.0,1610.461184,31490.748416
477029.787277,1610.461184,1605.154816,0.0,1610.461184,31490.3552
477125.890908,1610.461184,1605.154816,0.0,1610.461184,31490.146304
477225.115943,1610.461184,1605.154816,0.0,1610.461184,31490.58048
477323.9548,1610.461184,1605.154816,0.0,1610.461184,31490.531328
477420.138498,1610.461184,1605.154816,0.0,1610.461184,31490.752512
477518.355503,1610.461184,1605.154816,0.0,1610.461184,31490.736128
477617.471374,1610.461184,1605.154816,0.0,1610.461184,31490.719744
477715.413815,1610.461184,1605.154816,0.0,1610.461184,31490.70336
477811.197192,1610.461184,1605.154816,0.0,1610.461184,31490.94912
477910.255041,1610.461184,1605.154816,0.0,1610.461184,31490.932736
478008.568889,1610.461184,1605.154816,0.0,1610.461184,31490.916352
478104.635119,1610.461184,1605.154816,0.0,1610.461184,31490.64192
478203.435947,1610.461184,1605.154816,0.0,1610.461184,31490.88768
478302.568855,1610.461184,1605.154816,0.0,1610.461184,31490.871296
478400.233694,1610.461184,1605.154816,0.0,1610.461184,31490.854912
478496.11594,1610.461184,1605.154816,0.0,1610.461184,31490.838528
478595.273029,1610.461184,1605.154816,0.0,1610.461184,31490.822144
478695.499105,1610.461184,1605.154816,0.0,1610.461184,31490.80576
478793.194905,1610.461184,1605.154816,0.0,1610.461184,31490.506752
478889.000943,1610.461184,1605.154816,0.0,1610.461184,31490.490368
478987.907536,1610.461184,1605.154816,0.0,1610.461184,31490.736128
479085.853069,1610.461184,1605.154816,0.0,1610.461184,31490.695168
479181.537985,1610.461184,1605.154816,0.0,1610.461184,31492.132864
479282.661809,1610.461184,1605.154816,0.0,1610.461184,31491.21536
479381.592504,1610.461184,1605.154816,0.0,1610.461184,31491.46112
479480.725551,1610.461184,1605.154816,0.0,1610.461184,31491.70688
479577.827275,1610.461184,1605.154816,0.0,1610.461184,31491.690496
479678.631723,1610.461184,1605.154816,0.0,1610.461184,31491.411968
479774.995092,1610.461184,1605.154816,0.0,1610.461184,31491.661824
479874.165376,1610.461184,1605.154816,0.0,1610.461184,31491.64544
479971.19567,1610.461184,1605.154816,0.0,1610.461184,31491.887104
480067.467318,1610.461184,1605.154816,0.0,1610.461184,31491.54304
480169.092367,1610.461184,1605.154816,0.0,1610.461184,31491.52256
480272.318896,1610.461184,1605.154816,0.0,1610.461184,31491.76832
480371.020666,1610.461184,1605.154816,0.0,1610.461184,31491.751936
480475.251141,1610.461184,1605.154816,0.0,1610.461184,31491.735552
480577.384036,1610.461184,1605.154816,0.0,1610.461184,31491.719168
480678.746585,1610.461184,1605.154816,0.0,1610.461184,31491.702784
480778.517722,1610.461184,1605.154816,0.0,1610.461184,31491.690496
480877.346595,1610.461184,1605.154816,0.0,1610.461184,31491.776512
480977.289921,1610.461184,1605.154816,0.0,1610.461184,31492.284416
481080.352609,1610.461184,1605.154816,0.0,1610.461184,31492.009984
481180.982755,1610.461184,1605.154816,0.0,1610.461184,31488.442368
481282.747284,1610.461184,1605.154816,0.0,1610.461184,31488.688128
481387.62471,1610.461184,1605.154816,0.0,1610.461184,31488.671744
481493.614077,1610.461184,1605.154816,0.0,1610.461184,31488.380928
481588.988578,1615.417344,1610.110976,0.0,1615.417344,31493.873664
481686.000731,1615.417344,1610.110976,0.0,1615.417344,31493.603328
481782.149163,1615.417344,1610.110976,0.0,1615.417344,31493.484544
481881.005279,1615.417344,1610.110976,0.0,1615.417344,31493.46816
481977.992374,1615.417344,1610.110976,0.0,1615.417344,31493.44768
482074.528426,1615.417344,1610.110976,0.0,1615.417344,31493.423104
482173.733872,1615.417344,1610.110976,0.0,1615.417344,31494.189056
482274.246991,1615.417344,1610.110976,0.0,1615.417344,31493.910528
482371.424049,1615.417344,1610.110976,0.0,1615.417344,31493.640192
482467.500986,1615.417344,1610.110976,0.0,1615.417344,31493.619712
482566.835208,1615.417344,1610.110976,0.0,1615.417344,31493.603328
482665.246978,1615.417344,1610.110976,0.0,1615.417344,31493.214208
482761.282107,1615.417344,1610.110976,0.0,1615.417344,31493.197824
482860.228345,1615.417344,1610.110976,0.0,1615.417344,31493.287936
482959.729272,1615.417344,1610.110976,0.0,1615.417344,31493.533696
483057.6039,1615.417344,1610.110976,0.0,1615.417344,31493.517312
483153.261898,1615.417344,1610.110976,0.0,1615.417344,31493.500928
483252.404728,1615.417344,1610.110976,0.0,1615.417344,31493.484544
483350.742423,1615.417344,1610.110976,0.0,1615.417344,31493.730304
483446.413748,1615.417344,1610.110976,0.0,1615.417344,31493.455872
483545.220876,1615.417344,1610.110976,0.0,1615.417344,31493.439488
483646.400345,1615.417344,1610.110976,0.0,1615.417344,31493.423104
483745.747877,1615.417344,1610.110976,0.0,1615.417344,31493.40672
483843.75407,1615.417344,1610.110976,0.0,1615.417344,31493.390336
483939.808452,1615.417344,1610.110976,0.0,1615.417344,31493.373952
484038.5058,1615.417344,1610.110976,0.0,1615.417344,31493.615616
484137.534367,1615.417344,1610.110976,0.0,1615.417344,31492.79232
484234.345573,1615.417344,1610.110976,0.0,1615.417344,31493.562368
484330.632749,1615.417344,1610.110976,0.0,1615.417344,31493.545984
484429.663459,1615.417344,1610.110976,0.0,1615.417344,31493.013504
484529.274482,1615.417344,1610.110976,0.0,1615.417344,31492.726784
484624.958853,1615.417344,1610.110976,0.0,1615.417344,31492.972544
484726.26386,1615.417344,1610.110976,0.0,1615.417344,31492.960256
484824.554673,1615.417344,1610.110976,0.0,1615.417344,31492.943872
484923.475802,1615.417344,1610.110976,0.0,1615.417344,31492.927488
485020.337691,1615.417344,1610.110976,0.0,1615.417344,31493.173248
485116.058366,1615.417344,1610.110976,0.0,1615.417344,31492.89472
485214.416486,1615.417344,1610.110976,0.0,1615.417344,31493.402624
485313.663223,1615.417344,1610.110976,0.0,1615.417344,31493.648384
485410.037445,1615.417344,1610.110976,0.0,1615.417344,31493.632
485509.068956,1615.417344,1610.110976,0.0,1615.417344,31493.357568
485607.602873,1615.417344,1610.110976,0.0,1615.417344,31493.341184
485703.705222,1615.417344,1610.110976,0.0,1615.417344,31493.586944
485801.993202,1615.417344,1610.110976,0.0,1615.417344,31493.308416
485901.539372,1615.417344,1610.110976,0.0,1615.417344,31493.292032
485999.343665,1615.417344,1610.110976,0.0,1615.417344,31493.537792
486095.521985,1615.417344,1610.110976,0.0,1615.417344,31493.521408
486194.741984,1615.417344,1610.110976,0.0,1615.417344,31493.50912
486293.155711,1615.417344,1610.110976,0.0,1615.417344,31493.742592
486389.077936,1615.417344,1610.110976,0.0,1615.417344,31493.697536
486487.43794,1615.417344,1610.110976,0.0,1615.417344,31493.685248
486586.778907,1615.417344,1610.110976,0.0,1615.417344,31493.668864
486684.525529,1615.417344,1610.110976,0.0,1615.417344,31493.914624
486780.327104,1615.417344,1610.110976,0.0,1615.417344,31493.89824
486879.646285,1615.417344,1610.110976,0.0,1615.417344,31493.46816
486978.758905,1615.417344,1610.110976,0.0,1615.417344,31493.44768
487075.633215,1615.417344,1610.110976,0.0,1615.417344,31493.431296
487171.882429,1615.417344,1610.110976,0.0,1615.417344,31493.414912
487270.506076,1615.417344,1610.110976,0.0,1615.417344,31493.660672
487367.151592,1615.417344,1610.110976,0.0,1615.417344,31493.906432
487463.707129,1615.417344,1610.110976,0.0,1615.417344,31493.627904
487561.742149,1615.417344,1610.110976,0.0,1615.417344,31493.61152
487662.378222,1615.417344,1610.110976,0.0,1615.417344,31493.595136
487758.167643,1615.417344,1610.110976,0.0,1615.417344,31493.578752
487859.616638,1615.417344,1610.110976,0.0,1615.417344,31493.30432
487960.591711,1615.417344,1610.110976,0.0,1615.417344,31493.55008
488062.609309,1615.417344,1610.110976,0.0,1615.417344,31493.271552
488164.647247,1615.417344,1610.110976,0.0,1615.417344,31493.255168
488270.240775,1615.417344,1610.110976,0.0,1615.417344,31493.496832
488373.079098,1615.417344,1610.110976,0.0,1615.417344,31493.480448
488475.279833,1615.417344,1610.110976,0.0,1615.417344,31493.464064
488574.005097,1615.417344,1610.110976,0.0,1615.417344,31493.44768
488675.342354,1615.417344,1610.110976,0.0,1615.417344,31493.69344
488778.217269,1615.417344,1610.110976,0.0,1615.417344,31493.677056
488880.10792,1615.417344,1610.110976,0.0,1615.417344,31493.660672
488984.102633,1615.417344,1610.110976,0.0,1615.417344,31493.644288
489084.961985,1615.417344,1610.110976,0.0,1615.417344,31493.353472
489198.285915,1615.417344,1610.110976,0.0,1615.417344,31493.582848
489296.243794,1620.996096,1615.689728,0.0,1620.996096,31499.333632
489392.971133,1620.996096,1615.689728,0.0,1620.996096,31499.317248
489489.530257,1620.996096,1615.689728,0.0,1620.996096,31498.227712
489588.365217,1620.996096,1615.689728,0.0,1620.996096,31498.211328
489684.612501,1620.996096,1615.689728,0.0,1620.996096,31498.186752
489783.366045,1620.996096,1615.689728,0.0,1620.996096,31498.162176
489882.63683,1620.996096,1615.689728,0.0,1620.996096,31498.407936
489981.475342,1620.996096,1615.689728,0.0,1620.996096,31498.653696
490078.151823,1620.996096,1615.689728,0.0,1620.996096,31498.350592
490174.556395,1620.996096,1615.689728,0.0,1620.996096,31498.334208
490273.261666,1620.996096,1615.689728,0.0,1620.996096,31498.317824
490369.043727,1620.996096,1615.689728,0.0,1620.996096,31498.563584
490467.193916,1620.996096,1615.689728,0.0,1620.996096,31498.5472
490567.020456,1620.996096,1615.689728,0.0,1620.996096,31498.530816
490665.139511,1620.996096,1615.689728,0.0,1620.996096,31498.514432
490761.049987,1620.996096,1615.689728,0.0,1620.996096,31498.498048
490859.932838,1620.996096,1615.689728,0.0,1620.996096,31498.481664
490958.855921,1620.996096,1615.689728,0.0,1620.996096,31498.727424
491055.187796,1620.996096,1615.689728,0.0,1620.996096,31498.452992
491151.752327,1620.996096,1615.689728,0.0,1620.996096,31498.436608
491251.258523,1620.996096,1615.689728,0.0,1620.996096,31498.420224
491348.401102,1620.996096,1615.689728,0.0,1620.996096,31498.40384
491444.612013,1620.996096,1615.689728,0.0,1620.996096,31498.387456
491543.897462,1620.996096,1615.689728,0.0,1620.996096,31498.371072
491643.964444,1620.996096,1615.689728,0.0,1620.996096,31498.354688
491740.589778,1620.996096,1615.689728,0.0,1620.996096,31498.338304
491837.123717,1620.996096,1615.689728,0.0,1620.996096,31498.32192
491936.313443,1620.996096,1615.689728,0.0,1620.996096,31498.305536
492033.178999,1620.996096,1615.689728,0.0,1620.996096,31498.285056
492135.044235,1620.996096,1615.689728,0.0,1620.996096,31497.752576
492231.498395,1620.996096,1615.689728,0.0,1620.996096,31497.965568
492331.054611,1620.996096,1615.689728,0.0,1620.996096,31498.211328
492430.549253,1620.996096,1615.689728,0.0,1620.996096,31497.945088
492531.463372,1620.996096,1615.689728,0.0,1620.996096,31497.928704
492630.07198,1620.996096,1615.689728,0.0,1620.996096,31497.91232
492729.142184,1620.996096,1615.689728,0.0,1620.996096,31497.895936
492825.098144,1620.996096,1615.689728,0.0,1620.996096,31497.879552
492924.523922,1620.996096,1615.689728,0.0,1620.996096,31499.091968
493023.472088,1620.996096,1615.689728,0.0,1620.996096,31499.087872
493119.955224,1620.996096,1615.689728,0.0,1620.996096,31498.821632
493216.565777,1620.996096,1615.689728,0.0,1620.996096,31498.805248
493314.879176,1620.996096,1615.689728,0.0,1620.996096,31499.055104
493410.682537,1620.996096,1615.689728,0.0,1620.996096,31499.03872
493509.601067,1620.996096,1615.689728,0.0,1620.996096,31499.042816
493608.976304,1620.996096,1615.689728,0.0,1620.996096,31499.034624
493706.56601,1620.996096,1615.689728,0.0,1620.996096,31499.22304
493802.695119,1620.996096,1615.689728,0.0,1620.996096,31499.206656
493901.875001,1620.996096,1615.689728,0.0,1620.996096,31499.452416
494000.908803,1620.996096,1615.689728,0.0,1620.996096,31501.668352
494098.330908,1620.996096,1615.688704,0.0,1620.996096,31509.663744
494193.146608,1620.996096,1615.689728,0.0,1620.996096,31500.57472
494293.531426,1620.996096,1615.689728,0.0,1620.996096,31500.017664
494390.732328,1620.996096,1615.689728,0.0,1620.996096,31500.00128
494486.752383,1620.996096,1615.689728,0.0,1620.996096,31499.984896
494586.179281,1620.996096,1615.689728,0.0,1620.996096,31499.968512
494684.401326,1620.996096,1615.689728,0.0,1620.996096,31499.81696
494785.503822,1620.996096,1615.689728,0.0,1620.996096,31499.4688
494881.163128,1620.996096,1615.689728,0.0,1620.996096,31499.288576
494981.945314,1620.996096,1615.689728,0.0,1620.996096,31499.546624
495083.549145,1620.996096,1615.689728,0.0,1620.996096,31499.210752
495187.123246,1620.996096,1615.689728,0.0,1620.996096,31499.34592
495291.925942,1620.996096,1615.689728,0.0,1620.996096,31499.329536
495393.710436,1620.996096,1615.689728,0.0,1620.996096,31499.313152
495496.136218,1620.996096,1615.689728,0.0,1620.996096,31499.558912
495597.38832,1620.996096,1615.689728,0.0,1620.996096,31499.542528
495700.280605,1620.996096,1615.689728,0.0,1620.996096,31499.526144
495800.658089,1620.996096,1615.689728,0.0,1620.996096,31499.50976
495902.70996,1620.996096,1615.689728,0.0,1620.996096,31499.493376
496007.970763,1620.996096,1615.689728,0.0,1620.996096,31499.739136
496110.045645,1620.996096,1615.689728,0.0,1620.996096,31499.722752
496212.303489,1620.996096,1615.689728,0.0,1620.996096,31499.44832
496313.271688,1620.996096,1615.689728,0.0,1620.996096,31499.431936
496413.994402,1620.996096,1615.689728,0.0,1620.996096,31498.756096
496513.041565,1626.238976,1620.932608,0.0,1626.238976,31503.966208
496615.130202,1626.238976,1620.932608,0.0,1626.238976,31503.548416
496714.639894,1626.238976,1620.932608,0.0,1626.238976,31503.532032
496813.90944,1626.238976,1620.932608,0.0,1626.238976,31503.70816
496912.78101,1626.238976,1620.932608,0.0,1626.238976,31503.507456
497014.944906,1626.238976,1620.932608,0.0,1626.238976,31503.753216
497113.215493,1626.238976,1620.932608,0.0,1626.238976,31503.998976
497209.136963,1626.238976,1620.932608,0.0,1626.238976,31503.982592
497308.120446,1626.238976,1620.932608,0.0,1626.238976,31503.966208
497407.342238,1626.238976,1620.932608,0.0,1626.238976,31503.822848
497504.936574,1626.238976,1620.932608,0.0,1626.238976,31503.806464
497601.307572,1626.238976,1620.932608,0.0,1626.238976,31503.618048
497700.530645,1626.238976,1620.932608,0.0,1626.238976,31503.859712
497799.990197,1626.238976,1620.932608,0.0,1626.238976,31503.843328
497897.525114,1626.238976,1620.932608,0.0,1626.238976,31503.826944
497994.005355,1626.238976,1620.932608,0.0,1626.238976,31503.81056
498093.144801,1626.238976,1620.932608,0.0,1626.238976,31503.785984
498192.11382,1626.238976,1620.932608,0.0,1626.238976,31503.7696
498288.91075,1626.238976,1620.932608,0.0,1626.238976,31503.753216
498385.397561,1626.238976,1620.932608,0.0,1626.238976,31503.740928
498484.616874,1626.238976,1620.932608,0.0,1626.238976,31503.724544
498581.856959,1626.238976,1620.932608,0.0,1626.238976,31503.70816
498678.1226,1626.238976,1620.932608,0.0,1626.238976,31503.95392
498777.663476,1626.238976,1620.932608,0.0,1626.238976,31503.941632
498876.456373,1626.238976,1620.932608,0.0,1626.238976,31503.93344
498972.655562,1626.238976,1620.932608,0.0,1626.238976,31504.183296
499069.363078,1626.238976,1620.932608,0.0,1626.238976,31503.91296
499168.0623,1626.238976,1620.932608,0.0,1626.238976,31504.13824
499264.078633,1626.238976,1620.932608,0.0,1626.238976,31504.121856
499362.280449,1626.238976,1620.932608,0.0,1626.238976,31503.835136
499461.776414,1626.238976,1620.932608,0.0,1626.238976,31503.822848
499559.750185,1626.238976,1620.932608,0.0,1626.238976,31503.826944
499658.510343,1626.238976,1620.932608,0.0,1626.238976,31503.826944
499755.691239,1626.238976,1620.932608,0.0,1626.238976,31503.306752
499857.166693,1626.238976,1620.932608,0.0,1626.238976,31503.286272
499956.615097,1626.238976,1620.932608,0.0,1626.238976,31504.887808
500056.329338,1626.238976,1620.931584,0.0,1626.238976,31506.956288
500154.449419,1626.238976,1620.932608,0.0,1626.238976,31503.904768
500254.387309,1626.238976,1620.932608,0.0,1626.238976,31505.010688
500350.45486,1626.238976,1620.932608,0.0,1626.238976,31505.256448
500449.92862,1626.238976,1620.932608,0.0,1626.238976,31505.240064
500549.140485,1626.238976,1620.932608,0.0,1626.238976,31505.22368
500645.864837,1626.238976,1620.932608,0.0,1626.238976,31505.207296
500742.475128,1626.238976,1620.932608,0.0,1626.238976,31505.190912
500841.723354,1626.238976,1620.932608,0.0,1626.238976,31505.235968
500939.129748,1626.238976,1620.932608,0.0,1626.238976,31505.219584
501035.280133,1626.238976,1620.932608,0.0,1626.238976,31505.006592
501135.01728,1626.238976,1620.932608,0.0,1626.238976,31504.654336
501233.514,1626.238976,1620.932608,0.0,1626.238976,31504.887808
501329.446936,1626.238976,1620.932608,0.0,1626.238976,31504.879616
501428.140076,1626.238976,1620.932608,0.0,1626.238976,31504.87552
501527.191846,1626.238976,1620.932608,0.0,1626.238976,31505.129472
501625.369459,1626.238976,1620.932608,0.0,1626.238976,31505.289216
501727.894659,1626.238976,1620.932608,0.0,1626.238976,31505.281024
501829.628135,1626.238976,1620.932608,0.0,1626.238976,31505.534976
501936.224591,1626.238976,1620.932608,0.0,1626.238976,31505.53088
502036.077912,1626.238976,1620.932608,0.0,1626.238976,31505.7152
502135.838111,1626.238976,1620.932608,0.0,1626.238976,31505.698816
502234.687123,1626.238976,1620.932608,0.0,1626.238976,31505.661952
502335.598129,1626.238976,1620.932608,0.0,1626.238976,31505.645568
502437.045963,1626.238976,1620.932608,0.0,1626.238976,31505.371136
502540.741757,1626.238976,1620.932608,0.0,1626.238976,31505.354752
502643.064791,1626.238976,1620.932608,0.0,1626.238976,31505.338368
502744.55114,1626.238976,1620.932608,0.0,1626.238976,31505.321984
502843.977405,1626.238976,1620.932608,0.0,1626.238976,31505.3056
502943.001071,1626.238976,1620.932608,0.0,1626.238976,31505.293312
503049.545441,1626.238976,1620.932608,0.0,1626.238976,31505.330176
503148.846699,1626.247168,1620.9408,0.0,1626.247168,31505.313792
503246.537005,1626.247168,1620.9408,0.0,1626.247168,31505.3056
503342.79769,1626.247168,1620.9408,0.0,1626.247168,31505.289216
503442.535938,1626.247168,1620.9408,0.0,1626.247168,31505.534976
503541.796823,1626.247168,1620.9408,0.0,1626.247168,31505.518592
503638.99035,1626.247168,1620.9408,0.0,1626.247168,31505.502208
503735.124098,1626.247168,1620.9408,0.0,1626.247168,31505.485824
503834.051583,1626.247168,1620.9408,0.0,1626.247168,31505.354752
503932.153556,1626.247168,1620.9408,0.0,1626.247168,31505.317888
504028.061903,1626.247168,1620.9408,0.0,1626.247168,31505.563648
504126.819222,1626.247168,1620.9408,0.0,1626.247168,31505.547264
504225.909309,1626.247168,1620.9408,0.0,1626.247168,31505.268736
504322.911261,1626.247168,1620.9408,0.0,1626.247168,31505.248256
504419.104034,1626.247168,1620.9408,0.0,1626.247168,31505.231872
504518.309037,1626.247168,1620.9408,0.0,1626.247168,31505.215488
504615.443044,1626.247168,1620.9408,0.0,1626.247168,31505.199104
504711.859405,1626.247168,1620.9408,0.0,1626.247168,31505.18272
504811.214032,1626.247168,1620.9408,0.0,1626.247168,31505.358848
504909.889163,1626.247168,1620.9408,0.0,1626.247168,31505.342464
505009.148379,1626.247168,1620.9408,0.0,1626.247168,31505.031168
505105.530202,1626.247168,1620.9408,0.0,1626.247168,31504.748544
505204.689438,1626.247168,1620.9408,0.0,1626.247168,31504.73216
505304.184296,1626.247168,1620.9408,0.0,1626.247168,31504.715776
505401.958207,1626.247168,1620.9408,0.0,1626.247168,31504.699392
505497.846501,1626.247168,1620.9408,0.0,1626.247168,31504.683008
505596.897627,1626.247168,1620.9408,0.0,1626.247168,31504.924672
505695.881817,1626.247168,1620.9408,0.0,1626.247168,31504.908288
505792.499315,1626.247168,1620.9408,0.0,1626.247168,31504.896
505888.888168,1626.247168,1620.9408,0.0,1626.247168,31504.87552
505987.721275,1626.247168,1620.9408,0.0,1626.247168,31505.117184
506084.042656,1626.247168,1620.9408,0.0,1626.247168,31505.1008
506180.580355,1626.247168,1620.9408,0.0,1626.247168,31505.084416
506278.798772,1626.247168,1620.9408,0.0,1626.247168,31505.072128
506374.602401,1626.247168,1620.9408,0.0,1626.247168,31505.072128
506473.501713,1626.247168,1620.9408,0.0,1626.247168,31505.28512
506572.599758,1626.247168,1620.9408,0.0,1626.247168,31505.53088
506669.750673,1626.247168,1620.9408,0.0,1626.247168,31505.514496
506765.985389,1626.247168,1620.9408,0.0,1626.247168,31505.498112
506867.634842,1626.247168,1620.9408,0.0,1626.247168,31505.34656
506966.821037,1626.247168,1620.9408,0.0,1626.247168,31505.596416
507066.204194,1626.247168,1620.9408,0.0,1626.247168,31505.330176
507163.336725,1626.247168,1620.9408,0.0,1626.247168,31505.313792
507259.690948,1626.247168,1620.9408,0.0,1626.247168,31505.027072
507358.933645,1626.247168,1620.9408,0.0,1626.247168,31505.010688
507456.702097,1626.247168,1620.9408,0.0,1626.247168,31504.617472
507552.70039,1626.247168,1620.9408,0.0,1626.247168,31504.601088
507653.733999,1626.247168,1620.9408,0.0,1626.247168,31504.592896
507752.825565,1626.247168,1620.9408,0.0,1626.247168,31504.576512
507852.231147,1626.247168,1620.9408,0.0,1626.247168,31504.330752
507949.880322,1626.247168,1620.9408,0.0,1626.247168,31504.314368
508045.886015,1626.247168,1620.9408,0.0,1626.247168,31504.30208
508144.994931,1626.247168,1620.9408,0.0,1626.247168,31504.560128
508243.214947,1626.247168,1620.9408,0.0,1626.247168,31504.56832
508339.008157,1626.247168,1620.9408,0.0,1626.247168,31504.556032
508437.748533,1626.247168,1620.9408,0.0,1626.247168,31504.539648
508537.304551,1626.247168,1620.9408,0.0,1626.247168,31504.52736
508634.804555,1626.247168,1620.9408,0.0,1626.247168,31504.789504
508731.170986,1626.247168,1620.9408,0.0,1626.247168,31504.777216
508832.552777,1626.247168,1620.9408,0.0,1626.247168,31504.760832
508936.450923,1626.247168,1620.9408,0.0,1626.247168,31504.658432
509037.814075,1626.247168,1620.9408,0.0,1626.247168,31504.904192
509140.951342,1626.247168,1620.9408,0.0,1626.247168,31504.896
509241.022441,1626.247168,1620.9408,0.0,1626.247168,31504.871424
509340.305015,1626.247168,1620.9408,0.0,1626.247168,31504.85504
509438.618567,1626.247168,1620.9408,0.0,1626.247168,31504.842752
509539.539596,1626.247168,1620.9408,0.0,1626.247168,31504.822272
509641.759855,1626.247168,1620.9408,0.0,1626.247168,31504.805888
509743.639998,1626.247168,1620.9408,0.0,1626.247168,31505.051648
509846.162174,1626.247168,1620.9408,0.0,1626.247168,31505.035264
509947.21816,1626.247168,1620.9408,0.0,1626.247168,31505.01888
510047.207838,1626.247168,1620.9408,0.0,1626.247168,31504.211968
510169.295992,1626.247168,1620.9408,0.0,1626.247168,31504.011264
510264.991613,1631.350784,1626.044416,0.0,1631.350784,31509.499904
510364.241937,1631.350784,1626.044416,0.0,1631.350784,31509.48352
510463.957846,1631.350784,1626.044416,0.0,1631.350784,31509.72928
510562.452838,1631.350784,1626.044416,0.0,1631.350784,31509.712896
510658.204912,1631.350784,1626.044416,0.0,1631.350784,31509.958656
510759.322409,1631.350784,1626.044416,0.0,1631.350784,31509.942272
510857.854947,1631.350784,1626.044416,0.0,1631.350784,31509.663744
510957.501202,1631.350784,1626.044416,0.0,1631.350784,31509.64736
511055.904099,1631.350784,1626.044416,0.0,1631.350784,31509.635072
511151.804694,1631.350784,1626.044416,0.0,1631.350784,31509.618688
511250.725034,1631.350784,1626.044416,0.0,1631.350784,31509.860352
511350.530777,1631.350784,1626.044416,0.0,1631.350784,31509.843968
511449.469362,1631.350784,1626.044416,0.0,1631.350784,31509.827584
511546.018675,1631.350784,1626.044416,0.0,1631.350784,31509.8112
511644.62772,1631.350784,1626.044416,0.0,1631.350784,31508.873216
511743.762683,1631.350784,1626.044416,0.0,1631.350784,31508.856832
511843.290297,1631.350784,1626.044416,0.0,1631.350784,31508.840448
511941.079052,1631.350784,1626.044416,0.0,1631.350784,31508.824064
512037.121933,1631.350784,1626.044416,0.0,1631.350784,31509.069824
512136.180062,1631.350784,1626.044416,0.0,1631.350784,31509.05344
512235.14275,1631.350784,1626.044416,0.0,1631.350784,31508.783104
512332.238265,1631.350784,1626.044416,0.0,1631.350784,31508.774912
512428.808752,1631.350784,1626.044416,0.0,1631.350784,31509.041152
512528.672292,1631.350784,1626.044416,0.0,1631.350784,31509.03296
512627.117053,1631.350784,1626.044416,0.0,1631.350784,31508.975616
512723.260242,1631.350784,1626.044416,0.0,1631.350784,31509.213184
512822.053857,1631.350784,1626.044416,0.0,1631.350784,31509.458944
512921.729285,1631.350784,1626.044416,0.0,1631.350784,31509.44256
513020.304933,1631.350784,1626.044416,0.0,1631.350784,31509.426176
513116.546329,1631.350784,1626.044416,0.0,1631.350784,31509.15584
513215.472864,1631.350784,1626.044416,0.0,1631.350784,31509.143552
513314.732069,1631.350784,1626.044416,0.0,1631.350784,31509.127168
513413.550341,1631.350784,1626.044416,0.0,1631.350784,31509.110784
513510.121163,1631.350784,1626.044416,0.0,1631.350784,31509.0944
513606.709717,1631.350784,1626.044416,0.0,1631.350784,31509.078016
513705.641672,1631.350784,1626.044416,0.0,1631.350784,31509.082112
513802.228432,1631.350784,1626.044416,0.0,1631.350784,31508.815872
513901.945565,1631.350784,1626.044416,0.0,1631.350784,31513.837568
514001.129117,1631.350784,1626.044416,0.0,1631.350784,31511.416832
514100.55862,1631.350784,1626.044416,0.0,1631.350784,31512.342528
514199.529721,1631.350784,1626.044416,0.0,1631.350784,31512.326144
514300.393104,1631.350784,1626.044416,0.0,1631.350784,31513.419776
514397.799768,1631.350784,1626.044416,0.0,1631.350784,31513.665536
514494.526229,1631.350784,1626.044416,0.0,1631.350784,31513.649152
514594.128088,1631.350784,1626.044416,0.0,1631.350784,31513.632768
514693.500702,1631.350784,1626.044416,0.0,1631.350784,31513.616384
514790.699468,1631.350784,1626.044416,0.0,1631.350784,31513.792512
514887.084246,1631.350784,1626.044416,0.0,1631.350784,31513.66144
514986.74426,1631.350784,1626.044416,0.0,1631.350784,31513.550848
515085.643343,1631.350784,1626.044416,0.0,1631.350784,31513.2928
515185.003731,1631.350784,1626.044416,0.0,1631.350784,31513.153536
515285.59551,1631.350784,1626.044416,0.0,1631.350784,31512.887296
515381.75681,1631.350784,1626.044416,0.0,1631.350784,31512.870912
515481.284452,1631.350784,1626.044416,0.0,1631.350784,31512.866816
515580.890751,1631.350784,1626.044416,0.0,1631.350784,31512.84224
515682.177362,1631.350784,1626.044416,0.0,1631.350784,31512.829952
515781.607416,1631.350784,1626.044416,0.0,1631.350784,31512.805376
515879.143953,1631.350784,1626.044416,0.0,1631.350784,31512.793088
515975.251716,1631.350784,1626.044416,0.0,1631.350784,31513.04704
516074.769628,1631.350784,1626.044416,0.0,1631.350784,31513.034752
516174.010275,1631.350784,1626.044416,0.0,1631.350784,31512.932352
516274.225099,1631.350784,1626.044416,0.0,1631.350784,31512.45312
516377.517176,1631.350784,1626.044416,0.0,1631.350784,31512.436736
516483.859179,1631.350784,1626.044416,0.0,1631.350784,31512.420352
516582.715262,1631.350784,1626.044416,0.0,1631.350784,31512.567808
516687.423386,1631.350784,1626.044416,0.0,1631.350784,31512.4736
516789.566341,1631.350784,1626.044416,0.0,1631.350784,31512.649728
516891.313841,1631.350784,1626.044416,0.0,1631.350784,31512.530944
516994.982025,1631.350784,1626.044416,0.0,1631.350784,31512.51456
517098.380459,1631.350784,1626.044416,0.0,1631.350784,31512.498176
517197.097186,1631.350784,1626.044416,0.0,1631.350784,31512.477696
517298.249693,1631.350784,1626.044416,0.0,1631.350784,31512.461312
517402.582582,1631.350784,1626.044416,0.0,1631.350784,31512.367104
517506.428609,1631.350784,1626.044416,0.0,1631.350784,31512.604672
517609.788316,1631.350784,1626.044416,0.0,1631.350784,31513.083904
517707.930837,1636.74112,1631.434752,0.0,1636.74112,31518.564352
517805.616363,1636.74112,1631.434752,0.0,1636.74112,31518.318592
517901.8151,1636.74112,1631.434752,0.0,1636.74112,31518.302208
518000.975329,1636.74112,1631.434752,0.0,1636.74112,31518.28992
518099.848671,1636.74112,1631.434752,0.0,1636.74112,31518.273536
518196.572459,1636.74112,1631.434752,0.0,1636.74112,31518.027776
518293.478177,1636.74112,1631.434752,0.0,1636.74112,31518.011392
518393.225029,1636.74112,1631.434752,0.0,1636.74112,31517.995008
518491.728721,1636.74112,1631.434752,0.0,1636.74112,31517.978624
518587.832024,1636.74112,1631.434752,0.0,1636.74112,31518.236672
518687.517019,1636.74112,1631.434752,0.0,1636.74112,31518.24896
518786.734177,1636.74112,1631.434752,0.0,1636.74112,31518.43328
518886.195794,1636.74112,1631.434752,0.0,1636.74112,31518.55616
518983.576959,1636.74112,1631.434752,0.0,1636.74112,31518.80192
519083.963215,1636.74112,1631.434752,0.0,1636.74112,31518.523392
519180.475874,1636.74112,1631.434752,0.0,1636.74112,31518.507008
519279.857719,1636.74112,1631.434752,0.0,1636.74112,31518.429184
519378.13479,1636.74112,1631.434752,0.0,1636.74112,31518.4128
519474.43561,1636.74112,1631.434752,0.0,1636.74112,31518.396416
519573.682116,1636.74112,1631.434752,0.0,1636.74112,31518.363648
519676.498999,1636.74112,1631.434752,0.0,1636.74112,31518.347264
519774.934521,1636.74112,1631.434752,0.0,1636.74112,31518.343168
519874.383241,1636.74112,1631.434752,0.0,1636.74112,31518.334976
519972.405779,1636.74112,1631.434752,0.0,1636.74112,31521.067008
520068.699631,1636.74112,1631.434752,0.0,1636.74112,31520.907264
520167.836143,1636.74112,1631.434752,0.0,1636.74112,31519.911936
520268.250057,1636.74112,1631.434752,0.0,1636.74112,31519.379456
520367.846955,1636.74112,1631.434752,0.0,1636.74112,31519.363072
520465.569041,1636.74112,1631.434752,0.0,1636.74112,31519.346688
520561.819252,1636.74112,1631.434752,0.0,1636.74112,31519.330304
520660.86755,1636.74112,1631.434752,0.0,1636.74112,31519.576064
520761.824977,1636.74112,1631.434752,0.0,1636.74112,31519.821824
520861.141941,1636.74112,1631.434752,0.0,1636.74112,31519.21152
520958.515622,1636.74112,1631.434752,0.0,1636.74112,31519.195136
521055.155565,1636.74112,1631.434752,0.0,1636.74112,31513.62048
521154.45579,1636.74112,1631.434752,0.0,1636.74112,31513.583616
521253.43787,1636.74112,1631.434752,0.0,1636.74112,31513.567232
521350.054125,1636.74112,1631.434752,0.0,1636.74112,31513.550848
521447.264741,1636.74112,1631.434752,0.0,1636.74112,31513.796608
521546.777676,1636.74112,1631.434752,0.0,1636.74112,31513.780224
521644.599365,1636.74112,1631.434752,0.0,1636.74112,31514.025984
521740.803747,1636.74112,1631.434752,0.0,1636.74112,31514.0096
521840.391488,1636.74112,1631.434752,0.0,1636.74112,31513.993216
521939.985908,1636.74112,1631.434752,0.0,1636.74112,31513.976832
522037.740487,1636.74112,1631.434752,0.0,1636.74112,31513.956352
522134.786306,1636.74112,1631.434752,0.0,1636.74112,31513.939968
522242.405533,1636.74112,1631.434752,0.0,1636.74112,31514.185728
522349.00915,1636.74112,1631.434752,0.0,1636.74112,31514.169344
522449.133174,1636.74112,1631.434752,0.0,1636.74112,31514.15296
522548.798382,1636.74112,1631.434752,0.0,1636.74112,31514.136576
522649.732701,1636.74112,1631.434752,0.0,1636.74112,31514.120192
522750.664643,1636.74112,1631.434752,0.0,1636.74112,31514.103808
522851.452449,1636.74112,1631.434752,0.0,1636.74112,31514.087424
522953.115446,1636.74112,1631.434752,0.0,1636.74112,31514.07104
523057.907623,1636.74112,1631.434752,0.0,1636.74112,31514.3168
523158.165543,1636.74112,1631.434752,0.0,1636.74112,31513.776128
523257.424386,1636.74112,1631.434752,0.0,1636.74112,31513.759744
523355.551475,1636.74112,1631.434752,0.0,1636.74112,31513.4976
523454.538137,1636.74112,1631.434752,0.0,1636.74112,31513.481216
523555.286352,1636.749312,1631.442944,0.0,1636.749312,31513.710592
523656.05538,1636.749312,1631.442944,0.0,1636.749312,31513.694208
523755.002659,1636.749312,1631.442944,0.0,1636.749312,31513.419776
523854.558052,1636.749312,1631.442944,0.0,1636.749312,31513.92768
523952.348737,1636.749312,1631.442944,0.0,1636.749312,31513.911296
524048.628588,1636.749312,1631.442944,0.0,1636.749312,31514.157056
524147.688355,1636.749312,1631.442944,0.0,1636.749312,31513.616384
524247.271979,1636.749312,1631.442944,0.0,1636.749312,31513.6
524345.550195,1636.749312,1631.442944,0.0,1636.749312,31513.583616
524441.609265,1636.749312,1631.442944,0.0,1636.749312,31513.567232
524540.526279,1636.749312,1631.442944,0.0,1636.749312,31513.550848
524640.224638,1636.749312,1631.442944,0.0,1636.749312,31513.534464
524738.789357,1636.749312,1631.442944,0.0,1636.749312,31513.51808
524834.75023,1636.749312,1631.442944,0.0,1636.749312,31510.003712
524933.694614,1636.749312,1631.442944,0.0,1636.749312,31509.987328
525033.439685,1636.749312,1631.442944,0.0,1636.749312,31510.233088
525133.105682,1636.749312,1631.442944,0.0,1636.749312,31509.766144
525230.282537,1636.749312,1631.442944,0.0,1636.749312,31509.753856
525326.635211,1636.749312,1631.442944,0.0,1636.749312,31509.737472
525426.066364,1636.749312,1631.442944,0.0,1636.749312,31509.979136
525526.794592,1636.749312,1631.442944,0.0,1636.749312,31509.680128
525625.398946,1636.749312,1631.442944,0.0,1636.749312,31509.663744
525721.429031,1636.749312,1631.442944,0.0,1636.749312,31509.64736
525820.140852,1636.749312,1631.442944,0.0,1636.749312,31509.89312
525919.503118,1636.749312,1631.442944,0.0,1636.749312,31509.876736
526018.31059,1636.749312,1631.442944,0.0,1636.749312,31510.122496
526114.900884,1636.749312,1631.442944,0.0,1636.749312,31510.106112
526211.496931,1636.749312,1631.442944,0.0,1636.749312,31510.089728
526309.962407,1636.749312,1631.442944,0.0,1636.749312,31510.073344
526405.866546,1636.749312,1631.442944,0.0,1636.749312,31510.05696
526504.49872,1636.749312,1631.442944,0.0,1636.749312,31510.30272
526604.155172,1636.749312,1631.442944,0.0,1636.749312,31510.286336
526702.422407,1636.749312,1631.442944,0.0,1636.749312,31510.269952
526798.59981,1636.749312,1631.442944,0.0,1636.749312,31510.253568
526897.791214,1636.749312,1631.442944,0.0,1636.749312,31510.237184
526997.074236,1636.749312,1631.442944,0.0,1636.749312,31510.745088
527095.671052,1636.749312,1631.442944,0.0,1636.749312,31510.704128
527192.099595,1636.749312,1631.442944,0.0,1636.749312,31510.687744
527290.573777,1636.749312,1631.442944,0.0,1636.749312,31510.67136
527390.022929,1636.749312,1631.442944,0.0,1636.749312,31510.654976
527488.55325,1636.749312,1631.442944,0.0,1636.749312,31510.638592
527585.11468,1636.749312,1631.442944,0.0,1636.749312,31510.622208
527687.058558,1636.749312,1631.442944,0.0,1636.749312,31510.605824
527783.81584,1636.749312,1631.442944,0.0,1636.749312,31510.58944
527883.322513,1636.749312,1631.442944,0.0,1636.749312,31510.573056
527981.416496,1636.749312,1631.442944,0.0,1636.749312,31510.556672
528077.770052,1636.749312,1631.442944,0.0,1636.749312,31510.278144
528176.92538,1636.749312,1631.442944,0.0,1636.749312,31510.523904
528276.165827,1636.749312,1631.442944,0.0,1636.749312,31510.50752
528374.633105,1636.749312,1631.442944,0.0,1636.749312,31510.491136
528470.536262,1636.749312,1631.442944,0.0,1636.749312,31510.474752
528569.400769,1636.749312,1631.442944,0.0,1636.749312,31510.720512
528668.878618,1636.749312,1631.442944,0.0,1636.749312,31510.704128
528766.847854,1636.749312,1631.442944,0.0,1636.749312,31510.687744
528863.158718,1636.749312,1631.442944,0.0,1636.749312,31510.67136
528962.285185,1636.749312,1631.442944,0.0,1636.749312,31510.654976
529061.648917,1636.749312,1631.442944,0.0,1636.749312,31510.638592
529159.493463,1636.749312,1631.442944,0.0,1636.749312,31510.355968
529262.641532,1636.749312,1631.442944,0.0,1636.749312,31510.339584
529363.823476,1636.749312,1631.442944,0.0,1636.749312,31510.3232
529464.674009,1636.749312,1631.442944,0.0,1636.749312,31510.306816
529563.954104,1636.749312,1631.442944,0.0,1636.749312,31510.290432
529662.401863,1636.749312,1631.442944,0.0,1636.749312,31510.274048
529761.335715,1636.749312,1631.442944,0.0,1636.749312,31510.257664
529864.489297,1636.749312,1631.442944,0.0,1636.749312,31510.24128
529966.125072,1636.749312,1631.442944,0.0,1636.749312,31511.740416
530070.479759,1636.749312,1631.442944,0.0,1636.749312,31512.285184
530172.19575,1636.749312,1631.442944,0.0,1636.749312,31512.244224
530274.484744,1636.749312,1631.442944,0.0,1636.749312,31512.22784
530375.881316,1636.749312,1631.442944,0.0,1636.749312,31512.20736
530477.197959,1636.749312,1631.442944,0.0,1636.749312,31512.190976
530583.129538,1636.749312,1631.442944,0.0,1636.749312,31512.039424
530679.533158,1641.877504,1636.571136,0.0,1641.877504,31516.995584
530776.442656,1641.877504,1636.571136,0.0,1641.877504,31517.241344
530875.136508,1641.877504,1636.571136,0.0,1641.877504,31517.257728
530971.256171,1641.877504,1636.571136,0.0,1641.877504,31517.220864
531069.622099,1641.877504,1636.571136,0.0,1641.877504,31517.560832
531169.558704,1641.877504,1636.571136,0.0,1641.877504,31517.544448
531268.735017,1641.877504,1636.571136,0.0,1641.877504,31517.528064
531365.958795,1641.877504,1636.571136,0.0,1641.877504,31517.51168
531462.663399,1641.877504,1636.571136,0.0,1641.877504,31517.229056
531562.098565,1641.877504,1636.571136,0.0,1641.877504,31517.212672
531663.284654,1641.877504,1636.571136,0.0,1641.877504,31517.196288
531762.769452,1641.877504,1636.571136,0.0,1641.877504,31517.45024
531860.567445,1641.877504,1636.571136,0.0,1641.877504,31517.437952
531956.788736,1641.877504,1636.571136,0.0,1641.877504,31517.417472
532055.959798,1641.877504,1636.571136,0.0,1641.877504,31517.405184
532155.469082,1641.877504,1636.571136,0.0,1641.877504,31517.540352
532253.089951,1641.877504,1636.571136,0.0,1641.877504,31517.528064
532349.387439,1641.877504,1636.571136,0.0,1641.877504,31517.741056
532450.871256,1641.877504,1636.571136,0.0,1641.877504,31517.466624
532549.700264,1641.877504,1636.571136,0.0,1641.877504,31517.45024
532648.707932,1641.877504,1636.571136,0.0,1641.877504,31517.433856
532745.789083,1641.877504,1636.571136,0.0,1641.877504,31517.417472
532842.341395,1641.877504,1636.571136,0.0,1641.877504,31517.20448
532942.124525,1641.877504,1636.571136,0.0,1641.877504,31517.188096
533040.380429,1641.877504,1636.571136,0.0,1641.877504,31517.433856
533136.369836,1641.877504,1636.571136,0.0,1641.877504,31517.159424
533235.29977,1641.877504,1636.571136,0.0,1641.877504,31517.14304
533334.665566,1641.877504,1636.571136,0.0,1641.877504,31517.3888
533432.531234,1641.877504,1636.571136,0.0,1641.877504,31517.372416
533528.516536,1641.877504,1636.571136,0.0,1641.877504,31517.356032
533627.822362,1641.877504,1636.571136,0.0,1641.877504,31517.339648
533727.296149,1641.877504,1636.571136,0.0,1641.877504,31517.323264
533825.402365,1641.877504,1636.571136,0.0,1641.877504,31517.30688
533921.968315,1641.877504,1636.571136,0.0,1641.877504,31517.290496
534020.948961,1641.877504,1636.571136,0.0,1641.877504,31517.274112
534120.391102,1641.877504,1636.571136,0.0,1641.877504,31517.241344
534218.87361,1641.877504,1636.571136,0.0,1641.877504,31517.22496
534314.89679,1641.877504,1636.571136,0.0,1641.877504,31517.208576
534413.560577,1641.877504,1636.571136,0.0,1641.877504,31517.192192
534512.932954,1641.877504,1636.571136,0.0,1641.877504,31517.175808
534611.171379,1641.877504,1636.571136,0.0,1641.877504,31517.159424
534707.358259,1641.877504,1636.571136,0.0,1641.877504,31517.14304
534806.667459,1641.877504,1636.571136,0.0,1641.877504,31517.126656
534906.42235,1641.877504,1636.571136,0.0,1641.877504,31517.372416
535005.031404,1641.877504,1636.571136,0.0,1641.877504,31517.360128
535101.816175,1641.877504,1636.571136,0.0,1641.877504,31516.819456
535198.252587,1641.877504,1636.571136,0.0,1641.877504,31516.798976
535296.865067,1641.877504,1636.571136,0.0,1641.877504,31516.782592
535392.765445,1641.877504,1636.571136,0.0,1641.877504,31516.766208
535491.493172,1641.877504,1636.571136,0.0,1641.877504,31516.749824
535590.67787,1641.877504,1636.571136,0.0,1641.877504,31516.73344
535691.000712,1641.877504,1636.571136,0.0,1641.877504,31516.717056
535788.334927,1641.877504,1636.571136,0.0,1641.877504,31516.700672
535884.824983,1641.877504,1636.571136,0.0,1641.877504,31516.684288
535984.0925,1641.877504,1636.571136,0.0,1641.877504,31517.192192
536082.711549,1641.877504,1636.571136,0.0,1641.877504,31517.171712
536178.926787,1641.877504,1636.571136,0.0,1641.877504,31517.155328
536281.112592,1641.877504,1636.571136,0.0,1641.877504,31517.138944
536386.60721,1641.877504,1636.571136,0.0,1641.877504,31516.864512
536488.169021,1641.877504,1636.571136,0.0,1641.877504,31517.110272
536590.78883,1641.877504,1636.571136,0.0,1641.877504,31517.093888
536692.356523,1641.877504,1636.571136,0.0,1641.877504,31517.077504
536793.847436,1641.877504,1636.571136,0.0,1641.877504,31517.06112
536897.684668,1641.877504,1636.571136,0.0,1641.877504,31517.044736
536999.570409,1641.877504,1636.571136,0.0,1641.877504,31517.55264
537102.549623,1641.877504,1636.571136,0.0,1641.877504,31517.536256
537204.423582,1641.877504,1636.571136,0.0,1641.877504,31517.519872
537306.177625,1641.877504,1636.571136,0.0,1641.877504,31517.503488
537407.916628,1641.877504,1636.571136,0.0,1641.877504,31517.487104
537509.415601,1641.877504,1636.571136,0.0,1641.877504,31517.208576
537614.891076,1641.877504,1636.571136,0.0,1641.877504,31517.454336
537711.007583,1646.94016,1641.633792,0.0,1646.94016,31522.676736
537810.045332,1646.94016,1641.633792,0.0,1646.94016,31522.660352
537909.381913,1646.94016,1641.633792,0.0,1646.94016,31522.643968
538008.659877,1646.94016,1641.633792,0.0,1646.94016,31522.889728
538105.959846,1646.94016,1641.633792,0.0,1646.94016,31523.135488
538202.439259,1646.94016,1641.633792,0.0,1646.94016,31523.119104
538301.834377,1646.94016,1641.633792,0.0,1646.94016,31523.10272
538400.721666,1646.94016,1641.633792,0.0,1646.94016,31523.086336
538497.353764,1646.94016,1641.633792,0.0,1646.94016,31522.811904
538594.430463,1646.94016,1641.633792,0.0,1646.94016,31522.79552
538693.879109,1646.94016,1641.633792,0.0,1646.94016,31522.779136
538791.526953,1646.94016,1641.633792,0.0,1646.94016,31522.762752
538887.956284,1646.94016,1641.633792,0.0,1646.94016,31522.746368
538987.185439,1646.94016,1641.633792,0.0,1646.94016,31522.725888
539086.056174,1646.94016,1641.633792,0.0,1646.94016,31522.709504
539182.69209,1646.94016,1641.633792,0.0,1646.94016,31522.69312
539279.429195,1646.94016,1641.633792,0.0,1646.94016,31522.676736
539378.673886,1646.94016,1641.633792,0.0,1646.94016,31522.660352
539475.668308,1646.94016,1641.633792,0.0,1646.94016,31522.643968
539572.205077,1646.94016,1641.633792,0.0,1646.94016,31522.627584
539673.455112,1646.94016,1641.633792,0.0,1646.94016,31522.873344
539772.855875,1646.94016,1641.633792,0.0,1646.94016,31522.85696
539872.698535,1646.94016,1641.633792,0.0,1646.94016,31522.840576
539971.270662,1646.94016,1641.633792,0.0,1646.94016,31521.902592
540067.876794,1646.94016,1641.633792,0.0,1646.94016,31521.644544
540166.183545,1646.94016,1641.633792,0.0,1646.94016,31521.366016
540266.285328,1646.94016,1641.633792,0.0,1646.94016,31521.349632
540365.457025,1646.94016,1641.633792,0.0,1646.94016,31521.329152
540462.741986,1646.94016,1641.633792,0.0,1646.94016,31521.312768
540559.171997,1646.94016,1641.633792,0.0,1646.94016,31521.296384
540658.517078,1646.94016,1641.633792,0.0,1646.94016,31521.28
540757.542379,1646.94016,1641.633792,0.0,1646.94016,31521.263616
540853.965398,1646.94016,1641.633792,0.0,1646.94016,31521.247232
540950.828484,1646.94016,1641.633792,0.0,1646.94016,31521.492992
541049.607211,1646.94016,1641.633792,0.0,1646.94016,31521.476608
541145.918433,1646.94016,1641.633792,0.0,1646.94016,31521.460224
541245.103807,1646.94016,1641.633792,0.0,1646.94016,31521.705984
541344.269669,1646.94016,1641.633792,0.0,1646.94016,31521.6896
541443.138037,1646.94016,1641.633792,0.0,1646.94016,31521.673216
541539.398132,1646.94016,1641.633792,0.0,1646.94016,31521.656832
541636.14502,1646.94016,1641.633792,0.0,1646.94016,31521.640448
541734.527019,1646.94016,1641.633792,0.0,1646.94016,31521.624064
541830.60113,1646.94016,1641.633792,0.0,1646.94016,31521.60768
541928.927086,1646.94016,1641.633792,0.0,1646.94016,31521.591296
542028.585238,1646.94016,1641.633792,0.0,1646.94016,31521.837056
542127.067667,1646.94016,1641.633792,0.0,1646.94016,31521.820672
542223.166858,1646.94016,1641.633792,0.0,1646.94016,31522.234368
542322.160885,1646.94016,1641.633792,0.0,1646.94016,31523.397632
542422.031969,1646.94016,1641.633792,0.0,1646.94016,31523.381248
542520.900354,1646.94016,1641.633792,0.0,1646.94016,31523.364864
542617.377291,1646.94016,1641.633792,0.0,1646.94016,31523.34848
542718.199723,1646.94016,1641.633792,0.0,1646.94016,31523.332096
542814.994806,1646.94016,1641.633792,0.0,1646.94016,31523.577856
542914.035026,1646.94016,1641.633792,0.0,1646.94016,31523.561472
543010.983791,1646.94016,1641.633792,0.0,1646.94016,31524.069376
543107.690103,1646.94016,1641.633792,0.0,1646.94016,31522.746368
543207.150753,1646.94016,1641.633792,0.0,1646.94016,31522.73408
543305.624325,1646.94016,1641.633792,0.0,1646.94016,31522.717696
543401.671204,1646.94016,1641.633792,0.0,1646.94016,31522.701312
543501.120839,1646.94016,1641.633792,0.0,1646.94016,31522.684928
543600.207913,1646.94016,1641.633792,0.0,1646.94016,31522.668544
543700.769671,1646.94016,1641.633792,0.0,1646.94016,31522.65216
543799.171431,1646.94016,1641.633792,0.0,1646.94016,31522.635776
543895.30393,1646.94016,1641.633792,0.0,1646.94016,31522.619392
543994.129499,1646.94016,1641.633792,0.0,1646.94016,31522.865152
544098.201487,1646.94016,1641.633792,0.0,1646.94016,31522.848768
544200.576958,1646.94016,1641.633792,0.0,1646.94016,31522.832384
544300.371972,1646.94016,1641.633792,0.0,1646.94016,31522.816
544399.954956,1646.94016,1641.633792,0.0,1646.94016,31523.06176
544500.61374,1646.94016,1641.633792,0.0,1646.94016,31523.045376
544599.954364,1646.94016,1641.633792,0.0,1646.94016,31522.770944
544702.875294,1646.94016,1641.633792,0.0,1646.94016,31522.75456
544805.397032,1646.94016,1641.633792,0.0,1646.94016,31522.738176
544910.632872,1646.94016,1641.633792,0.0,1646.94016,31522.721792
545012.863488,1646.94016,1641.633792,0.0,1646.94016,31523.229696
545115.485443,1646.94016,1641.633792,0.0,1646.94016,31523.201024
545214.619983,1646.94016,1641.633792,0.0,1646.94016,31523.18464
545316.418211,1646.94016,1641.633792,0.0,1646.94016,31523.168256
545419.221545,1646.94016,1641.633792,0.0,1646.94016,31523.414016
545516.054512,1652.641792,1647.335424,0.0,1652.641792,31529.6768
545615.63021,1652.641792,1647.335424,0.0,1652.641792,31529.660416
545714.502729,1652.641792,1647.335424,0.0,1652.641792,31529.377792
545811.038321,1652.641792,1647.335424,0.0,1652.641792,31529.209856
545908.164503,1652.641792,1647.335424,0.0,1652.641792,31529.455616
546012.613279,1652.641792,1647.335424,0.0,1652.641792,31530.090496
546109.828002,1652.641792,1647.335424,0.0,1652.641792,31529.705472
546209.338384,1652.641792,1647.335424,0.0,1652.641792,31529.730048
546310.426129,1652.641792,1647.335424,0.0,1652.641792,31529.22624
546408.732658,1652.641792,1647.335424,0.0,1652.641792,31527.575552
546505.146937,1652.641792,1647.335424,0.0,1652.641792,31527.555072
546604.364526,1652.641792,1647.335424,0.0,1652.641792,31527.538688
546703.958618,1652.641792,1647.335424,0.0,1652.641792,31527.522304
546805.18028,1652.641792,1647.335424,0.0,1652.641792,31527.50592
546905.242544,1652.641792,1647.335424,0.0,1652.641792,31527.231488
547003.974634,1652.641792,1647.335424,0.0,1652.641792,31527.215104
547100.477721,1652.641792,1647.335424,0.0,1652.641792,31527.419904
547199.278376,1652.641792,1647.335424,0.0,1652.641792,31527.653376
547298.12456,1652.641792,1647.335424,0.0,1652.641792,31527.636992
547397.079056,1652.641792,1647.335424,0.0,1652.641792,31527.620608
547493.609318,1652.641792,1647.335424,0.0,1652.641792,31527.58784
547590.627315,1652.641792,1647.335424,0.0,1652.641792,31527.571456
547692.259622,1652.641792,1647.335424,0.0,1652.641792,31527.555072
547791.650766,1652.641792,1647.335424,0.0,1652.641792,31527.538688
547890.202547,1652.641792,1647.335424,0.0,1652.641792,31527.522304
547986.180883,1652.641792,1647.335424,0.0,1652.641792,31527.50592
548085.452512,1652.641792,1647.335424,0.0,1652.641792,31527.755776
548184.700683,1652.641792,1647.335424,0.0,1652.641792,31527.735296
548283.356995,1652.641792,1647.335424,0.0,1652.641792,31527.718912
548379.483929,1652.641792,1647.335424,0.0,1652.641792,31527.702528
548478.179397,1652.641792,1647.335424,0.0,1652.641792,31527.686144
548578.407962,1652.641792,1647.335424,0.0,1652.641792,31527.66976
548677.290849,1652.641792,1647.335424,0.0,1652.641792,31527.91552
548776.811583,1652.641792,1647.335424,0.0,1652.641792,31527.899136
548872.924312,1652.641792,1647.335424,0.0,1652.641792,31527.81312
548972.485057,1652.641792,1647.335424,0.0,1652.641792,31527.796736
549072.197742,1652.641792,1647.335424,0.0,1652.641792,31528.046592
549171.485091,1652.641792,1647.335424,0.0,1652.641792,31527.788544
549269.342041,1652.641792,1647.335424,0.0,1652.641792,31527.77216
549365.528344,1652.641792,1647.335424,0.0,1652.641792,31527.75168
549464.773355,1652.641792,1647.335424,0.0,1652.641792,31527.735296
549563.525412,1652.641792,1647.335424,0.0,1652.641792,31527.718912
549660.649654,1652.641792,1647.335424,0.0,1652.641792,31527.702528
549757.329331,1652.641792,1647.335424,0.0,1652.641792,31527.686144
549857.035531,1652.641792,1647.335424,0.0,1652.641792,31527.66976
549954.937953,1652.641792,1647.335424,0.0,1652.641792,31526.858752
550051.099781,1652.641792,1647.335424,0.0,1652.641792,31526.383616
550150.340843,1652.641792,1647.335424,0.0,1652.641792,31525.90848
550250.138893,1652.641792,1647.335424,0.0,1652.641792,31526.15424
550348.567894,1652.641792,1647.335424,0.0,1652.641792,31526.137856
550444.557738,1652.641792,1647.335424,0.0,1652.641792,31526.121472
550543.703631,1652.641792,1647.335424,0.0,1652.641792,31526.105088
550643.14615,1652.641792,1647.335424,0.0,1652.641792,31526.088704
550741.418374,1652.641792,1647.335424,0.0,1652.641792,31525.814272
550837.723155,1652.641792,1647.335424,0.0,1652.641792,31526.141952
550936.612283,1652.641792,1647.335424,0.0,1652.641792,31526.125568
551036.631718,1652.641792,1647.335424,0.0,1652.641792,31525.597184
551133.254154,1652.641792,1647.335424,0.0,1652.641792,31525.707776
551229.44436,1652.641792,1647.335424,0.0,1652.641792,31525.982208
551328.956009,1652.641792,1647.335424,0.0,1652.641792,31526.252544
551428.43186,1652.641792,1647.335424,0.0,1652.641792,31526.23616
551526.058278,1652.641792,1647.335424,0.0,1652.641792,31526.219776
551622.27266,1652.641792,1647.335424,0.0,1652.641792,31526.203392
551721.714075,1652.641792,1647.335424,0.0,1652.641792,31526.187008
551821.038534,1652.641792,1647.335424,0.0,1652.641792,31525.916672
551918.615229,1652.641792,1647.335424,0.0,1652.641792,31525.900288
552014.94643,1652.641792,1647.335424,0.0,1652.641792,31525.883904
552114.174783,1652.641792,1647.335424,0.0,1652.641792,31526.129664
552212.650615,1652.641792,1647.335424,0.0,1652.641792,31526.11328
552308.785996,1652.641792,1647.335424,0.0,1652.641792,31526.096896
552407.330475,1652.641792,1647.335424,0.0,1652.641792,31525.564416
552506.91673,1652.641792,1647.335424,0.0,1652.641792,31525.548032
552608.541586,1652.641792,1647.335424,0.0,1652.641792,31525.531648
552710.23876,1652.641792,1647.335424,0.0,1652.641792,31525.789696
552811.894003,1652.641792,1647.335424,0.0,1652.641792,31526.4
552913.397055,1652.641792,1647.335424,0.0,1652.641792,31526.309888
553017.107529,1652.641792,1647.335424,0.0,1652.641792,31526.56384
553118.805537,1652.641792,1647.335424,0.0,1652.641792,31526.531072
553222.677634,1652.641792,1647.335424,0.0,1652.641792,31526.514688
553324.611851,1652.641792,1647.335424,0.0,1652.641792,31526.240256
553426.896376,1652.641792,1647.335424,0.0,1652.641792,31526.248448
553528.078582,1652.641792,1647.335424,0.0,1652.641792,31526.25664
553629.145928,1652.641792,1647.335424,0.0,1652.641792,31526.25664
553730.532245,1652.641792,1647.335424,0.0,1652.641792,31526.17472
553832.682251,1652.641792,1647.335424,0.0,1652.641792,31526.42048
553934.856273,1652.641792,1647.335424,0.0,1652.641792,31526.66624
554030.578735,1658.843136,1653.536768,0.0,1658.843136,31532.662784
554130.472482,1658.843136,1653.536768,0.0,1658.843136,31532.232704
554230.352967,1658.843136,1653.536768,0.0,1658.843136,31532.478464
554329.291303,1658.843136,1653.536768,0.0,1658.843136,31532.46208
554425.488698,1658.843136,1653.536768,0.0,1658.843136,31532.445696
554524.461218,1658.843136,1653.536768,0.0,1658.843136,31532.429312
554624.440192,1658.843136,1653.536768,0.0,1658.843136,31535.853568
554724.567509,1658.843136,1653.528576,0.0,1658.843136,31545.847808
554823.852171,1658.843136,1653.536768,0.0,1658.843136,31534.112768
554921.373582,1658.843136,1653.536768,0.0,1658.843136,31534.092288
555017.981661,1658.843136,1653.536768,0.0,1658.843136,31534.338048
555117.886813,1658.843136,1653.536768,0.0,1658.843136,31534.460928
555217.418961,1658.843136,1653.536768,0.0,1658.843136,31534.145536
555316.339953,1658.843136,1653.536768,0.0,1658.843136,31533.871104
555413.194372,1658.843136,1653.536768,0.0,1658.843136,31533.858816
555510.194055,1658.843136,1653.536768,0.0,1658.843136,31533.842432
555609.920336,1658.843136,1653.536768,0.0,1658.843136,31533.826048
555708.197093,1658.843136,1653.536768,0.0,1658.843136,31533.817856
555804.59858,1658.843136,1653.536768,0.0,1658.843136,31533.81376
555903.396816,1658.843136,1653.536768,0.0,1658.843136,31534.05952
556003.163594,1658.843136,1653.536768,0.0,1658.843136,31534.043136
556101.923636,1658.843136,1653.536768,0.0,1658.843136,31534.051328
556198.503875,1658.843136,1653.536768,0.0,1658.843136,31533.785088
556300.659318,1658.843136,1653.536768,0.0,1658.843136,31533.379584
556397.80622,1658.843136,1653.536768,0.0,1658.843136,31533.3632
556497.38845,1658.843136,1653.536768,0.0,1658.843136,31533.346816
556597.132306,1658.843136,1653.536768,0.0,1658.843136,31533.34272
556695.605775,1658.843136,1653.536768,0.0,1658.843136,31533.34272
556792.079423,1658.843136,1653.536768,0.0,1658.843136,31533.535232
556891.759176,1658.843136,1653.53472,0.0,1658.843136,31533.71136
556991.599533,1658.843136,1653.536768,0.0,1658.843136,31532.957696
557091.221408,1658.843136,1653.536768,0.0,1658.843136,31533.019136
557190.055413,1658.843136,1653.536768,0.0,1658.843136,31533.264896
557286.775496,1658.843136,1653.536768,0.0,1658.843136,31533.248512
557384.104111,1658.843136,1653.536768,0.0,1658.843136,31533.236224
557483.874183,1658.843136,1653.536768,0.0,1658.843136,31533.481984
557582.01282,1658.843136,1653.536768,0.0,1658.843136,31533.4656
557678.331701,1658.843136,1653.536768,0.0,1658.843136,31533.449216
557777.635669,1658.843136,1653.536768,0.0,1658.843136,31533.432832
557877.137964,1658.843136,1653.536768,0.0,1658.843136,31533.412352
557975.765637,1658.843136,1653.536768,0.0,1658.843136,31533.658112
558072.03257,1658.843136,1653.536768,0.0,1658.843136,31533.641728
558171.162111,1658.843136,1653.536768,0.0,1658.843136,31533.6704
558270.562032,1658.843136,1653.536768,0.0,1658.843136,31533.654016
558370.35025,1658.843136,1653.536768,0.0,1658.843136,31533.637632
558469.085278,1658.843136,1653.536768,0.0,1658.843136,31533.621248
558565.413762,1658.843136,1653.536768,0.0,1658.843136,31533.604864
558664.799058,1658.843136,1653.536768,0.0,1658.843136,31533.326336
558766.571784,1658.843136,1653.536768,0.0,1658.843136,31533.309952
558865.355865,1658.843136,1653.536768,0.0,1658.843136,31533.740032
558965.405989,1658.843136,1653.536768,0.0,1658.843136,31533.719552
559064.7421,1658.843136,1653.536768,0.0,1658.843136,31533.965312
559165.373712,1658.843136,1653.536768,0.0,1658.843136,31533.71136
559262.876081,1658.843136,1653.536768,0.0,1658.843136,31533.694976
559359.58754,1658.843136,1653.536768,0.0,1658.843136,31533.420544
559459.412621,1658.843136,1653.536768,0.0,1658.843136,31533.40416
559562.148554,1658.843136,1653.536768,0.0,1658.843136,31533.387776
559664.996564,1658.843136,1653.536768,0.0,1658.843136,31533.371392
559764.130692,1658.843136,1653.536768,0.0,1658.843136,31533.355008
559865.437397,1658.843136,1653.536768,0.0,1658.843136,31533.338624
559966.969777,1658.843136,1653.536768,0.0,1658.843136,31533.32224
560069.169893,1658.843136,1653.536768,0.0,1658.843136,31533.568
560172.501665,1658.843136,1653.536768,0.0,1658.843136,31533.285376
560273.219172,1658.843136,1653.536768,0.0,1658.843136,31531.421696
560373.682695,1658.843136,1653.536768,0.0,1658.843136,31531.667456
560472.184441,1658.843136,1653.536768,0.0,1658.843136,31531.651072
560571.002707,1658.843136,1653.536768,0.0,1658.843136,31531.634688
560671.76277,1658.843136,1653.536768,0.0,1658.843136,31531.880448
560774.460179,1658.843136,1653.536768,0.0,1658.843136,31531.864064
560876.086207,1658.843136,1653.536768,0.0,1658.843136,31532.109824
560971.890097,1663.844352,1658.537984,0.0,1663.844352,31537.328128
561071.116892,1663.844352,1658.537984,0.0,1663.844352,31537.311744
561170.047129,1663.844352,1658.537984,0.0,1663.844352,31537.557504
561267.123908,1663.844352,1658.537984,0.0,1663.844352,31536.51712
561365.257071,1663.844352,1658.537984,0.0,1663.844352,31536.492544
561465.052171,1663.844352,1658.537984,0.0,1663.844352,31536.47616
561564.566311,1663.844352,1658.537984,0.0,1663.844352,31536.459776
561663.689575,1663.844352,1658.537984,0.0,1663.844352,31536.443392
561760.034492,1663.844352,1658.537984,0.0,1663.844352,31536.427008
561859.089468,1663.844352,1658.537984,0.0,1663.844352,31536.410624
561958.519398,1663.844352,1658.537984,0.0,1663.844352,31536.39424
562057.996616,1663.844352,1658.537984,0.0,1663.844352,31536.377856
562156.020348,1663.844352,1658.537984,0.0,1663.844352,31536.623616
562252.524539,1663.844352,1658.537984,0.0,1663.844352,31536.869376
562351.699972,1663.844352,1658.537984,0.0,1663.844352,31536.852992
562451.717621,1663.844352,1658.537984,0.0,1663.844352,31536.836608
562551.087493,1663.844352,1658.537984,0.0,1663.844352,31536.820224
562648.35294,1663.844352,1658.537984,0.0,1663.844352,31536.80384
562744.861244,1663.844352,1658.537984,0.0,1663.844352,31536.787456
562844.102755,1663.844352,1658.537984,0.0,1663.844352,31536.771072
562942.523109,1663.844352,1658.537984,0.0,1663.844352,31536.754688
563038.526932,1663.844352,1658.537984,0.0,1663.844352,31537.000448
563138.061637,1663.844352,1658.537984,0.0,1663.844352,31536.730112
563237.511659,1663.844352,1658.537984,0.0,1663.844352,31536.975872
563336.604249,1663.844352,1658.537984,0.0,1663.844352,31536.959488
563433.935397,1663.844352,1658.537984,0.0,1663.844352,31536.943104
563530.303854,1663.844352,1658.537984,0.0,1663.844352,31536.92672
563629.986067,1663.844352,1658.537984,0.0,1663.844352,31536.648192
563728.30941,1663.844352,1658.537984,0.0,1663.844352,31536.631808
563824.112242,1663.844352,1658.537984,0.0,1663.844352,31536.877568
563923.15138,1663.844352,1658.537984,0.0,1663.844352,31536.861184
564023.12386,1663.844352,1658.537984,0.0,1663.844352,31537.106944
564122.088214,1663.844352,1658.537984,0.0,1663.844352,31536.828416
564219.124507,1663.844352,1658.537984,0.0,1663.844352,31537.074176
564316.160516,1663.844352,1658.537984,0.0,1663.844352,31536.795648
564415.641667,1663.844352,1658.537984,0.0,1663.844352,31536.779264
564513.751094,1663.844352,1658.537984,0.0,1663.844352,31536.76288
564609.979418,1663.844352,1658.537984,0.0,1663.844352,31536.746496
564709.075437,1663.844352,1658.537984,0.0,1663.844352,31536.72192
564808.939176,1663.844352,1658.537984,0.0,1663.844352,31536.705536
564908.077747,1663.844352,1658.537984,0.0,1663.844352,31536.689152
565005.049305,1663.844352,1658.537984,0.0,1663.844352,31536.672768
565101.623535,1663.844352,1658.537984,0.0,1663.844352,31536.656384
565201.422936,1663.844352,1658.537984,0.0,1663.844352,31537.135616
565299.734046,1663.844352,1658.537984,0.0,1663.844352,31537.119232
565395.856792,1663.844352,1658.537984,0.0,1663.844352,31537.106944
565494.98038,1663.844352,1658.537984,0.0,1663.844352,31537.09056
565594.684069,1663.844352,1658.537984,0.0,1663.844352,31537.074176
565693.48474,1663.844352,1658.537984,0.0,1663.844352,31537.057792
565790.146718,1663.844352,1658.537984,0.0,1663.844352,31537.041408
565888.829823,1663.844352,1658.537984,0.0,1663.844352,31536.758784
565988.21389,1663.844352,1658.537984,0.0,1663.844352,31536.340992
566087.380491,1663.844352,1658.537984,0.0,1663.844352,31536.324608
566184.610123,1663.844352,1658.537984,0.0,1663.844352,31536.308224
566281.34736,1663.844352,1658.537984,0.0,1663.844352,31536.29184
566380.835414,1663.844352,1658.537984,0.0,1663.844352,31536.275456
566480.243154,1663.844352,1658.537984,0.0,1663.844352,31536.201728
566577.908728,1663.844352,1658.537984,0.0,1663.844352,31536.185344
566674.696206,1663.844352,1658.537984,0.0,1663.844352,31536.16896
566776.311497,1663.844352,1658.537984,0.0,1663.844352,31536.152576
566875.095796,1663.844352,1658.537984,0.0,1663.844352,31536.136192
566974.697714,1663.844352,1658.537984,0.0,1663.844352,31536.381952
567073.782113,1663.844352,1658.537984,0.0,1663.844352,31536.627712
567170.611958,1663.844352,1658.537984,0.0,1663.844352,31536.349184
567267.192723,1663.844352,1658.537984,0.0,1663.844352,31536.594944
567366.320596,1663.844352,1658.537984,0.0,1663.844352,31536.57856
567463.481316,1663.844352,1658.537984,0.0,1663.844352,31536.562176
567560.714502,1663.844352,1658.537984,0.0,1663.844352,31536.283648
567662.427973,1663.844352,1658.537984,0.0,1663.844352,31536.267264
567761.518034,1663.844352,1658.537984,0.0,1663.844352,31536.25088
567861.30012,1663.844352,1658.537984,0.0,1663.844352,31536.222208
567959.469657,1663.844352,1658.537984,0.0,1663.844352,31536.205824
568055.540983,1663.844352,1658.537984,0.0,1663.844352,31536.451584
568154.751156,1663.844352,1658.537984,0.0,1663.844352,31536.041984
568254.257506,1663.844352,1658.537984,0.0,1663.844352,31536.287744
568353.123419,1663.844352,1658.537984,0.0,1663.844352,31536.27136
568450.435844,1663.844352,1658.537984,0.0,1663.844352,31537.004544
568554.014853,1663.844352,1658.537984,0.0,1663.844352,31536.746496
568654.591373,1663.844352,1658.537984,0.0,1663.844352,31536.492544
568756.65505,1663.844352,1658.537984,0.0,1663.844352,31536.492544
568856.09662,1663.844352,1658.537984,0.0,1663.844352,31536.726016
568955.120353,1663.844352,1658.537984,0.0,1663.844352,31539.24096
569054.641791,1663.844352,1658.537984,0.0,1663.844352,31538.966528
569157.413394,1663.844352,1658.537984,0.0,1663.844352,31538.835456
569259.551488,1663.844352,1658.537984,0.0,1663.844352,31539.07712
569364.063212,1663.844352,1658.537984,0.0,1663.844352,31538.83136
569467.394114,1663.844352,1658.537984,0.0,1663.844352,31538.556928
569570.0992,1663.844352,1658.537984,0.0,1663.844352,31538.540544
569669.443855,1663.844352,1658.537984,0.0,1663.844352,31538.786304
569770.722979,1663.844352,1658.537984,0.0,1663.844352,31538.76992
569871.622533,1663.844352,1658.537984,0.0,1663.844352,31538.753536
569970.570042,1670.447104,1665.140736,0.0,1670.447104,31546.0608
570070.551446,1670.447104,1665.140736,0.0,1670.447104,31546.044416
570170.907872,1670.447104,1665.140736,0.0,1670.447104,31546.028032
570271.254584,1670.447104,1665.140736,0.0,1670.447104,31546.273792
570370.902288,1670.447104,1665.140736,0.0,1670.447104,31546.257408
570469.161099,1670.447104,1665.140736,0.0,1670.447104,31546.241024
570565.724708,1670.447104,1665.140736,0.0,1670.447104,31546.22464
570665.554136,1670.447104,1665.140736,0.0,1670.447104,31546.208256
570765.541622,1670.447104,1665.140736,0.0,1670.447104,31546.191872
570865.806626,1670.447104,1665.140736,0.0,1670.447104,31546.499072
570965.299282,1670.447104,1665.140736,0.0,1670.447104,31546.482688
571063.08382,1670.447104,1665.140736,0.0,1670.447104,31546.728448
571159.734869,1670.447104,1665.140736,0.0,1670.447104,31546.712064
571259.449949,1670.447104,1665.140736,0.0,1670.447104,31546.69568
571359.666773,1670.447104,1665.140736,0.0,1670.447104,31546.679296
571459.034248,1670.447104,1665.140736,0.0,1670.447104,31546.925056
571556.640303,1670.447104,1665.140736,0.0,1670.447104,31546.089472
571654.543505,1670.447104,1665.140736,0.0,1670.447104,31546.073088
571754.438457,1670.447104,1665.140736,0.0,1670.447104,31546.056704
571854.124432,1670.447104,1665.140736,0.0,1670.447104,31546.04032
571953.970353,1670.447104,1665.140736,0.0,1670.447104,31546.023936
572053.272914,1670.447104,1665.140736,0.0,1670.447104,31546.269696
572150.615375,1670.447104,1665.140736,0.0,1670.447104,31546.253312
572247.526713,1670.447104,1665.140736,0.0,1670.447104,31546.499072
572347.432632,1670.447104,1665.140736,0.0,1670.447104,31546.482688
572447.150883,1670.447104,1665.140736,0.0,1670.447104,31546.466304
572545.209867,1670.447104,1665.140736,0.0,1670.447104,31546.191872
572641.692572,1670.447104,1665.140736,0.0,1670.447104,31546.175488
572741.456759,1670.447104,1665.140736,0.0,1670.447104,31546.159104
572841.162796,1670.447104,1665.140736,0.0,1670.447104,31545.880576
572940.570185,1670.447104,1665.140736,0.0,1670.447104,31545.864192
573037.947652,1670.447104,1665.140736,0.0,1670.447104,31546.109952
573135.08665,1670.447104,1665.140736,0.0,1670.447104,31545.83552
573234.671221,1670.447104,1665.140736,0.0,1670.447104,31545.819136
573334.514098,1670.447104,1665.140736,0.0,1670.447104,31546.064896
573433.368359,1670.447104,1665.140736,0.0,1670.447104,31546.048512
573530.029735,1670.447104,1665.140736,0.0,1670.447104,31546.032128
573627.188469,1670.447104,1665.140736,0.0,1670.447104,31546.015744
573726.926859,1670.447104,1665.140736,0.0,1670.447104,31545.99936
573825.369211,1670.447104,1665.140736,0.0,1670.447104,31545.982976
573921.748693,1670.447104,1665.140736,0.0,1670.447104,31545.966592
574021.203213,1670.447104,1665.140736,0.0,1670.447104,31545.950208
574121.097392,1670.447104,1665.140736,0.0,1670.447104,31545.933824
574220.874026,1670.447104,1665.140736,0.0,1670.447104,31545.91744
574319.529263,1670.447104,1665.140736,0.0,1670.447104,31545.901056
574416.165223,1670.447104,1665.140736,0.0,1670.447104,31545.884672
574515.231068,1670.447104,1665.140736,0.0,1670.447104,31545.868288
574614.575566,1670.447104,1665.140736,0.0,1670.447104,31546.114048
574717.949879,1670.447104,1665.140736,0.0,1670.447104,31546.097664
574825.264525,1670.447104,1665.140736,0.0,1670.447104,31546.08128
574927.656518,1670.447104,1665.140736,0.0,1670.447104,31546.064896
575030.26928,1670.447104,1665.140736,0.0,1670.447104,31546.048512
575131.074767,1670.447104,1665.140736,0.0,1670.447104,31546.032128
575235.665275,1670.447104,1665.140736,0.0,1670.447104,31545.069568
575337.040237,1670.447104,1665.140736,0.0,1670.447104,31545.315328
575438.160153,1670.447104,1665.140736,0.0,1670.447104,31545.561088
575541.010941,1670.447104,1665.140736,0.0,1670.447104,31545.544704
575643.263636,1670.447104,1665.140736,0.0,1670.447104,31545.52832
575745.078415,1670.447104,1665.140736,0.0,1670.447104,31545.511936
575846.701886,1670.447104,1665.140736,0.0,1670.447104,31545.495552
575948.211708,1670.447104,1665.140736,0.0,1670.447104,31545.479168
576050.263072,1670.447104,1665.140736,0.0,1670.447104,31545.987072
576146.711835,1670.463488,1665.15712,0.0,1670.463488,31545.954304
576246.156021,1670.463488,1665.15712,0.0,1670.463488,31546.462208
576344.271133,1670.463488,1665.15712,0.0,1670.463488,31546.445824
576440.977008,1670.463488,1665.15712,0.0,1670.463488,31546.691584
576539.989565,1670.463488,1665.15712,0.0,1670.463488,31546.6752
576639.633425,1670.463488,1665.15712,0.0,1670.463488,31546.601472
576739.028074,1670.463488,1665.15712,0.0,1670.463488,31545.810944
576839.708653,1670.463488,1665.15712,0.0,1670.463488,31546.216448
576937.046565,1670.463488,1665.15712,0.0,1670.463488,31546.200064
577033.437715,1670.463488,1665.15712,0.0,1670.463488,31546.445824
577133.31898,1670.463488,1665.15712,0.0,1670.463488,31546.42944
577232.559601,1670.463488,1665.15712,0.0,1670.463488,31546.413056
577332.875938,1670.463488,1665.15712,0.0,1670.463488,31546.396672
577429.748606,1670.463488,1665.15712,0.0,1670.463488,31547.846656
577526.652701,1670.463488,1665.15712,0.0,1670.463488,31547.830272
577626.655349,1670.463488,1665.15712,0.0,1670.463488,31547.813888
577725.626131,1670.463488,1665.15712,0.0,1670.463488,31547.797504
577822.160686,1670.463488,1665.15712,0.0,1670.463488,31548.043264
577919.785753,1670.463488,1665.15712,0.0,1670.463488,31548.02688
578019.522751,1670.463488,1665.15712,0.0,1670.463488,31548.010496
578118.82547,1670.463488,1665.15712,0.0,1670.463488,31548.25216
578215.607323,1670.463488,1665.15712,0.0,1670.463488,31548.235776
578312.647071,1670.463488,1665.15712,0.0,1670.463488,31547.957248
578412.434076,1670.463488,1665.15712,0.0,1670.463488,31547.940864
578511.834649,1670.463488,1665.15712,0.0,1670.463488,31547.916288
578609.387518,1670.463488,1665.15712,0.0,1670.463488,31547.899904
578706.274769,1670.463488,1665.15712,0.0,1670.463488,31547.88352
578809.231065,1670.463488,1665.15712,0.0,1670.463488,31547.867136
578906.379111,1670.463488,1665.15712,0.0,1670.463488,31547.850752
579005.692397,1670.463488,1665.15712,0.0,1670.463488,31550.21824
579102.928048,1670.463488,1665.15712,0.0,1670.463488,31550.459904
579199.893094,1670.463488,1665.15712,0.0,1670.463488,31550.44352
579299.321147,1670.463488,1665.15712,0.0,1670.463488,31550.169088
579399.180797,1670.463488,1665.15712,0.0,1670.463488,31550.676992
579497.490406,1670.463488,1665.15712,0.0,1670.463488,31550.660608
579593.829693,1670.463488,1665.15712,0.0,1670.463488,31550.394368
579694.826237,1670.463488,1665.15712,0.0,1670.463488,31550.124032
579794.125185,1670.463488,1665.15712,0.0,1670.463488,31549.845504
579893.801484,1670.463488,1665.15712,0.0,1670.463488,31550.025728
579993.73737,1670.463488,1665.15712,0.0,1670.463488,31550.01344
580091.86269,1670.463488,1665.15712,0.0,1670.463488,31550.01344
580188.498479,1670.463488,1665.15712,0.0,1670.463488,31549.595648
580287.488275,1670.463488,1665.15712,0.0,1670.463488,31549.566976
580387.238663,1670.463488,1665.15712,0.0,1670.463488,31549.812736
580486.557794,1670.463488,1665.15712,0.0,1670.463488,31549.796352
580583.830803,1670.463488,1665.15712,0.0,1670.463488,31549.779968
580680.781896,1670.463488,1665.15712,0.0,1670.463488,31549.505536
580782.571301,1670.463488,1665.15712,0.0,1670.463488,31549.755392
580882.033752,1670.463488,1665.15712,0.0,1670.463488,31549.657088
580981.589116,1670.463488,1665.15712,0.0,1670.463488,31549.902848
581080.13355,1670.463488,1665.15712,0.0,1670.463488,31549.636608
581176.384736,1670.463488,1665.15712,0.0,1670.463488,31549.620224
581275.205308,1670.463488,1665.15712,0.0,1670.463488,31549.710336
581374.96958,1670.463488,1665.15712,0.0,1670.463488,31549.710336
581474.477277,1670.463488,1665.15712,0.0,1670.463488,31549.628416
581572.875671,1670.463488,1665.15712,0.0,1670.463488,31549.833216
581669.148725,1670.463488,1665.15712,0.0,1670.463488,31549.816832
581769.103243,1670.463488,1665.15712,0.0,1670.463488,31549.78816
581868.721234,1670.463488,1665.15712,0.0,1670.463488,31549.76768
581968.632458,1670.463488,1665.15712,0.0,1670.463488,31549.751296
582067.349209,1670.463488,1665.15712,0.0,1670.463488,31549.997056
582167.462821,1670.463488,1665.15712,0.0,1670.463488,31546.6752
582263.773569,1670.463488,1665.15712,0.0,1670.463488,31546.65472
582363.109106,1670.463488,1665.15712,0.0,1670.463488,31546.90048
582462.79133,1670.463488,1665.15712,0.0,1670.463488,31546.884096
582562.637172,1670.463488,1665.15712,0.0,1670.463488,31546.85952
582660.693033,1670.463488,1665.15712,0.0,1670.463488,31546.83904
582760.099634,1670.463488,1665.15712,0.0,1670.463488,31546.822656
582856.627474,1670.463488,1665.15712,0.0,1670.463488,31547.129856
582956.343857,1670.463488,1665.15712,0.0,1670.463488,31547.113472
583059.14884,1670.463488,1665.15712,0.0,1670.463488,31547.359232
583165.150506,1670.463488,1665.15712,0.0,1670.463488,31547.0848
583265.010896,1670.463488,1665.15712,0.0,1670.463488,31547.068416
583364.375955,1670.463488,1665.15712,0.0,1670.463488,31547.314176
583463.454221,1670.463488,1665.15712,0.0,1670.463488,31547.297792
583564.310158,1670.463488,1665.15712,0.0,1670.463488,31547.281408
583666.533324,1670.463488,1665.15712,0.0,1670.463488,31547.265024
583768.914695,1670.463488,1665.15712,0.0,1670.463488,31547.24864
583872.677998,1670.463488,1665.15712,0.0,1670.463488,31547.232256
583974.533508,1670.463488,1665.15712,0.0,1670.463488,31547.215872
584077.132668,1670.463488,1665.15712,0.0,1670.463488,31547.199488
584178.849324,1670.463488,1665.15712,0.0,1670.463488,31547.445248
584280.383507,1670.463488,1665.15712,0.0,1670.463488,31547.428864
584383.078296,1670.463488,1665.15712,0.0,1670.463488,31547.674624
584480.158956,1676.550144,1671.243776,0.0,1676.550144,31554.183168
584580.169166,1676.550144,1671.243776,0.0,1676.550144,31554.166784
584680.047109,1676.550144,1671.243776,0.0,1676.550144,31554.1504
584778.731574,1676.550144,1671.243776,0.0,1676.550144,31554.134016
584875.050968,1676.550144,1671.243776,0.0,1676.550144,31554.117632
584974.22314,1676.550144,1671.243776,0.0,1676.550144,31554.101248
585073.891957,1676.550144,1671.243776,0.0,1676.550144,31554.347008
585173.754481,1676.550144,1671.243776,0.0,1676.550144,31554.064384
585272.568338,1676.550144,1671.243776,0.0,1676.550144,31554.048
585368.688951,1676.550144,1671.243776,0.0,1676.550144,31554.29376
585467.53588,1676.550144,1671.243776,0.0,1676.550144,31554.277376
585567.414709,1676.550144,1671.243776,0.0,1676.550144,31554.260992
585667.227612,1676.550144,1671.243776,0.0,1676.550144,31554.244608
585765.56778,1676.550144,1671.243776,0.0,1676.550144,31554.490368
585861.804331,1676.550144,1671.243776,0.0,1676.550144,31554.473984
585961.322466,1676.550144,1671.243776,0.0,1676.550144,31554.4576
586061.073587,1676.550144,1671.243776,0.0,1676.550144,31554.441216
586160.152763,1676.550144,1671.243776,0.0,1676.550144,31554.17088
586257.62818,1676.550144,1671.243776,0.0,1676.550144,31554.154496
586354.259094,1676.550144,1671.243776,0.0,1676.550144,31554.138112
586453.848547,1676.550144,1671.243776,0.0,1676.550144,31554.121728
586553.198795,1676.550144,1671.243776,0.0,1676.550144,31554.105344
586650.992857,1676.550144,1671.243776,0.0,1676.550144,31554.08896
586747.331211,1676.550144,1671.243776,0.0,1676.550144,31554.072576
586846.981462,1676.550144,1671.243776,0.0,1676.550144,31554.506752
586946.93137,1676.550144,1671.243776,0.0,1676.550144,31554.228224
587046.200586,1676.550144,1671.243776,0.0,1676.550144,31554.21184
587143.596917,1676.550144,1671.243776,0.0,1676.550144,31554.195456
587240.372666,1676.550144,1671.243776,0.0,1676.550144,31554.441216
587340.447627,1676.550144,1671.243776,0.0,1676.550144,31555.588096
587439.982476,1676.550144,1671.243776,0.0,1676.550144,31555.465216
587538.524899,1676.550144,1671.243776,0.0,1676.550144,31555.448832
587634.919357,1676.550144,1671.243776,0.0,1676.550144,31555.432448
587734.104877,1676.550144,1671.243776,0.0,1676.550144,31555.391488
587833.963943,1676.550144,1671.243776,0.0,1676.550144,31555.375104
587933.600586,1676.550144,1671.243776,0.0,1676.550144,31555.35872
588031.591192,1676.550144,1671.243776,0.0,1676.550144,31555.342336
588128.161984,1676.550144,1671.243776,0.0,1676.550144,31554.760704
588227.578593,1676.550144,1671.243776,0.0,1676.550144,31554.74432
588327.558142,1676.550144,1671.243776,0.0,1676.550144,31554.727936
588426.872389,1676.550144,1671.243776,0.0,1676.550144,31554.711552
588524.432196,1676.550144,1671.243776,0.0,1676.550144,31554.695168
588621.081076,1676.550144,1671.243776,0.0,1676.550144,31554.678784
588720.880601,1676.550144,1671.243776,0.0,1676.550144,31554.6624
588820.483455,1676.550144,1671.243776,0.0,1676.550144,31554.596864
588918.871298,1676.550144,1671.243776,0.0,1676.550144,31554.838528
589015.352653,1676.550144,1671.243776,0.0,1676.550144,31554.822144
589115.042171,1676.550144,1671.243776,0.0,1676.550144,31555.067904
589214.900899,1676.550144,1671.243776,0.0,1676.550144,31555.05152
589314.502563,1676.550144,1671.243776,0.0,1676.550144,31554.772992
589411.885312,1676.550144,1671.243776,0.0,1676.550144,31556.530176
589510.439846,1676.550144,1671.243776,0.0,1676.550144,31556.247552
589609.058874,1676.550144,1671.243776,0.0,1676.550144,31556.493312
589709.090444,1676.550144,1671.243776,0.0,1676.550144,31556.476928
589808.341363,1676.550144,1671.243776,0.0,1676.550144,31556.460544
589905.467722,1676.550144,1671.243776,0.0,1676.550144,31556.44416
590002.228182,1676.550144,1671.243776,0.0,1676.550144,31556.427776
590104.130874,1676.550144,1671.243776,0.0,1676.550144,31556.562944
590206.368453,1676.550144,1671.243776,0.0,1676.550144,31555.002368
590310.424635,1676.550144,1671.243776,0.0,1676.550144,31554.965504
590412.975753,1676.550144,1671.243776,0.0,1676.550144,31555.211264
590519.433511,1676.550144,1671.243776,0.0,1676.550144,31555.457024
590620.147179,1676.550144,1671.243776,0.0,1676.550144,31555.44064
590719.346789,1676.550144,1671.243776,0.0,1676.550144,31555.424256
590821.064869,1676.550144,1671.243776,0.0,1676.550144,31555.407872
590923.63925,1676.550144,1671.243776,0.0,1676.550144,31555.13344
591025.647475,1676.550144,1671.243776,0.0,1676.550144,31555.11296
591128.223605,1676.550144,1671.243776,0.0,1676.550144,31555.35872
591229.507235,1676.550144,1671.243776,0.0,1676.550144,31555.342336
591332.709217,1676.550144,1671.243776,0.0,1676.550144,31555.325952
591456.92434,1676.550144,1671.243776,0.0,1676.550144,31556.079616
591553.791664,1676.55424,1671.247872,0.0,1676.55424,31556.059136
591655.588595,1676.55424,1671.247872,0.0,1676.55424,31556.042752
591755.313866,1676.55424,1671.247872,0.0,1676.55424,31556.026368
591855.258762,1676.55424,1671.247872,0.0,1676.55424,31556.009984
591953.843652,1676.55424,1671.247872,0.0,1676.55424,31555.710976
592050.730974,1676.55424,1671.247872,0.0,1676.55424,31555.42016
592152.249352,1676.55424,1671.247872,0.0,1676.55424,31555.657728
592249.401219,1676.55424,1671.247872,0.0,1676.55424,31555.641344
592349.350236,1676.55424,1671.247872,0.0,1676.55424,31555.62496
592449.11521,1676.55424,1671.247872,0.0,1676.55424,31553.98656
592547.756219,1676.55424,1671.247872,0.0,1676.55424,31553.96608
592644.741659,1676.55424,1671.247872,0.0,1676.55424,31553.69984
592743.945983,1676.55424,1671.247872,0.0,1676.55424,31553.683456
592843.617279,1676.55424,1671.247872,0.0,1676.55424,31553.671168
592943.806416,1676.55424,1671.247872,0.0,1676.55424,31553.654784
593043.78481,1676.55424,1671.247872,0.0,1676.55424,31553.900544
593142.729582,1676.55424,1671.247872,0.0,1676.55424,31553.622016
593239.489526,1676.55424,1671.247872,0.0,1676.55424,31553.605632
593336.605007,1676.55424,1671.247872,0.0,1676.55424,31555.4816
593435.684281,1676.55424,1671.247872,0.0,1676.55424,31555.465216
593533.120916,1676.55424,1671.247872,0.0,1676.55424,31555.444736
593630.081885,1676.55424,1671.247872,0.0,1676.55424,31555.6864
593729.929343,1676.55424,1671.247872,0.0,1676.55424,31555.66592
593829.922301,1676.55424,1671.247872,0.0,1676.55424,31555.649536
593928.719983,1676.55424,1671.247872,0.0,1676.55424,31555.633152
594024.925125,1676.55424,1671.247872,0.0,1676.55424,31555.878912
594124.191434,1676.55424,1671.247872,0.0,1676.55424,31555.862528
594223.761058,1676.55424,1671.247872,0.0,1676.55424,31555.846144
594323.623345,1676.55424,1671.247872,0.0,1676.55424,31555.82976
594422.919327,1676.55424,1671.247872,0.0,1676.55424,31555.813376
594520.470633,1676.55424,1671.247872,0.0,1676.55424,31556.05504
594617.457306,1676.55424,1671.247872,0.0,1676.55424,31556.038656
594717.217337,1676.55424,1671.247872,0.0,1676.55424,31556.022272
594817.1596,1676.55424,1671.247872,0.0,1676.55424,31556.268032
594916.979651,1676.55424,1671.247872,0.0,1676.55424,31556.251648
595015.73689,1676.55424,1671.247872,0.0,1676.55424,31556.235264
595112.220041,1676.55424,1671.247872,0.0,1676.55424,31556.481024
595211.227819,1676.55424,1671.247872,0.0,1676.55424,31555.948544
595311.233855,1676.55424,1671.247872,0.0,1676.55424,31555.93216
595411.239215,1676.55424,1671.247872,0.0,1676.55424,31555.915776
595510.596504,1676.55424,1671.247872,0.0,1676.55424,31555.899392
595608.213559,1676.55424,1671.247872,0.0,1676.55424,31555.883008
595704.981113,1676.55424,1671.247872,0.0,1676.55424,31555.866624
595804.779912,1676.55424,1671.247872,0.0,1676.55424,31555.85024
595904.937617,1676.55424,1671.247872,0.0,1676.55424,31555.833856
596004.622271,1676.55424,1671.247872,0.0,1676.55424,31555.817472
596103.134519,1676.55424,1671.247872,0.0,1676.55424,31555.801088
596199.76951,1676.55424,1671.247872,0.0,1676.55424,31555.784704
596299.090775,1676.55424,1671.247872,0.0,1676.55424,31555.76832
596398.910283,1676.55424,1671.247872,0.0,1676.55424,31555.751936
596499.234172,1676.55424,1671.247872,0.0,1676.55424,31555.739648
596601.378353,1676.55424,1671.247872,0.0,1676.55424,31555.723264
596703.355819,1676.55424,1671.247872,0.0,1676.55424,31555.70688
596805.990481,1676.55424,1671.247872,0.0,1676.55424,31555.948544
596908.362905,1676.55424,1671.247872,0.0,1676.55424,31555.93216
597013.919416,1676.55424,1671.247872,0.0,1676.55424,31555.915776
597117.288352,1676.55424,1671.247872,0.0,1676.55424,31555.899392
597218.929915,1676.55424,1671.247872,0.0,1676.55424,31555.411968
597320.01405,1676.55424,1671.247872,0.0,1676.55424,31554.916352
597419.648219,1676.55424,1671.247872,0.0,1676.55424,31554.899968
597522.604302,1676.55424,1671.247872,0.0,1676.55424,31555.117056
597625.222246,1676.55424,1671.247872,0.0,1676.55424,31555.100672
597729.990213,1676.55424,1671.247872,0.0,1676.55424,31555.084288
597832.836821,1676.55424,1671.247872,0.0,1676.55424,31554.822144
597956.951264,1676.55424,1671.247872,0.0,1676.55424,31555.05152
598053.537294,1681.18272,1675.876352,0.0,1681.18272,31560.282112
598153.457046,1681.18272,1675.876352,0.0,1681.18272,31560.265728
598253.684461,1681.18272,1675.876352,0.0,1681.18272,31560.249344
598353.097898,1681.18272,1675.876352,0.0,1681.18272,31560.23296
598451.16686,1681.18272,1675.876352,0.0,1681.18272,31560.47872
598548.180405,1681.18272,1675.876352,0.0,1681.18272,31560.462336
598647.682726,1681.18272,1675.876352,0.0,1681.18272,31560.445952
598747.505784,1681.18272,1675.876352,0.0,1681.18272,31560.429568
598847.433589,1681.18272,1675.874304,0.0,1681.18272,31566.024704
598947.197695,1681.18272,1675.876352,0.0,1681.18272,31560.728576
599045.522938,1681.18272,1675.876352,0.0,1681.18272,31559.82336
599142.234537,1681.18272,1675.876352,0.0,1681.18272,31559.548928
599242.106412,1681.18272,1675.876352,0.0,1681.18272,31559.532544
599342.811028,1681.18272,1675.876352,0.0,1681.18272,31559.51616
599442.289876,1681.18272,1675.876352,0.0,1681.18272,31559.499776
599542.206862,1681.18272,1675.876352,0.0,1681.18272,31559.483392
599641.742894,1681.18272,1675.876352,0.0,1681.18272,31559.467008
599739.44573,1681.18272,1675.876352,0.0,1681.18272,31559.450624
599836.325135,1681.18272,1675.876352,0.0,1681.18272,31558.975488
599935.854599,1681.18272,1675.876352,0.0,1681.18272,31558.959104
600036.049086,1681.18272,1675.876352,0.0,1681.18272,31559.192576
600135.708627,1681.18272,1675.876352,0.0,1681.18272,31559.176192
600233.477763,1681.18272,1675.876352,0.0,1681.18272,31558.852608
600330.446521,1681.18272,1675.876352,0.0,1681.18272,31558.836224
600429.949532,1681.18272,1675.876352,0.0,1681.18272,31558.81984
600529.832122,1681.18272,1675.876352,0.0,1681.18272,31558.803456
600628.733014,1681.18272,1675.876352,0.0,1681.18272,31559.053312
600726.922911,1681.18272,1675.876352,0.0,1681.18272,31559.036928
600826.802758,1681.18272,1675.876352,0.0,1681.18272,31559.409664
600924.267355,1681.18272,1675.876352,0.0,1681.18272,31559.442432
601023.893084,1681.18272,1675.876352,0.0,1681.18272,31559.376896
601123.957986,1681.18272,1675.876352,0.0,1681.18272,31559.368704
601223.006837,1681.18272,1675.876352,0.0,1681.18272,31559.610368
601320.327563,1681.18272,1675.876352,0.0,1681.18272,31559.33184
601417.335456,1681.18272,1675.876352,0.0,1681.18272,31559.307264
601517.488763,1681.18272,1675.876352,0.0,1681.18272,31559.29088
601617.564574,1681.18272,1675.876352,0.0,1681.18272,31559.53664
601716.950925,1681.18272,1675.876352,0.0,1681.18272,31559.520256
601814.499129,1681.18272,1675.876352,0.0,1681.18272,31559.503872
601911.246386,1681.18272,1675.876352,0.0,1681.18272,31559.22944
602010.946539,1681.18272,1675.876352,0.0,1681.18272,31559.221248
602110.881737,1681.18272,1675.876352,0.0,1681.18272,31559.65952
602209.732265,1681.18272,1675.876352,0.0,1681.18272,31559.389184
602306.172315,1681.18272,1675.876352,0.0,1681.18272,31558.754304
602405.573677,1681.18272,1675.876352,0.0,1681.18272,31558.73792
602505.387206,1681.18272,1675.876352,0.0,1681.18272,31558.725632
602605.257035,1681.18272,1675.876352,0.0,1681.18272,31558.463488
602704.717392,1681.18272,1675.876352,0.0,1681.18272,31562.350592
602806.148244,1681.18272,1675.875328,0.0,1681.18272,31572.537344
602904.551004,1681.18272,1675.876352,0.0,1681.18272,31560.400896
603000.998671,1681.18272,1675.876352,0.0,1681.18272,31560.384512
603100.125112,1681.18272,1675.876352,0.0,1681.18272,31560.368128
603199.584613,1681.18272,1675.876352,0.0,1681.18272,31560.445952
603298.922282,1681.18272,1675.876352,0.0,1681.18272,31560.429568
603396.490928,1681.18272,1675.876352,0.0,1681.18272,31560.41728
603493.31016,1681.18272,1675.876352,0.0,1681.18272,31560.400896
603592.680815,1681.18272,1675.876352,0.0,1681.18272,31560.679424
603694.33049,1681.18272,1675.876352,0.0,1681.18272,31560.679424
603794.101401,1681.18272,1675.876352,0.0,1681.18272,31560.650752
603893.774378,1681.18272,1675.876352,0.0,1681.18272,31560.454144
603992.134539,1681.18272,1675.876352,0.0,1681.18272,31560.43776
604088.476347,1681.18272,1675.876352,0.0,1681.18272,31560.425472
604187.844534,1681.18272,1675.876352,0.0,1681.18272,31560.409088
604290.762635,1681.18272,1675.876352,0.0,1681.18272,31560.392704
604391.789469,1681.18272,1675.876352,0.0,1681.18272,31560.37632
604493.364693,1681.18272,1675.876352,0.0,1681.18272,31560.359936
604592.855359,1681.18272,1675.876352,0.0,1681.18272,31560.183808
604697.755506,1681.18272,1675.876352,0.0,1681.18272,31556.653056
604801.110338,1681.18272,1675.876352,0.0,1681.18272,31556.984832
604903.324716,1681.18272,1675.876352,0.0,1681.18272,31556.968448
605006.734709,1681.18272,1675.876352,0.0,1681.18272,31556.952064
605107.860313,1681.18272,1675.876352,0.0,1681.18272,31556.93568
605207.359058,1681.18272,1675.876352,0.0,1681.18272,31556.816896
605309.322821,1681.18272,1675.876352,0.0,1681.18272,31556.800512
605412.838615,1681.18272,1675.876352,0.0,1681.18272,31556.784128
605514.699685,1681.18272,1675.876352,0.0,1681.18272,31556.767744
605619.14295,1681.18272,1675.876352,0.0,1681.18272,31557.255168
605718.256493,1686.716416,1681.410048,0.0,1686.716416,31562.743808
605817.047506,1686.716416,1681.410048,0.0,1686.716416,31562.727424
605913.501163,1686.716416,1681.410048,0.0,1686.716416,31562.71104
606012.185618,1686.716416,1681.410048,0.0,1686.716416,31562.682368
606112.404916,1686.716416,1681.410048,0.0,1686.716416,31562.928128
606212.279659,1686.716416,1681.410048,0.0,1686.716416,31562.067968
606311.534059,1686.716416,1681.410048,0.0,1686.716416,31562.063872
606408.700887,1686.716416,1681.410048,0.0,1686.716416,31562.039296
606505.453899,1686.716416,1681.410048,0.0,1686.716416,31562.022912
606605.490272,1686.716416,1681.410048,0.0,1686.716416,31562.268672
606706.953943,1686.716416,1681.410048,0.0,1686.716416,31562.252288
606807.396775,1686.716416,1681.410048,0.0,1686.716416,31562.4448
606907.392504,1686.716416,1681.410048,0.0,1686.716416,31562.30144
607006.469887,1686.716416,1681.410048,0.0,1686.716416,31562.293248
607103.01851,1686.716416,1681.410048,0.0,1686.716416,31562.293248
607200.183017,1686.716416,1681.410048,0.0,1686.716416,31562.186752
607299.569243,1686.716416,1681.410048,0.0,1686.716416,31562.391552
607397.127468,1686.716416,1681.410048,0.0,1686.716416,31562.375168
607494.258792,1686.716416,1681.410048,0.0,1686.716416,31564.509184
607593.7102,1686.716416,1681.410048,0.0,1686.716416,31564.4928
607695.122972,1686.716416,1681.410048,0.0,1686.716416,31564.73856
607794.714108,1686.716416,1681.410048,0.0,1686.716416,31564.722176
607893.604809,1686.716416,1681.410048,0.0,1686.716416,31564.509184
607989.931793,1686.716416,1681.410048,0.0,1686.716416,31564.222464
608089.35543,1686.716416,1681.410048,0.0,1686.716416,31564.20608
608188.834399,1686.716416,1681.410048,0.0,1686.716416,31564.189696
608288.763893,1686.716416,1681.410048,0.0,1686.716416,31564.173312
608387.272017,1686.716416,1681.410048,0.0,1686.716416,31564.156928
608483.715806,1686.716416,1681.410048,0.0,1686.716416,31564.140544
608583.300009,1686.716416,1681.410048,0.0,1686.716416,31564.12416
608682.627117,1686.716416,1681.410048,0.0,1686.716416,31564.107776
608782.725574,1686.716416,1681.410048,0.0,1686.716416,31564.02176
608882.060599,1686.716416,1681.410048,0.0,1686.716416,31564.177408
608979.638641,1686.716416,1681.410048,0.0,1686.716416,31564.161024
609076.391355,1686.716416,1681.410048,0.0,1686.716416,31564.140544
609176.272772,1686.716416,1681.410048,0.0,1686.716416,31563.935744
609276.094771,1686.716416,1681.410048,0.0,1686.716416,31564.181504
609374.871165,1686.716416,1681.410048,0.0,1686.716416,31564.16512
609471.393812,1686.716416,1681.410048,0.0,1686.716416,31564.148736
609570.254922,1686.716416,1681.410048,0.0,1686.716416,31564.132352
609669.647154,1686.716416,1681.410048,0.0,1686.716416,31564.111872
609769.421693,1686.716416,1681.410048,0.0,1686.716416,31564.357632
609867.750018,1686.716416,1681.410048,0.0,1686.716416,31564.341248
609964.204268,1686.716416,1681.410048,0.0,1686.716416,31564.324864
610063.594733,1686.716416,1681.410048,0.0,1686.716416,31564.30848
610163.438141,1686.716416,1681.410048,0.0,1686.716416,31564.292096
610263.290529,1686.716416,1681.410048,0.0,1686.716416,31564.214272
610362.829778,1686.716416,1681.410048,0.0,1686.716416,31564.197888
610460.213122,1686.716416,1681.410048,0.0,1686.716416,31564.181504
610557.112141,1686.716416,1681.410048,0.0,1686.716416,31564.16512
610656.89158,1686.716416,1681.410048,0.0,1686.716416,31564.148736
610756.291309,1686.716416,1681.410048,0.0,1686.716416,31564.132352
610854.033944,1686.716416,1681.410048,0.0,1686.716416,31564.378112
610950.969371,1686.716416,1681.410048,0.0,1686.716416,31564.361728
611051.108026,1686.716416,1681.410048,0.0,1686.716416,31564.607488
611150.821061,1686.716416,1681.410048,0.0,1686.716416,31564.333056
611250.555849,1686.716416,1681.410048,0.0,1686.716416,31564.316672
611348.653768,1686.716416,1681.410048,0.0,1686.716416,31564.300288
611445.397395,1686.716416,1681.410048,0.0,1686.716416,31564.283904
611544.829531,1686.716416,1681.410048,0.0,1686.716416,31564.26752
611644.949827,1686.716416,1681.410048,0.0,1686.716416,31564.51328
611744.911961,1686.716416,1681.410048,0.0,1686.716416,31564.496896
611845.936044,1686.716416,1681.410048,0.0,1686.716416,31564.480512
611945.21306,1686.716416,1681.410048,0.0,1686.716416,31564.464128
612042.561211,1686.716416,1681.410048,0.0,1686.716416,31564.447744
612139.374295,1686.716416,1681.410048,0.0,1686.716416,31564.43136
612239.230289,1686.716416,1681.410048,0.0,1686.716416,31564.414976
612343.254235,1686.716416,1681.410048,0.0,1686.716416,31564.398592
612444.582546,1686.716416,1681.410048,0.0,1686.716416,31564.644352
612544.782875,1686.716416,1681.410048,0.0,1686.716416,31564.61568
612649.508014,1686.716416,1681.410048,0.0,1686.716416,31564.599296
612755.192107,1686.716416,1681.410048,0.0,1686.716416,31564.582912
612858.556202,1686.716416,1681.410048,0.0,1686.716416,31564.566528
612959.132407,1686.716416,1681.410048,0.0,1686.716416,31564.550144
613058.494951,1686.716416,1681.410048,0.0,1686.716416,31564.795904
613160.035437,1686.716416,1681.410048,0.0,1686.716416,31563.997184
613259.663656,1686.716416,1681.410048,0.0,1686.716416,31563.9808
613364.141489,1686.716416,1681.410048,0.0,1686.716416,31563.964416
613465.638868,1686.716416,1681.410048,0.0,1686.716416,31563.948032
613569.836842,1686.716416,1681.410048,0.0,1686.716416,31563.931648
613682.028766,1686.716416,1681.410048,0.0,1686.716416,31564.423168
613780.639007,1686.724608,1681.41824,0.0,1686.724608,31564.668928
613880.343732,1686.724608,1681.41824,0.0,1686.724608,31564.652544
613978.201269,1686.724608,1681.41824,0.0,1686.724608,31564.63616
614074.953192,1686.724608,1681.41824,0.0,1686.724608,31565.144064
614174.546603,1686.724608,1681.41824,0.0,1686.724608,31565.12768
614274.040743,1686.724608,1681.41824,0.0,1686.724608,31565.111296
614373.485991,1686.724608,1681.41824,0.0,1686.724608,31565.094912
614470.776893,1686.724608,1681.41824,0.0,1686.724608,31565.078528
614567.58464,1686.724608,1681.41824,0.0,1686.724608,31565.062144
614667.525916,1686.724608,1681.41824,0.0,1686.724608,31565.04576
614769.426892,1686.724608,1681.41824,0.0,1686.724608,31564.505088
614869.313609,1686.724608,1681.41824,0.0,1686.724608,31564.488704
614969.516435,1686.724608,1681.41824,0.0,1686.724608,31564.47232
615068.598638,1686.724608,1681.41824,0.0,1686.724608,31564.447744
615165.464475,1686.724608,1681.41824,0.0,1686.724608,31564.173312
615262.903779,1686.724608,1681.41824,0.0,1686.724608,31563.542528
615362.798454,1686.724608,1681.41824,0.0,1686.724608,31563.522048
615462.669043,1686.724608,1681.41824,0.0,1686.724608,31563.505664
615561.291794,1686.724608,1681.41824,0.0,1686.724608,31563.48928
615661.075794,1686.724608,1681.41824,0.0,1686.724608,31563.73504
615757.398537,1686.724608,1681.41824,0.0,1686.724608,31563.984896
615857.220678,1686.724608,1681.41824,0.0,1686.724608,31563.968512
615957.160046,1686.724608,1681.41824,0.0,1686.724608,31563.952128
616056.95345,1686.724608,1681.41824,0.0,1686.724608,31564.197888
616155.855825,1686.724608,1681.41824,0.0,1686.724608,31563.9808
616252.452979,1686.724608,1681.41824,0.0,1686.724608,31563.964416
616349.452636,1686.724608,1681.41824,0.0,1686.724608,31563.948032
616448.470541,1686.724608,1681.41824,0.0,1686.724608,31563.931648
616545.342112,1686.724608,1681.41824,0.0,1686.724608,31563.915264
616642.655345,1686.724608,1681.41824,0.0,1686.724608,31563.89888
616742.589755,1686.724608,1681.41824,0.0,1686.724608,31563.882496
616841.55673,1686.724608,1681.41824,0.0,1686.724608,31563.866112
616944.40621,1686.724608,1681.41824,0.0,1686.724608,31563.849728
617044.395288,1686.724608,1681.41824,0.0,1686.724608,31563.563008
617142.577402,1686.724608,1681.41824,0.0,1686.724608,31563.280384
617239.183093,1686.724608,1681.41824,0.0,1686.724608,31563.526144
617338.456563,1686.724608,1681.41824,0.0,1686.724608,31563.50976
617438.084133,1686.724608,1681.41824,0.0,1686.724608,31563.481088
617537.095815,1686.724608,1681.41824,0.0,1686.724608,31565.791232
617634.482239,1686.724608,1681.41824,0.0,1686.724608,31565.586432
617732.563718,1686.724608,1681.41824,0.0,1686.724608,31565.234176
617832.155329,1686.724608,1681.41824,0.0,1686.724608,31565.217792
617932.133924,1686.724608,1681.41824,0.0,1686.724608,31565.193216
618031.642315,1686.724608,1681.41824,0.0,1686.724608,31565.180928
618129.236694,1686.724608,1681.41824,0.0,1686.724608,31565.426688
618226.159359,1686.724608,1681.41824,0.0,1686.724608,31565.4144
618325.73784,1686.724608,1681.41824,0.0,1686.724608,31565.39392
618426.080975,1686.724608,1681.41824,0.0,1686.724608,31565.377536
618526.001431,1686.724608,1681.41824,0.0,1686.724608,31565.348864
618624.293507,1686.724608,1681.41824,0.0,1686.724608,31565.33248
618720.990335,1686.724608,1681.41824,0.0,1686.724608,31565.316096
618820.278221,1686.724608,1681.41824,0.0,1686.724608,31565.922304
618920.147065,1686.724608,1681.41824,0.0,1686.724608,31565.90592
619019.843265,1686.724608,1681.41824,0.0,1686.724608,31565.889536
619118.428474,1686.724608,1681.41824,0.0,1686.724608,31565.877248
619214.843626,1686.724608,1681.41824,0.0,1686.724608,31565.63968
619316.609512,1686.724608,1681.41824,0.0,1686.724608,31565.623296
619417.966582,1686.724608,1681.41824,0.0,1686.724608,31565.606912
619520.290072,1686.724608,1681.41824,0.0,1686.724608,31565.590528
619625.421776,1686.724608,1681.41824,0.0,1686.724608,31565.574144
619728.021266,1686.724608,1681.41824,0.0,1686.724608,31564.894208
619829.841718,1686.724608,1681.41824,0.0,1686.724608,31564.873728
619931.269138,1686.724608,1681.41824,0.0,1686.724608,31564.857344
620032.488781,1686.724608,1681.41824,0.0,1686.724608,31564.84096
620135.322276,1686.724608,1681.41824,0.0,1686.724608,31564.824576
620237.793365,1686.724608,1681.41824,0.0,1686.724608,31564.546048
620341.444615,1686.724608,1681.41824,0.0,1686.724608,31564.529664
620444.437296,1686.724608,1681.41824,0.0,1686.724608,31564.775424
620546.076457,1686.724608,1681.41824,0.0,1686.724608,31564.75904
620648.841337,1686.724608,1681.41824,0.0,1686.724608,31565.774848
620746.03303,1686.7328,1681.426432,0.0,1686.7328,31565.758464
620845.646061,1686.7328,1681.426432,0.0,1686.7328,31565.74208
620945.674862,1686.7328,1681.426432,0.0,1686.7328,31565.725696
621045.196361,1686.7328,1681.426432,0.0,1686.7328,31565.971456
621143.181964,1686.7328,1681.426432,0.0,1686.7328,31565.70112
621239.990806,1686.7328,1681.426432,0.0,1686.7328,31565.684736
621339.60542,1686.7328,1681.426432,0.0,1686.7328,31565.668352
621439.725761,1686.7328,1681.426432,0.0,1686.7328,31565.651968
621539.691048,1686.7328,1681.426432,0.0,1686.7328,31565.635584
621639.155988,1686.7328,1681.426432,0.0,1686.7328,31565.6192
621736.941668,1686.7328,1681.426432,0.0,1686.7328,31565.873152
621834.062275,1686.7328,1681.426432,0.0,1686.7328,31565.869056
621933.574663,1686.7328,1681.426432,0.0,1686.7328,31565.856768
622033.878595,1686.7328,1681.426432,0.0,1686.7328,31566.11072
622133.976435,1686.7328,1681.426432,0.0,1686.7328,31566.102528
622233.46143,1686.7328,1681.426432,0.0,1686.7328,31566.086144
622331.312676,1686.7328,1681.426432,0.0,1686.7328,31566.082048
622428.201815,1686.7328,1681.426432,0.0,1686.7328,31566.077952
622528.126614,1686.7328,1681.426432,0.0,1686.7328,31566.06976
622628.171707,1686.7328,1681.426432,0.0,1686.7328,31566.053376
622728.23686,1686.7328,1681.426432,0.0,1686.7328,31565.49632
622829.84956,1686.7328,1681.426432,0.0,1686.7328,31565.49632
622929.9087,1686.7328,1681.426432,0.0,1686.7328,31565.463552
623029.418417,1686.7328,1681.426432,0.0,1686.7328,31565.447168
623126.826074,1686.7328,1681.426432,0.0,1686.7328,31565.172736
623223.641436,1686.7328,1681.426432,0.0,1686.7328,31564.951552
623323.496994,1686.7328,1681.426432,0.0,1686.7328,31564.935168
623423.971136,1686.7328,1681.426432,0.0,1686.7328,31564.918784
623523.594797,1686.7328,1681.426432,0.0,1686.7328,31564.9024
623622.291227,1686.7328,1681.426432,0.0,1686.7328,31565.14816
623718.597868,1686.7328,1681.426432,0.0,1686.7328,31565.131776
623817.798914,1686.7328,1681.426432,0.0,1686.7328,31565.37344
623917.63573,1686.7328,1681.426432,0.0,1686.7328,31565.357056
624017.443793,1686.7328,1681.426432,0.0,1686.7328,31565.340672
624116.633921,1686.7328,1681.426432,0.0,1686.7328,31565.586432
624214.076246,1686.7328,1681.426432,0.0,1686.7328,31565.570048
624310.926912,1686.7328,1681.426432,0.0,1686.7328,31565.553664
624410.702468,1686.7328,1681.426432,0.0,1686.7328,31565.53728
624510.870286,1686.7328,1681.426432,0.0,1686.7328,31565.520896
624610.273688,1686.7328,1681.426432,0.0,1686.7328,31565.504512
624707.760978,1686.7328,1681.426432,0.0,1686.7328,31565.488128
624806.346989,1686.7328,1681.426432,0.0,1686.7328,31565.467648
624905.296884,1686.7328,1681.426432,0.0,1686.7328,31565.451264
625004.956456,1686.7328,1681.426432,0.0,1686.7328,31565.43488
625105.124356,1686.7328,1681.426432,0.0,1686.7328,31565.418496
625214.69657,1686.7328,1681.426432,0.0,1686.7328,31565.131776
625318.761309,1686.7328,1681.426432,0.0,1686.7328,31565.377536
625421.169136,1686.7328,1681.426432,0.0,1686.7328,31565.361152
625520.647728,1686.7328,1681.426432,0.0,1686.7328,31565.344768
625622.493028,1686.7328,1681.426432,0.0,1686.7328,31565.328384
625725.985811,1686.7328,1681.426432,0.0,1686.7328,31565.312
625827.790769,1686.7328,1681.426432,0.0,1686.7328,31565.55776
625931.099773,1686.7328,1681.426432,0.0,1686.7328,31565.541376
626033.505467,1686.7328,1681.426432,0.0,1686.7328,31565.524992
626135.61075,1686.7328,1681.426432,0.0,1686.7328,31565.508608
626237.455962,1686.7328,1681.426432,0.0,1686.7328,31565.492224
626338.830689,1686.7328,1681.426432,0.0,1686.7328,31565.737984
626441.356287,1686.7328,1681.426432,0.0,1686.7328,31565.983744
626543.345554,1686.7328,1681.426432,0.0,1686.7328,31565.963264
626639.157646,1690.91072,1685.604352,0.0,1690.91072,31570.386944
626738.818108,1690.91072,1685.604352,0.0,1690.91072,31570.378752
626839.029572,1690.91072,1685.604352,0.0,1690.91072,31570.362368
626939.324939,1690.91072,1685.604352,0.0,1690.91072,31570.345984
627039.563253,1690.91072,1685.604352,0.0,1690.91072,31570.591744
627138.79046,1690.91072,1685.604352,0.0,1690.91072,31570.57536
627236.585468,1690.91072,1685.604352,0.0,1690.91072,31570.305024
627333.590414,1690.91072,1685.604352,0.0,1690.91072,31570.28864
627433.745997,1690.91072,1685.604352,0.0,1690.91072,31570.272256
627533.569148,1690.91072,1685.604352,0.0,1690.91072,31570.477056
627633.732147,1690.91072,1685.604352,0.0,1690.91072,31570.460672
627732.589668,1690.91072,1685.604352,0.0,1690.91072,31570.444288
627829.705649,1690.91072,1685.604352,0.0,1690.91072,31570.427904
627927.058867,1690.91072,1685.604352,0.0,1690.91072,31570.149376
628027.09528,1690.91072,1685.604352,0.0,1690.91072,31569.297408
628126.74583,1690.91072,1685.604352,0.0,1690.91072,31569.543168
628225.245441,1690.91072,1685.604352,0.0,1690.91072,31569.526784
628321.753627,1690.91072,1685.604352,0.0,1690.91072,31569.772544
628421.138741,1690.91072,1685.604352,0.0,1690.91072,31569.75616
628520.990925,1690.91072,1685.604352,0.0,1690.91072,31569.739776
628620.714551,1690.91072,1685.604352,0.0,1690.91072,31569.723392
628718.694144,1690.91072,1685.604352,0.0,1690.91072,31569.707008
628815.291916,1690.91072,1685.604352,0.0,1690.91072,31569.690624
628915.163749,1690.91072,1685.604352,0.0,1690.91072,31569.678336
629015.025783,1690.91072,1685.604352,0.0,1690.91072,31569.96096
629114.973329,1690.91072,1685.604352,0.0,1690.91072,31570.190336
629214.151295,1690.91072,1685.604352,0.0,1690.91072,31569.870848
629314.54112,1690.91072,1685.604352,0.0,1690.91072,31569.59232
629411.598337,1690.91072,1685.604352,0.0,1690.91072,31569.575936
629508.890467,1690.91072,1685.604352,0.0,1690.91072,31569.559552
629608.761185,1690.91072,1685.604352,0.0,1690.91072,31569.543168
629708.800525,1690.91072,1685.604352,0.0,1690.91072,31569.526784
629807.486761,1690.91072,1685.604352,0.0,1690.91072,31569.5104
629904.276786,1690.91072,1685.604352,0.0,1690.91072,31570.018304
630003.631773,1690.91072,1685.604352,0.0,1690.91072,31570.00192
630103.200377,1690.91072,1685.604352,0.0,1690.91072,31569.985536
630203.4303,1690.91072,1685.604352,0.0,1690.91072,31569.969152
630305.729095,1690.91072,1685.604352,0.0,1690.91072,31569.44896
630405.333304,1690.91072,1685.604352,0.0,1690.91072,31569.42848
630505.311019,1690.91072,1685.604352,0.0,1690.91072,31569.412096
630605.174605,1690.91072,1685.604352,0.0,1690.91072,31569.395712
630704.27526,1690.91072,1685.604352,0.0,1690.91072,31569.379328
630801.100885,1690.91072,1685.604352,0.0,1690.91072,31569.289216
630898.34342,1690.91072,1685.604352,0.0,1690.91072,31569.272832
630998.110181,1690.91072,1685.604352,0.0,1690.91072,31569.256448
631096.918816,1690.91072,1685.604352,0.0,1690.91072,31569.502208
631194.512782,1690.91072,1685.604352,0.0,1690.91072,31568.695296
631298.197287,1690.91072,1685.604352,0.0,1690.91072,31568.678912
631397.134221,1690.91072,1685.604352,0.0,1690.91072,31568.666624
631504.496981,1690.91072,1685.604352,0.0,1690.91072,31569.174528
631613.497451,1690.91072,1685.604352,0.0,1690.91072,31569.158144
631716.568469,1690.91072,1685.604352,0.0,1690.91072,31569.14176
631818.134768,1690.91072,1685.604352,0.0,1690.91072,31569.125376
631922.106408,1690.91072,1685.604352,0.0,1690.91072,31569.371136
632028.456094,1690.91072,1685.604352,0.0,1690.91072,31569.354752
632134.249229,1690.91072,1685.604352,0.0,1690.91072,31569.338368
632240.75503,1690.91072,1685.604352,0.0,1690.91072,31569.321984
632343.965857,1690.91072,1685.604352,0.0,1690.91072,31569.3056
632443.273484,1690.91072,1685.604352,0.0,1690.91072,31569.031168
632540.410644,1690.91072,1685.604352,0.0,1690.91072,31571.095552
632639.004443,1695.080448,1689.77408,0.0,1695.080448,31573.700608
632739.543957,1695.080448,1689.77408,0.0,1695.080448,31573.684224
632838.7542,1695.080448,1689.77408,0.0,1695.080448,31573.671936
632935.586422,1695.080448,1689.77408,0.0,1695.080448,31573.655552
633036.072908,1695.080448,1689.77408,0.0,1695.080448,31573.118976
633140.158544,1695.080448,1689.77408,0.0,1695.080448,31573.618688
633238.879464,1695.080448,1689.77408,0.0,1695.080448,31573.602304
633338.532513,1695.080448,1689.77408,0.0,1695.080448,31573.58592
633441.686285,1695.080448,1689.77408,0.0,1695.080448,31573.569536
633538.903314,1695.080448,1689.77408,0.0,1695.080448,31573.553152
633638.620548,1695.080448,1689.77408,0.0,1695.080448,31573.536768
633739.934699,1695.080448,1689.77408,0.0,1695.080448,31573.520384
633839.406094,1695.080448,1689.77408,0.0,1695.080448,31573.504
633937.256818,1695.080448,1689.77408,0.0,1695.080448,31573.753856
634034.128698,1695.080448,1689.77408,0.0,1695.080448,31573.479424
634134.15781,1695.080448,1689.77408,0.0,1695.080448,31573.725184
634234.116094,1695.080448,1689.77408,0.0,1695.080448,31573.7088
634337.514736,1695.080448,1689.77408,0.0,1695.080448,31573.692416
634436.894049,1695.080448,1689.77408,0.0,1695.080448,31573.676032
634536.742855,1695.080448,1689.77408,0.0,1695.080448,31573.659648
634639.936983,1695.080448,1689.77408,0.0,1695.080448,31573.643264
634740.716835,1695.080448,1689.77408,0.0,1695.080448,31573.889024
634838.206492,1695.080448,1689.77408,0.0,1695.080448,31573.87264
634942.230345,1695.080448,1689.77408,0.0,1695.080448,31574.1184
635041.259247,1695.080448,1689.77408,0.0,1695.080448,31574.102016
635141.459956,1695.080448,1689.77408,0.0,1695.080448,31574.085632
635249.673945,1695.080448,1689.77408,0.0,1695.080448,31573.807104
635349.932275,1695.080448,1689.77408,0.0,1695.080448,31573.79072
635446.771573,1695.080448,1689.77408,0.0,1695.080448,31573.774336
635543.89947,1695.080448,1689.77408,0.0,1695.080448,31573.757952
635643.786412,1695.080448,1689.77408,0.0,1695.080448,31573.741568
635742.564821,1695.080448,1689.77408,0.0,1695.080448,31573.725184
635838.817908,1695.080448,1689.77408,0.0,1695.080448,31573.7088
635937.862055,1695.080448,1689.77408,0.0,1695.080448,31573.696512
636037.689088,1695.080448,1689.77408,0.0,1695.080448,31573.676032
636137.999891,1695.080448,1689.77408,0.0,1695.080448,31573.921792
636237.734761,1695.080448,1689.77408,0.0,1695.080448,31573.905408
636341.232555,1695.080448,1689.77408,0.0,1695.080448,31574.151168
636440.803036,1695.080448,1689.77408,0.0,1695.080448,31574.134784
636540.768869,1695.080448,1689.77408,0.0,1695.080448,31574.1184
636639.501239,1695.080448,1689.77408,0.0,1695.080448,31574.048768
636735.723747,1695.080448,1689.77408,0.0,1695.080448,31573.962752
636836.760829,1695.080448,1689.77408,0.0,1695.080448,31574.069248
636935.857612,1695.080448,1689.77408,0.0,1695.080448,31574.052864
637035.60356,1695.080448,1689.77408,0.0,1695.080448,31573.778432
637135.5308,1695.080448,1689.77408,0.0,1695.080448,31573.762048
637235.194933,1695.080448,1689.77408,0.0,1695.080448,31573.745664
637333.279148,1695.080448,1689.77408,0.0,1695.080448,31573.72928
637435.332201,1695.080448,1689.77408,0.0,1695.080448,31573.712896
637532.450068,1695.080448,1689.77408,0.0,1695.080448,31572.484096
637629.470915,1695.080448,1689.77408,0.0,1695.080448,31572.43904
637729.543717,1695.080448,1689.77408,0.0,1695.080448,31572.422656
637828.667456,1695.080448,1689.77408,0.0,1695.080448,31572.406272
637925.69117,1695.080448,1689.77408,0.0,1695.080448,31572.652032
638023.186037,1695.080448,1689.77408,0.0,1695.080448,31572.635648
638122.977013,1695.080448,1689.77408,0.0,1695.080448,31572.611072
638224.888166,1695.080448,1689.77408,0.0,1695.080448,31572.037632
638326.414594,1695.080448,1689.77408,0.0,1695.080448,31572.021248
638426.039373,1695.080448,1689.77408,0.0,1695.080448,31572.004864
638525.966406,1695.080448,1689.77408,0.0,1695.080448,31572.226048
638628.91598,1695.080448,1689.77408,0.0,1695.080448,31572.209664
638733.912852,1695.080448,1689.77408,0.0,1695.080448,31571.943424
638835.933348,1695.080448,1689.77408,0.0,1695.080448,31572.107264
638935.146433,1695.080448,1689.77408,0.0,1695.080448,31572.353024
639034.057887,1695.080448,1689.77408,0.0,1695.080448,31572.299776
639133.604371,1695.080448,1689.77408,0.0,1695.080448,31572.283392
639236.838418,1695.080448,1689.77408,0.0,1695.080448,31572.004864
639338.835595,1695.080448,1689.77408,0.0,1695.080448,31571.98848
639444.09759,1695.080448,1689.77408,0.0,1695.080448,31571.972096
639547.814478,1695.080448,1689.77408,0.0,1695.080448,31572.217856
639650.001446,1695.080448,1689.77408,0.0,1695.080448,31572.201472
639749.346058,1695.080448,1689.77408,0.0,1695.080448,31572.185088
639850.993565,1695.080448,1689.77408,0.0,1695.080448,31572.168704
639951.185372,1695.080448,1689.77408,0.0,1695.080448,31572.410368
640050.403808,1700.470784,1695.164416,0.0,1700.470784,31578.39872
640150.374431,1700.470784,1695.164416,0.0,1700.470784,31577.86624
640250.412589,1700.470784,1695.164416,0.0,1700.470784,31577.849856
640350.806115,1700.470784,1695.164416,0.0,1700.470784,31577.821184
640450.396314,1700.470784,1695.164416,0.0,1700.470784,31577.8048
640548.198941,1700.470784,1695.164416,0.0,1700.470784,31578.05056
640645.24689,1700.470784,1695.164416,0.0,1700.470784,31578.034176
640744.825686,1700.470784,1695.164416,0.0,1700.470784,31578.017792
640844.634628,1700.470784,1695.164416,0.0,1700.470784,31578.021888
640944.158245,1700.470784,1695.164416,0.0,1700.470784,31578.005504
641041.900805,1700.470784,1695.164416,0.0,1700.470784,31578.263552
641138.812461,1700.470784,1695.164416,0.0,1700.470784,31578.267648
641238.348249,1700.470784,1695.164416,0.0,1700.470784,31578.251264
641338.064567,1700.470784,1695.164416,0.0,1700.470784,31578.23488
641436.792454,1700.470784,1695.164416,0.0,1700.470784,31578.218496
641533.366133,1700.470784,1695.164416,0.0,1700.470784,31578.202112
641632.56882,1700.470784,1695.164416,0.0,1700.470784,31578.185728
641732.111949,1700.470784,1695.164416,0.0,1700.470784,31578.169344
641832.456436,1700.470784,1695.164416,0.0,1700.470784,31578.677248
641932.714764,1700.470784,1695.164416,0.0,1700.470784,31578.660864
642031.47027,1700.470784,1695.164416,0.0,1700.470784,31578.64448
642128.360311,1700.470784,1695.164416,0.0,1700.470784,31578.628096
642225.663829,1700.470784,1695.164416,0.0,1700.470784,31578.353664
642325.784545,1700.470784,1695.164416,0.0,1700.470784,31578.33728
642424.976784,1700.470784,1695.164416,0.0,1700.470784,31578.320896
642522.07559,1700.470784,1695.164416,0.0,1700.470784,31578.304512
642619.106099,1700.470784,1695.164416,0.0,1700.470784,31578.288128
642718.949887,1700.470784,1695.164416,0.0,1700.470784,31578.533888
642818.081145,1700.470784,1695.164416,0.0,1700.470784,31579.15648
642915.309519,1700.470784,1695.164416,0.0,1700.470784,31579.144192
643012.532011,1700.470784,1695.164416,0.0,1700.470784,31579.119616
643112.414631,1700.470784,1695.164416,0.0,1700.470784,31579.11552
643212.28544,1700.470784,1695.164416,0.0,1700.470784,31578.861568
643311.125274,1700.470784,1695.164416,0.0,1700.470784,31577.858048
643407.812273,1700.470784,1695.164416,0.0,1700.470784,31577.84576
643505.131585,1700.470784,1695.164416,0.0,1700.470784,31578.083328
643605.622134,1700.470784,1695.164416,0.0,1700.470784,31577.808896
643705.682439,1700.470784,1695.164416,0.0,1700.470784,31578.05056
643805.16746,1700.470784,1695.164416,0.0,1700.470784,31578.025984
643902.811155,1700.470784,1695.164416,0.0,1700.470784,31580.766208
644002.197389,1700.470784,1695.164416,0.0,1700.470784,31582.179328
644099.752215,1700.470784,1695.164416,0.0,1700.470784,31579.492352
644199.980046,1700.470784,1695.164416,0.0,1700.470784,31579.369472
644300.051623,1700.470784,1695.164416,0.0,1700.470784,31579.353088
644399.903097,1700.470784,1695.164416,0.0,1700.470784,31580.598272
644498.878472,1700.470784,1695.164416,0.0,1700.470784,31580.377088
644595.746059,1700.470784,1695.164416,0.0,1700.470784,31580.360704
644692.819666,1700.470784,1695.164416,0.0,1700.470784,31580.34432
644793.262773,1700.470784,1695.164416,0.0,1700.470784,31580.520448
644893.073005,1700.470784,1695.164416,0.0,1700.470784,31580.532736
644991.378024,1700.470784,1695.164416,0.0,1700.470784,31580.516352
645090.924237,1700.470784,1695.164416,0.0,1700.470784,31580.50816
645187.521029,1700.470784,1695.164416,0.0,1700.470784,31580.516352
645287.627839,1700.470784,1695.164416,0.0,1700.470784,31580.258304
645387.56608,1700.470784,1695.164416,0.0,1700.470784,31580.24192
645487.284817,1700.470784,1695.164416,0.0,1700.470784,31580.48768
645585.182598,1700.470784,1695.164416,0.0,1700.470784,31580.471296
645682.238046,1700.470784,1695.164416,0.0,1700.470784,31580.454912
645781.673641,1700.470784,1695.164416,0.0,1700.470784,31580.438528
645881.672957,1700.470784,1695.164416,0.0,1700.470784,31580.360704
645981.85645,1700.470784,1695.164416,0.0,1700.470784,31580.34432
646081.016627,1700.470784,1695.164416,0.0,1700.470784,31580.59008
646178.154654,1700.470784,1695.164416,0.0,1700.470784,31580.573696
646275.518267,1700.470784,1695.164416,0.0,1700.470784,31580.557312
646375.276129,1700.470784,1695.164416,0.0,1700.470784,31580.540928
646475.353934,1700.470784,1695.164416,0.0,1700.470784,31580.524544
646574.421114,1700.470784,1695.164416,0.0,1700.470784,31580.50816
646671.476793,1700.470784,1695.164416,0.0,1700.470784,31580.491776
646768.308282,1700.470784,1695.164416,0.0,1700.470784,31580.475392
646868.184874,1700.470784,1695.164416,0.0,1700.470784,31580.667904
646969.543028,1700.470784,1695.164416,0.0,1700.470784,31580.401664
647071.512679,1700.470784,1695.164416,0.0,1700.470784,31580.909568
647176.029968,1700.470784,1695.164416,0.0,1700.470784,31580.901376
647278.759104,1700.470784,1695.164416,0.0,1700.470784,31580.884992
647383.661956,1700.470784,1695.164416,0.0,1700.470784,31580.868608
647486.831207,1700.470784,1695.164416,0.0,1700.470784,31580.852224
647588.323317,1700.470784,1695.164416,0.0,1700.470784,31580.83584
647692.6258,1700.470784,1695.164416,0.0,1700.470784,31580.811264
647791.798234,1700.470784,1695.164416,0.0,1700.470784,31580.79488
647893.991501,1700.470784,1695.164416,0.0,1700.470784,31580.778496
647995.800194,1700.470784,1695.164416,0.0,1700.470784,31580.770304
648100.143051,1700.470784,1695.164416,0.0,1700.470784,31580.75392
648203.089482,1700.470784,1695.164416,0.0,1700.470784,31580.246016
648328.328036,1700.470784,1695.164416,0.0,1700.470784,31580.3648
648425.359512,1706.500096,1701.193728,0.0,1706.500096,31586.934784
648522.150931,1706.500096,1701.193728,0.0,1706.500096,31586.65216
648621.790354,1706.500096,1701.193728,0.0,1706.500096,31586.635776
648719.309885,1706.500096,1701.193728,0.0,1706.500096,31586.619392
648818.146973,1706.500096,1701.193728,0.0,1706.500096,31586.689024
648916.014266,1706.500096,1701.193728,0.0,1706.500096,31586.67264
649016.049212,1706.500096,1701.193728,0.0,1706.500096,31586.9184
649115.756991,1706.500096,1701.193728,0.0,1706.500096,31585.058816
649215.22485,1706.500096,1701.193728,0.0,1706.500096,31585.304576
649312.256204,1706.500096,1701.193728,0.0,1706.500096,31585.288192
649410.729821,1706.500096,1701.193728,0.0,1706.500096,31584.669696
649510.608641,1706.500096,1701.193728,0.0,1706.500096,31584.653312
649610.800672,1706.500096,1701.193728,0.0,1706.500096,31584.37888
649711.111798,1706.500096,1701.193728,0.0,1706.500096,31584.362496
649811.437713,1706.500096,1701.193728,0.0,1706.500096,31584.346112
649910.977971,1706.500096,1701.193728,0.0,1706.500096,31584.329728
650009.194862,1706.500096,1701.193728,0.0,1706.500096,31584.313344
650106.499193,1706.500096,1701.193728,0.0,1706.500096,31584.292864
650206.008176,1706.500096,1701.193728,0.0,1706.500096,31584.27648
650308.734505,1706.500096,1701.193728,0.0,1706.500096,31584.260096
650408.255025,1706.500096,1701.193728,0.0,1706.500096,31584.243712
650507.890734,1706.500096,1701.193728,0.0,1706.500096,31584.227328
650607.987197,1706.500096,1701.193728,0.0,1706.500096,31584.210944
650708.573439,1706.500096,1701.193728,0.0,1706.500096,31584.456704
650811.556348,1706.500096,1701.193728,0.0,1706.500096,31584.44032
650911.436547,1706.500096,1701.193728,0.0,1706.500096,31584.423936
651011.566787,1706.500096,1701.193728,0.0,1706.500096,31584.407552
651111.501067,1706.500096,1701.193728,0.0,1706.500096,31584.653312
651211.532077,1706.500096,1701.193728,0.0,1706.500096,31584.374784
651313.329617,1706.500096,1701.193728,0.0,1706.500096,31584.3584
651413.673382,1706.500096,1701.193728,0.0,1706.500096,31584.342016
651514.062258,1706.500096,1701.193728,0.0,1706.500096,31584.587776
651614.136468,1706.500096,1701.193728,0.0,1706.500096,31584.571392
651713.235799,1706.500096,1701.193728,0.0,1706.500096,31584.555008
651810.235079,1706.500096,1701.193728,0.0,1706.500096,31584.538624
651907.932729,1706.500096,1701.193728,0.0,1706.500096,31584.52224
652008.192782,1706.500096,1701.193728,0.0,1706.500096,31584.505856
652108.337988,1706.500096,1701.193728,0.0,1706.500096,31584.489472
652208.128415,1706.500096,1701.193728,0.0,1706.500096,31584.473088
652306.657451,1706.500096,1701.193728,0.0,1706.500096,31584.718848
652403.30661,1706.500096,1701.193728,0.0,1706.500096,31584.702464
652502.910063,1706.500096,1701.193728,0.0,1706.500096,31584.68608
652603.499588,1706.500096,1701.193728,0.0,1706.500096,31584.669696
652703.75505,1706.500096,1701.193728,0.0,1706.500096,31584.653312
652804.62185,1706.500096,1701.193728,0.0,1706.500096,31584.636928
652905.051112,1706.500096,1701.193728,0.0,1706.500096,31584.620544
653005.53351,1706.500096,1701.193728,0.0,1706.500096,31584.60416
653105.640175,1706.500096,1701.193728,0.0,1706.500096,31584.58368
653204.834724,1706.500096,1701.193728,0.0,1706.500096,31584.833536
653305.447168,1706.500096,1701.193728,0.0,1706.500096,31586.971648
653402.86085,1706.500096,1701.193728,0.0,1706.500096,31586.951168
653500.503021,1706.500096,1701.193728,0.0,1706.500096,31585.759232
653604.272377,1706.500096,1701.193728,0.0,1706.500096,31585.742848
653701.733984,1706.500096,1701.193728,0.0,1706.500096,31585.468416
653801.672558,1706.500096,1701.193728,0.0,1706.500096,31585.452032
653901.906235,1706.500096,1701.193728,0.0,1706.500096,31585.697792
654001.95682,1706.500096,1701.193728,0.0,1706.500096,31585.677312
654100.814296,1706.500096,1701.193728,0.0,1706.500096,31585.918976
654197.781716,1706.500096,1701.193728,0.0,1706.500096,31585.902592
654296.867442,1706.500096,1701.193728,0.0,1706.500096,31585.886208
654396.440113,1706.500096,1701.193728,0.0,1706.500096,31585.869824
654504.254831,1706.500096,1701.193728,0.0,1706.500096,31585.85344
654605.62724,1706.500096,1701.193728,0.0,1706.500096,31585.837056
654707.395382,1706.500096,1701.193728,0.0,1706.500096,31585.820672
654809.154235,1706.500096,1701.193728,0.0,1706.500096,31585.804288
654911.358657,1706.500096,1701.193728,0.0,1706.500096,31585.787904
655014.773263,1706.500096,1701.193728,0.0,1706.500096,31585.77152
655117.300173,1706.500096,1701.193728,0.0,1706.500096,31585.75104
655223.056132,1706.500096,1701.193728,0.0,1706.500096,31585.214464
655325.802011,1706.500096,1701.193728,0.0,1706.500096,31585.19808
655426.593596,1706.500096,1701.193728,0.0,1706.500096,31585.181696
655525.916885,1706.500096,1701.193728,0.0,1706.500096,31585.427456
655627.935173,1706.500096,1701.193728,0.0,1706.500096,31585.411072
655727.393645,1706.500096,1701.193728,0.0,1706.500096,31585.366016
655832.26009,1706.500096,1701.193728,0.0,1706.500096,31585.611776
655936.264586,1706.500096,1701.193728,0.0,1706.500096,31585.886208
656036.04022,1706.500096,1701.193728,0.0,1706.500096,31588.569088
656134.136358,1706.500096,1701.193728,0.0,1706.500096,31588.220928
656236.444618,1706.500096,1701.193728,0.0,1706.500096,31587.250176
656333.475854,1706.500096,1701.193728,0.0,1706.500096,31587.495936
656430.947846,1706.500096,1701.193728,0.0,1706.500096,31587.479552
656531.058275,1706.500096,1701.193728,0.0,1706.500096,31587.201024
656631.295041,1706.500096,1701.193728,0.0,1706.500096,31587.18464
656731.041726,1706.500096,1701.193728,0.0,1706.500096,31587.168256
656829.103845,1706.500096,1701.193728,0.0,1706.500096,31587.233792
656925.919925,1706.500096,1701.193728,0.0,1706.500096,31587.467264
657025.744028,1706.500096,1701.193728,0.0,1706.500096,31587.414016
657125.619732,1706.500096,1701.193728,0.0,1706.500096,31587.459072
657225.753496,1706.500096,1701.193728,0.0,1706.500096,31587.446784
657328.84889,1706.500096,1701.193728,0.0,1706.500096,31587.459072
657428.5113,1706.500096,1701.193728,0.0,1706.500096,31587.418112
657528.458954,1706.500096,1701.193728,0.0,1706.500096,31587.18464
657628.576017,1706.500096,1701.193728,0.0,1706.500096,31587.168256
657728.436862,1706.500096,1701.193728,0.0,1706.500096,31587.40992
657826.741859,1706.500096,1701.193728,0.0,1706.500096,31587.393536
657923.406685,1706.500096,1701.193728,0.0,1706.500096,31587.377152
658022.643886,1706.500096,1701.193728,0.0,1706.500096,31587.360768
658122.400317,1706.500096,1701.193728,0.0,1706.500096,31587.872768
658222.475604,1706.500096,1701.193728,0.0,1706.500096,31587.856384
658321.445887,1706.500096,1701.193728,0.0,1706.500096,31587.577856
658417.959181,1706.500096,1701.193728,0.0,1706.500096,31587.30752
658515.169113,1706.500096,1701.193728,0.0,1706.500096,31587.28704
658614.775922,1706.500096,1701.193728,0.0,1706.500096,31587.270656
658713.430699,1706.500096,1701.193728,0.0,1706.500096,31587.254272
658812.923107,1706.500096,1701.193728,0.0,1706.500096,31587.315712
658909.832729,1706.500096,1701.193728,0.0,1706.500096,31587.299328
659009.51015,1706.500096,1701.193728,0.0,1706.500096,31587.282944
659109.216889,1706.500096,1701.193728,0.0,1706.500096,31587.524608
659208.762085,1706.500096,1701.193728,0.0,1706.500096,31587.504128
659309.649362,1706.500096,1701.193728,0.0,1706.500096,31587.487744
659408.081769,1706.500096,1701.193728,0.0,1706.500096,31587.47136
659504.897662,1706.500096,1701.193728,0.0,1706.500096,31587.454976
659603.913831,1706.500096,1701.193728,0.0,1706.500096,31587.438592
659706.756929,1706.500096,1701.193728,0.0,1706.500096,31587.422208
659806.266258,1706.500096,1701.193728,0.0,1706.500096,31587.405824
659905.997552,1706.500096,1701.193728,0.0,1706.500096,31587.38944
660006.170076,1706.500096,1701.193728,0.0,1706.500096,31587.373056
660106.554181,1706.500096,1701.193728,0.0,1706.500096,31587.356672
660206.210222,1706.500096,1701.193728,0.0,1706.500096,31587.340288
660307.061038,1706.500096,1701.193728,0.0,1706.500096,31587.434496
660405.485658,1706.500096,1701.193728,0.0,1706.500096,31587.418112
660502.434332,1706.500096,1701.193728,0.0,1706.500096,31587.401728
660601.538939,1706.500096,1701.193728,0.0,1706.500096,31587.385344
660701.216594,1706.500096,1701.193728,0.0,1706.500096,31587.36896
660801.463576,1706.500096,1701.193728,0.0,1706.500096,31587.352576
660900.94778,1706.500096,1701.193728,0.0,1706.500096,31587.336192
660999.112179,1706.500096,1701.193728,0.0,1706.500096,31587.319808
661096.274451,1706.500096,1701.193728,0.0,1706.500096,31587.303424
661196.022682,1706.500096,1701.193728,0.0,1706.500096,31587.28704
661296.059522,1706.500096,1701.193728,0.0,1706.500096,31585.56672
661400.020131,1706.500096,1701.193728,0.0,1706.500096,31585.550336
661505.232187,1706.500096,1701.193728,0.0,1706.500096,31585.796096
661606.398618,1706.500096,1701.193728,0.0,1706.500096,31585.779712
661707.920237,1706.500096,1701.193728,0.0,1706.500096,31585.763328
661809.038722,1706.500096,1701.193728,0.0,1706.500096,31585.746944
661912.352037,1706.500096,1701.193728,0.0,1706.500096,31585.992704
662016.709759,1706.500096,1701.193728,0.0,1706.500096,31585.97632
662118.923688,1706.500096,1701.193728,0.0,1706.500096,31585.959936
662223.407997,1706.500096,1701.193728,0.0,1706.500096,31585.943552
662328.46942,1706.500096,1701.193728,0.0,1706.500096,31585.927168
662428.1151,1706.500096,1701.193728,0.0,1706.500096,31585.652736
662527.914127,1706.500096,1701.193728,0.0,1706.500096,31585.636352
662629.68349,1706.500096,1701.193728,0.0,1706.500096,31585.882112
662731.282316,1706.500096,1701.193728,0.0,1706.500096,31585.865728
662837.032266,1706.500096,1701.193728,0.0,1706.500096,31586.111488
662935.784678,1711.484928,1706.17856,0.0,1711.484928,31591.3216
663032.938051,1711.484928,1706.17856,0.0,1711.484928,31591.305216
663130.470698,1711.484928,1706.17856,0.0,1711.484928,31591.288832
663230.550131,1711.484928,1706.17856,0.0,1711.484928,31591.272448
663330.575867,1711.484928,1706.17856,0.0,1711.484928,31591.256064
663430.394861,1711.484928,1706.17856,0.0,1711.484928,31591.23968
663529.082215,1711.484928,1706.17856,0.0,1711.484928,31591.48544
663625.698407,1711.484928,1706.17856,0.0,1711.484928,31591.469056
663725.369793,1711.484928,1706.17856,0.0,1711.484928,31591.452672
663828.074906,1711.484928,1706.17856,0.0,1711.484928,31590.68672
663925.597316,1711.484928,1706.17856,0.0,1711.484928,31590.670336
664025.893846,1711.484928,1706.17856,0.0,1711.484928,31590.653952
664126.023533,1711.484928,1706.17856,0.0,1711.484928,31590.899712
664225.783745,1711.484928,1706.17856,0.0,1711.484928,31591.145472
664324.377325,1711.484928,1706.17856,0.0,1711.484928,31591.129088
664421.139044,1711.484928,1706.17856,0.0,1711.484928,31591.112704
664520.186364,1711.484928,1706.17856,0.0,1711.484928,31591.09632
664620.232036,1711.484928,1706.17856,0.0,1711.484928,31591.079936
664720.459558,1711.484928,1706.17856,0.0,1711.484928,31591.063552
664823.536771,1711.484928,1706.17856,0.0,1711.484928,31591.047168
664923.196572,1711.484928,1706.17856,0.0,1711.484928,31591.030784
665023.327571,1711.484928,1706.17856,0.0,1711.484928,31591.0144
665123.869211,1711.484928,1706.17856,0.0,1711.484928,31590.998016
665224.009532,1711.484928,1706.17856,0.0,1711.484928,31590.981632
665327.080165,1711.484928,1706.17856,0.0,1711.484928,31590.699008
665426.051204,1711.484928,1706.17856,0.0,1711.484928,31590.674432
665526.154889,1711.484928,1706.17856,0.0,1711.484928,31590.658048
665626.785557,1711.484928,1706.17856,0.0,1711.484928,31590.641664
665727.008686,1711.484928,1706.17856,0.0,1711.484928,31590.62528
665828.593031,1711.484928,1706.17856,0.0,1711.484928,31590.608896
665928.74647,1711.484928,1706.17856,0.0,1711.484928,31590.330368
666028.785309,1711.484928,1706.17856,0.0,1711.484928,31593.49248
666127.874845,1711.484928,1706.17856,0.0,1711.484928,31593.455616
666225.04624,1711.484928,1706.17856,0.0,1711.484928,31592.927232
666322.571158,1711.484928,1706.17856,0.0,1711.484928,31593.472
666422.565405,1711.484928,1706.17856,0.0,1711.484928,31593.050112
666522.714106,1711.484928,1706.17856,0.0,1711.484928,31593.033728
666622.23057,1711.484928,1706.17856,0.0,1711.484928,31593.017344
666720.124345,1711.484928,1706.17856,0.0,1711.484928,31593.00096
666817.575004,1711.484928,1706.17856,0.0,1711.484928,31592.628224
666917.283493,1711.484928,1706.17856,0.0,1711.484928,31592.873984
667017.326833,1711.484928,1706.17856,0.0,1711.484928,31592.968192
667117.30667,1711.484928,1706.17856,0.0,1711.484928,31592.69376
667217.075436,1711.484928,1706.17856,0.0,1711.484928,31592.71424
667318.167664,1711.484928,1706.17856,0.0,1711.484928,31592.701952
667417.967878,1711.484928,1706.17856,0.0,1711.484928,31592.685568
667516.039455,1711.484928,1706.17856,0.0,1711.484928,31592.669184
667612.801198,1711.484928,1706.17856,0.0,1711.484928,31592.6528
667712.305082,1711.484928,1706.17856,0.0,1711.484928,31592.636416
667812.420097,1711.484928,1706.17856,0.0,1711.484928,31592.620032
667912.31028,1711.484928,1706.17856,0.0,1711.484928,31592.603648
668010.592483,1711.484928,1706.17856,0.0,1711.484928,31592.587264
668107.290239,1711.484928,1706.17856,0.0,1711.484928,31592.566784
668206.52291,1711.484928,1706.17856,0.0,1711.484928,31592.812544
668308.999193,1711.484928,1706.17856,0.0,1711.484928,31592.79616
668408.824884,1711.484928,1706.17856,0.0,1711.484928,31592.779776
668510.896868,1711.484928,1706.17856,0.0,1711.484928,31593.025536
668614.323493,1711.484928,1706.17856,0.0,1711.484928,31593.009152
668716.091948,1711.484928,1706.17856,0.0,1711.484928,31592.73472
668821.606289,1711.484928,1706.17856,0.0,1711.484928,31592.718336
668924.514722,1711.484928,1706.17856,0.0,1711.484928,31592.701952
669026.536104,1711.484928,1706.17856,0.0,1711.484928,31592.742912
669125.901394,1711.484928,1706.17856,0.0,1711.484928,31592.722432
669230.395165,1711.484928,1706.17856,0.0,1711.484928,31592.706048
669331.697746,1711.484928,1706.17856,0.0,1711.484928,31592.689664
669433.589812,1711.484928,1706.17856,0.0,1711.484928,31592.67328
669538.223092,1711.484928,1706.17856,0.0,1711.484928,31592.656896
669640.985671,1711.484928,1706.17856,0.0,1711.484928,31592.640512
669740.696339,1711.484928,1706.17856,0.0,1711.484928,31592.624128
669842.02271,1711.484928,1706.17856,0.0,1711.484928,31594.950656
669939.011095,1716.436992,1711.130624,0.0,1716.436992,31598.096384
670039.260011,1716.436992,1711.130624,0.0,1716.436992,31598.08
670139.076685,1716.436992,1711.130624,0.0,1716.436992,31598.32576
670237.718355,1716.436992,1711.130624,0.0,1716.436992,31598.309376
670334.325472,1716.436992,1711.130624,0.0,1716.436992,31598.2848
670433.933457,1716.436992,1711.130624,0.0,1716.436992,31598.268416
670533.898925,1716.436992,1711.130624,0.0,1716.436992,31598.514176
670634.031994,1716.436992,1711.130624,0.0,1716.436992,31599.456256
670733.999162,1716.436992,1711.130624,0.0,1716.436992,31599.435776
670835.657941,1716.436992,1711.130624,0.0,1716.436992,31599.34976
670936.153175,1716.436992,1711.130624,0.0,1716.436992,31599.333376
671038.303769,1716.436992,1711.130624,0.0,1716.436992,31599.316992
671138.419212,1716.436992,1711.130624,0.0,1716.436992,31599.562752
671238.818286,1716.436992,1711.130624,0.0,1716.436992,31599.284224
671339.19267,1716.436992,1711.130624,0.0,1716.436992,31599.26784
671439.897429,1716.436992,1711.130624,0.0,1716.436992,31598.993408
671540.289375,1716.436992,1711.130624,0.0,1716.436992,31598.977024
671640.121379,1716.436992,1711.130624,0.0,1716.436992,31598.96064
671738.685135,1716.436992,1711.130624,0.0,1716.436992,31598.944256
671835.511217,1716.436992,1711.130624,0.0,1716.436992,31598.927872
671935.542689,1716.436992,1711.130624,0.0,1716.436992,31598.911488
672035.328213,1716.436992,1711.130624,0.0,1716.436992,31598.895104
672135.601698,1716.436992,1711.130624,0.0,1716.436992,31599.140864
672235.633391,1716.436992,1711.130624,0.0,1716.436992,31599.12448
672335.203164,1716.436992,1711.130624,0.0,1716.436992,31599.108096
672433.372375,1716.436992,1711.130624,0.0,1716.436992,31599.091712
672530.338673,1716.436992,1711.130624,0.0,1716.436992,31599.075328
672630.239309,1716.436992,1711.130624,0.0,1716.436992,31599.071232
672730.400556,1716.436992,1711.130624,0.0,1716.436992,31599.038464
672833.524504,1716.436992,1711.130624,0.0,1716.436992,31598.98112
672932.998804,1716.436992,1711.130624,0.0,1716.436992,31598.964736
673032.608393,1716.436992,1711.130624,0.0,1716.436992,31598.948352
673132.942438,1716.436992,1711.130624,0.0,1716.436992,31599.194112
673233.130443,1716.436992,1711.130624,0.0,1716.436992,31599.177728
673333.027123,1716.436992,1711.130624,0.0,1716.436992,31599.161344
673431.737047,1716.436992,1711.130624,0.0,1716.436992,31599.14496
673528.371489,1716.436992,1711.130624,0.0,1716.436992,31599.128576
673627.949617,1716.436992,1711.130624,0.0,1716.436992,31599.112192
673728.079964,1716.436992,1711.130624,0.0,1716.436992,31599.357952
673828.46403,1716.436992,1711.130624,0.0,1716.436992,31599.341568
673928.707485,1716.436992,1711.130624,0.0,1716.436992,31599.325184
674029.03126,1716.436992,1711.130624,0.0,1716.436992,31598.149632
674128.582717,1716.436992,1711.130624,0.0,1716.436992,31598.125056
674226.761369,1716.436992,1711.130624,0.0,1716.436992,31598.358528
674324.363991,1716.436992,1711.130624,0.0,1716.436992,31598.342144
674423.635879,1716.436992,1711.130624,0.0,1716.436992,31598.32576
674525.979996,1716.436992,1711.130624,0.0,1716.436992,31598.309376
674627.852519,1716.436992,1711.130624,0.0,1716.436992,31598.555136
674730.894811,1716.436992,1711.130624,0.0,1716.436992,31598.538752
674835.658875,1716.436992,1711.130624,0.0,1716.436992,31598.522368
674939.340282,1716.436992,1711.130624,0.0,1716.436992,31598.505984
675042.313609,1716.436992,1711.130624,0.0,1716.436992,31598.4896
675141.608958,1716.436992,1711.130624,0.0,1716.436992,31598.73536
675241.670777,1716.436992,1711.130624,0.0,1716.436992,31598.460928
675344.144463,1716.436992,1711.130624,0.0,1716.436992,31598.206976
675446.881964,1716.436992,1711.130624,0.0,1716.436992,31598.46912
675552.463729,1716.436992,1711.130624,0.0,1716.436992,31598.415872
675658.234681,1716.436992,1711.130624,0.0,1716.436992,31598.661632
675757.229387,1716.436992,1711.130624,0.0,1716.436992,31598.383104
675861.569582,1716.436992,1711.130624,0.0,1716.436992,31598.112768
675959.213475,1716.441088,1711.13472,0.0,1716.441088,31597.83424
676056.348316,1716.441088,1711.13472,0.0,1716.441088,31598.075904
676156.149571,1716.441088,1711.13472,0.0,1716.441088,31598.071808
676256.65817,1716.441088,1711.13472,0.0,1716.441088,31598.026752
676357.260416,1716.441088,1711.13472,0.0,1716.441088,31597.088768
676457.607592,1716.441088,1711.13472,0.0,1716.441088,31597.334528
676557.487784,1716.441088,1711.13472,0.0,1716.441088,31597.056
676656.417726,1716.441088,1711.13472,0.0,1716.441088,31597.30176
676753.272226,1716.441088,1711.13472,0.0,1716.441088,31597.023232
676854.992214,1716.441088,1711.13472,0.0,1716.441088,31597.3632
676952.487866,1716.441088,1711.13472,0.0,1716.441088,31597.346816
677052.79284,1716.441088,1711.13472,0.0,1716.441088,31597.490176
677152.755877,1716.441088,1711.13472,0.0,1716.441088,31597.473792
677252.607826,1716.441088,1711.13472,0.0,1716.441088,31597.19936
677351.722376,1716.441088,1711.13472,0.0,1716.441088,31597.441024
677448.785374,1716.441088,1711.13472,0.0,1716.441088,31597.428736
677546.227591,1716.441088,1711.13472,0.0,1716.441088,31597.412352
677646.217217,1716.441088,1711.13472,0.0,1716.441088,31597.400064
677746.160914,1716.441088,1711.13472,0.0,1716.441088,31597.379584
677845.221904,1716.441088,1711.13472,0.0,1716.441088,31597.367296
677941.867771,1716.441088,1711.13472,0.0,1716.441088,31597.346816
678041.565543,1716.441088,1711.13472,0.0,1716.441088,31597.334528
678141.205789,1716.441088,1711.13472,0.0,1716.441088,31597.576192
678240.976917,1716.441088,1711.13472,0.0,1716.441088,31597.30176
678341.644019,1716.441088,1711.13472,0.0,1716.441088,31597.539328
678441.993119,1716.441088,1711.13472,0.0,1716.441088,31597.52704
678541.749209,1716.441088,1711.13472,0.0,1716.441088,31597.7728
678640.537571,1716.441088,1711.13472,0.0,1716.441088,31597.756416
678737.442841,1716.441088,1711.13472,0.0,1716.441088,31597.740032
678839.471509,1716.441088,1711.13472,0.0,1716.441088,31597.723648
678936.874095,1716.441088,1711.13472,0.0,1716.441088,31597.707264
679036.841051,1716.441088,1711.13472,0.0,1716.441088,31597.69088
679136.913688,1716.441088,1711.13472,0.0,1716.441088,31597.674496
679237.236305,1716.441088,1711.13472,0.0,1716.441088,31597.133824
679336.328849,1716.441088,1711.13472,0.0,1716.441088,31597.371392
679433.617532,1716.441088,1711.13472,0.0,1716.441088,31597.617152
679530.934013,1716.441088,1711.13472,0.0,1716.441088,31597.338624
679631.295237,1716.441088,1711.13472,0.0,1716.441088,31597.584384
679731.272762,1716.441088,1711.13472,0.0,1716.441088,31597.305856
679831.176553,1716.441088,1711.13472,0.0,1716.441088,31597.551616
679936.493392,1716.441088,1711.13472,0.0,1716.441088,31597.273088
680035.900728,1716.441088,1711.13472,0.0,1716.441088,31597.518848
680135.374745,1716.441088,1711.13472,0.0,1716.441088,31597.502464
680237.159796,1716.441088,1711.13472,0.0,1716.441088,31597.748224
680337.08486,1716.441088,1711.13472,0.0,1716.441088,31597.211648
680436.852156,1716.441088,1711.13472,0.0,1716.441088,31597.19936
680536.32958,1716.441088,1711.13472,0.0,1716.441088,31597.182976
680634.58928,1716.441088,1711.13472,0.0,1716.441088,31597.166592
680733.806851,1716.441088,1711.13472,0.0,1716.441088,31597.150208
680832.621312,1716.441088,1711.13472,0.0,1716.441088,31597.133824
680934.681909,1716.441088,1711.13472,0.0,1716.441088,31597.11744
681031.944526,1716.441088,1711.13472,0.0,1716.441088,31597.101056
681134.097203,1716.441088,1711.13472,0.0,1716.441088,31597.346816
681236.219201,1716.441088,1711.13472,0.0,1716.441088,31596.81024
681341.061906,1716.441088,1711.13472,0.0,1716.441088,31597.047808
681449.778556,1716.441088,1711.13472,0.0,1716.441088,31597.551616
681550.596276,1716.441088,1711.13472,0.0,1716.441088,31597.273088
681652.489628,1716.441088,1711.13472,0.0,1716.441088,31597.518848
681751.449318,1716.441088,1711.13472,0.0,1716.441088,31597.502464
681850.985086,1716.441088,1711.13472,0.0,1716.441088,31597.748224
681952.210991,1716.441088,1711.13472,0.0,1716.441088,31597.469696
682055.219062,1716.441088,1711.13472,0.0,1716.441088,31597.715456
682158.189081,1716.441088,1711.13472,0.0,1716.441088,31597.441024
682260.374075,1716.441088,1711.13472,0.0,1716.441088,31597.42464
682363.773446,1716.441088,1711.13472,0.0,1716.441088,31597.40416
682483.5416,1716.441088,1711.13472,0.0,1716.441088,31597.637632
682583.307081,1721.126912,1715.820544,0.0,1721.126912,31602.077696
682683.129507,1721.126912,1715.820544,0.0,1721.126912,31602.065408
682782.538485,1721.126912,1715.820544,0.0,1721.126912,31602.044928
682880.165571,1721.126912,1715.820544,0.0,1721.126912,31602.03264
682978.761834,1721.126912,1715.820544,0.0,1721.126912,31602.01216
683078.34577,1721.126912,1715.820544,0.0,1721.126912,31602.262016
683178.300797,1721.126912,1715.820544,0.0,1721.126912,31601.979392
683278.488908,1721.126912,1715.820544,0.0,1721.126912,31601.709056
683378.879218,1721.126912,1715.820544,0.0,1721.126912,31602.212864
683478.943095,1721.126912,1715.820544,0.0,1721.126912,31602.200576
683577.996604,1721.126912,1715.820544,0.0,1721.126912,31602.184192
683678.24023,1721.126912,1715.820544,0.0,1721.126912,31602.167808
683775.116665,1721.126912,1715.820544,0.0,1721.126912,31602.151424
683874.332476,1721.126912,1715.820544,0.0,1721.126912,31602.13504
683975.130979,1721.126912,1715.820544,0.0,1721.126912,31602.118656
684075.113227,1721.126912,1715.820544,0.0,1721.126912,31602.102272
684175.319445,1721.126912,1715.820544,0.0,1721.126912,31602.085888
684275.906753,1721.126912,1715.820544,0.0,1721.126912,31601.80736
684376.231443,1721.126912,1715.820544,0.0,1721.126912,31601.782784
684476.0248,1721.126912,1715.820544,0.0,1721.126912,31602.028544
684574.922761,1721.126912,1715.820544,0.0,1721.126912,31601.750016
684671.815155,1721.126912,1715.820544,0.0,1721.126912,31601.995776
684769.347194,1721.126912,1715.820544,0.0,1721.126912,31601.717248
684869.77119,1721.126912,1715.820544,0.0,1721.126912,31601.963008
684969.655772,1721.126912,1715.820544,0.0,1721.126912,31601.946624
685068.165121,1721.126912,1715.820544,0.0,1721.126912,31602.192384
685164.817219,1721.126912,1715.820544,0.0,1721.126912,31602.176
685264.408711,1721.126912,1715.820544,0.0,1721.126912,31602.163712
685364.309747,1721.126912,1715.820544,0.0,1721.126912,31601.37728
685464.756909,1721.126912,1715.820544,0.0,1721.126912,31601.876992
685564.962128,1721.126912,1715.820544,0.0,1721.126912,31601.598464
685664.772581,1721.126912,1715.820544,0.0,1721.126912,31601.844224
685763.364251,1721.126912,1715.820544,0.0,1721.126912,31601.565696
685866.13378,1721.126912,1715.820544,0.0,1721.126912,31601.811456
685964.716001,1721.126912,1715.820544,0.0,1721.126912,31601.532928
686064.965663,1721.126912,1715.820544,0.0,1721.126912,31600.480256
686161.829224,1721.126912,1715.820544,0.0,1721.126912,31600.463872
686260.824588,1721.126912,1715.820544,0.0,1721.126912,31600.185344
686360.984411,1721.126912,1715.820544,0.0,1721.126912,31600.16896
686461.13258,1721.126912,1715.820544,0.0,1721.126912,31600.381952
686560.848752,1721.126912,1715.820544,0.0,1721.126912,31600.365568
686659.564136,1721.126912,1715.820544,0.0,1721.126912,31600.615424
686756.046904,1721.126912,1715.820544,0.0,1721.126912,31600.357376
686855.849768,1721.126912,1715.820544,0.0,1721.126912,31600.4352
686955.91159,1721.126912,1715.820544,0.0,1721.126912,31600.160768
687056.124773,1721.126912,1715.820544,0.0,1721.126912,31600.320512
687156.719521,1721.126912,1715.820544,0.0,1721.126912,31600.29184
687256.945216,1721.126912,1715.820544,0.0,1721.126912,31600.242688
687357.098362,1721.126912,1715.820544,0.0,1721.126912,31600.226304
687456.218731,1721.126912,1715.820544,0.0,1721.126912,31600.734208
687553.278154,1721.126912,1715.820544,0.0,1721.126912,31600.45568
687652.246884,1721.126912,1715.820544,0.0,1721.126912,31600.70144
687751.970843,1721.126912,1715.820544,0.0,1721.126912,31600.422912
687852.119705,1721.126912,1715.820544,0.0,1721.126912,31600.668672
687952.122578,1721.126912,1715.820544,0.0,1721.126912,31600.390144
688054.326669,1721.126912,1715.820544,0.0,1721.126912,31600.635904
688155.979256,1721.126912,1715.820544,0.0,1721.126912,31600.615424
688263.093842,1721.126912,1715.820544,0.0,1721.126912,31600.59904
688367.566776,1721.126912,1715.820544,0.0,1721.126912,31600.57856
688469.976656,1721.126912,1715.820544,0.0,1721.126912,31600.836608
688569.767217,1721.126912,1715.820544,0.0,1721.126912,31600.55808
688671.227137,1721.126912,1715.820544,0.0,1721.126912,31600.812032
688771.106379,1721.126912,1715.820544,0.0,1721.126912,31600.5376
688874.8377,1721.126912,1715.820544,0.0,1721.126912,31600.652288
688977.489274,1721.126912,1715.820544,0.0,1721.126912,31600.37376
689083.290843,1721.126912,1715.820544,0.0,1721.126912,31600.627712
689186.305343,1721.126912,1715.820544,0.0,1721.126912,31600.340992
689286.11259,1721.126912,1715.820544,0.0,1721.126912,31600.345088
689387.535488,1721.126912,1715.820544,0.0,1721.126912,31600.074752
689488.142759,1721.126912,1715.820544,0.0,1721.126912,31599.960064
689585.347345,1724.141568,1720.870912,0.0,1724.141568,31605.030912
689685.544116,1726.17728,1720.870912,0.0,1726.17728,31605.280768
689784.981098,1726.17728,1720.870912,0.0,1726.17728,31605.264384
689882.913618,1726.17728,1720.870912,0.0,1726.17728,31605.510144
689980.442233,1726.17728,1720.870912,0.0,1726.17728,31605.235712
690080.432325,1726.17728,1720.870912,0.0,1726.17728,31605.751808
690183.202524,1726.17728,1720.870912,0.0,1726.17728,31605.477376
690280.91514,1726.17728,1720.870912,0.0,1726.17728,31605.460992
690381.477995,1726.17728,1720.870912,0.0,1726.17728,31608.496128
690482.743865,1726.17728,1720.869888,0.0,1726.17728,31618.019328
690583.2038,1726.17728,1720.870912,0.0,1726.17728,31605.587968
690683.621979,1726.17728,1720.870912,0.0,1726.17728,31605.571584
690783.601487,1726.17728,1720.870912,0.0,1726.17728,31605.747712
690882.516976,1726.17728,1720.870912,0.0,1726.17728,31605.641216
690982.659762,1726.17728,1720.870912,0.0,1726.17728,31605.633024
691079.667191,1726.17728,1720.870912,0.0,1726.17728,31606.812672
691182.377231,1726.17728,1720.870912,0.0,1726.17728,31606.505472
691281.254397,1726.17728,1720.870912,0.0,1726.17728,31606.280192
691383.291724,1726.17728,1720.870912,0.0,1726.17728,31606.525952
691481.005917,1726.17728,1720.870912,0.0,1726.17728,31605.182464
691581.396976,1726.17728,1720.870912,0.0,1726.17728,31604.903936
691684.614173,1726.17728,1720.870912,0.0,1726.17728,31605.141504
691784.356266,1726.17728,1720.870912,0.0,1726.17728,31604.903936
691884.267784,1726.17728,1720.870912,0.0,1726.17728,31605.149696
691984.147148,1726.17728,1720.870912,0.0,1726.17728,31604.871168
692084.564834,1726.17728,1720.870912,0.0,1726.17728,31605.112832
692184.982858,1726.17728,1720.870912,0.0,1726.17728,31604.822016
692284.508107,1726.17728,1720.870912,0.0,1726.17728,31604.809728
692382.647122,1726.17728,1720.870912,0.0,1726.17728,31604.748288
692479.778686,1726.17728,1720.870912,0.0,1726.17728,31604.994048
692579.699684,1726.17728,1720.870912,0.0,1726.17728,31604.609024
692680.149306,1726.17728,1720.870912,0.0,1726.17728,31604.850688
692780.564685,1726.17728,1720.870912,0.0,1726.17728,31604.8384
692880.786509,1726.17728,1720.870912,0.0,1726.17728,31605.153792
692981.023363,1726.17728,1720.870912,0.0,1726.17728,31605.137408
693081.652049,1726.17728,1720.870912,0.0,1726.17728,31605.645312
693181.921231,1726.17728,1720.870912,0.0,1726.17728,31605.366784
693284.058329,1726.17728,1720.870912,0.0,1726.17728,31605.1456
693384.182821,1726.17728,1720.870912,0.0,1726.17728,31605.12512
693484.502268,1726.17728,1720.870912,0.0,1726.17728,31605.374976
693584.891901,1726.17728,1720.870912,0.0,1726.17728,31605.354496
693685.047771,1726.17728,1720.870912,0.0,1726.17728,31605.342208
693784.772312,1726.17728,1720.870912,0.0,1726.17728,31605.30944
693886.551966,1726.17728,1720.870912,0.0,1726.17728,31605.297152
693988.303486,1726.17728,1720.870912,0.0,1726.17728,31605.272576
694090.777682,1726.17728,1720.870912,0.0,1726.17728,31605.260288
694196.145763,1726.17728,1720.870912,0.0,1726.17728,31605.235712
694301.674319,1726.17728,1720.870912,0.0,1726.17728,31605.223424
694405.188208,1726.17728,1720.870912,0.0,1726.17728,31605.202944
694505.330726,1726.17728,1720.870912,0.0,1726.17728,31605.18656
694609.289831,1726.17728,1720.870912,0.0,1726.17728,31604.719616
694708.572874,1726.17728,1720.870912,0.0,1726.17728,31604.69504
694811.348574,1726.17728,1720.870912,0.0,1726.17728,31604.678656
694915.071771,1726.17728,1720.870912,0.0,1726.17728,31604.662272
695019.253013,1726.17728,1720.870912,0.0,1726.17728,31604.645888
695120.691261,1726.17728,1720.870912,0.0,1726.17728,31604.891648
695229.212548,1726.17728,1720.870912,0.0,1726.17728,31604.891648
695329.014744,1726.17728,1720.870912,0.0,1726.17728,31604.871168
695429.065733,1726.17728,1720.870912,0.0,1726.17728,31604.854784
695529.110506,1726.17728,1720.870912,0.0,1726.17728,31605.100544
695628.376114,1726.17728,1720.870912,0.0,1726.17728,31605.08416
695725.145937,1726.17728,1720.870912,0.0,1726.17728,31605.067776
695822.590104,1726.17728,1720.870912,0.0,1726.17728,31605.051392
695922.781169,1726.17728,1720.870912,0.0,1726.17728,31605.026816
696022.619808,1726.17728,1720.870912,0.0,1726.17728,31605.010432
696124.10769,1726.17728,1720.870912,0.0,1726.17728,31605.256192
696224.245717,1726.17728,1720.870912,0.0,1726.17728,31605.501952
696326.096809,1726.17728,1720.870912,0.0,1726.17728,31605.485568
696426.485502,1726.17728,1720.870912,0.0,1726.17728,31605.469184
696526.196052,1726.17728,1720.870912,0.0,1726.17728,31605.714944
696624.779949,1726.17728,1720.870912,0.0,1726.17728,31605.90336
696721.558096,1726.17728,1720.870912,0.0,1726.17728,31605.886976
696823.854575,1726.17728,1720.870912,0.0,1726.17728,31605.706752
696921.117593,1726.17728,1720.870912,0.0,1726.17728,31605.690368
697021.130497,1726.17728,1720.870912,0.0,1726.17728,31605.669888
697123.543573,1726.17728,1720.870912,0.0,1726.17728,31605.653504
697223.910743,1726.17728,1720.870912,0.0,1726.17728,31604.850688
697328.14497,1726.17728,1720.870912,0.0,1726.17728,31604.813824
697426.819259,1726.17728,1720.870912,0.0,1726.17728,31605.059584
697526.45567,1726.17728,1720.870912,0.0,1726.17728,31605.047296
697626.429519,1726.17728,1720.870912,0.0,1726.17728,31605.030912
697726.978264,1726.17728,1720.870912,0.0,1726.17728,31605.014528
697827.162912,1726.17728,1720.870912,0.0,1726.17728,31605.260288
697927.057491,1726.17728,1720.870912,0.0,1726.17728,31605.243904
698025.737413,1726.17728,1720.870912,0.0,1726.17728,31605.22752
698122.706735,1726.17728,1720.870912,0.0,1726.17728,31605.211136
698220.629269,1726.17728,1720.870912,0.0,1726.17728,31605.194752
698320.825601,1726.17728,1720.870912,0.0,1726.17728,31605.178368
698420.748008,1726.17728,1720.870912,0.0,1726.17728,31605.161984
698519.469691,1726.17728,1720.870912,0.0,1726.17728,31605.1456
698616.126259,1726.17728,1720.870912,0.0,1726.17728,31605.129216
698716.048926,1726.17728,1720.870912,0.0,1726.17728,31605.112832
698815.858747,1726.17728,1720.870912,0.0,1726.17728,31605.096448
698919.533669,1726.17728,1720.870912,0.0,1726.17728,31605.080064
699016.879432,1726.17728,1720.870912,0.0,1726.17728,31605.06368
699116.968942,1726.17728,1720.870912,0.0,1726.17728,31605.301248
699217.436586,1726.17728,1720.870912,0.0,1726.17728,31604.768768
699320.485506,1726.17728,1720.870912,0.0,1726.17728,31604.494336
699419.793902,1726.17728,1720.870912,0.0,1726.17728,31604.740096
699519.848245,1726.17728,1720.870912,0.0,1726.17728,31604.985856
699620.142996,1726.17728,1720.870912,0.0,1726.17728,31604.969472
699720.644865,1726.17728,1720.870912,0.0,1726.17728,31604.69504
699820.260025,1726.17728,1720.870912,0.0,1726.17728,31604.678656
699918.77265,1726.17728,1720.870912,0.0,1726.17728,31604.662272
700015.612331,1726.17728,1720.870912,0.0,1726.17728,31604.645888
700115.009156,1726.17728,1720.870912,0.0,1726.17728,31605.153792
700216.686572,1726.17728,1720.870912,0.0,1726.17728,31604.875264
700316.546166,1726.17728,1720.870912,0.0,1726.17728,31604.785152
700420.753825,1726.17728,1720.870912,0.0,1726.17728,31604.764672
700517.801391,1726.17728,1720.870912,0.0,1726.17728,31605.010432
700618.000793,1726.17728,1720.870912,0.0,1726.17728,31604.731904
700718.237836,1726.17728,1720.870912,0.0,1726.17728,31607.803904
700818.365043,1726.17728,1720.870912,0.0,1726.17728,31607.615488
700917.867112,1726.17728,1720.870912,0.0,1726.17728,31607.451648
701019.970116,1726.17728,1720.870912,0.0,1726.17728,31607.578624
701124.587276,1726.17728,1720.870912,0.0,1726.17728,31607.750656
701231.19881,1726.17728,1720.870912,0.0,1726.17728,31607.15264
701333.134026,1726.17728,1720.870912,0.0,1726.17728,31607.136256
701438.306069,1726.17728,1720.870912,0.0,1726.17728,31607.373824
701538.026927,1726.17728,1720.870912,0.0,1726.17728,31607.619584
701640.214755,1726.17728,1720.870912,0.0,1726.17728,31607.6032
701742.713326,1726.17728,1720.870912,0.0,1726.17728,31607.31648
701848.110092,1726.17728,1720.870912,0.0,1726.17728,31607.300096
701951.774244,1726.17728,1720.870912,0.0,1726.17728,31607.283712
702052.281867,1726.17728,1720.870912,0.0,1726.17728,31607.267328
702152.012846,1726.17728,1720.870912,0.0,1726.17728,31607.136256
702254.384065,1726.17728,1720.870912,0.0,1726.17728,31606.870016
702351.802798,1728.335872,1725.986816,0.0,1728.335872,31611.834368
702454.678321,1731.293184,1725.986816,0.0,1731.293184,31611.817984
702554.170886,1731.293184,1725.986816,0.0,1731.293184,31611.8016
702654.14355,1731.293184,1725.986816,0.0,1731.293184,31612.04736
702754.36186,1731.293184,1725.986816,0.0,1731.293184,31612.030976
702855.160108,1731.293184,1725.986816,0.0,1731.293184,31611.86304
702955.511932,1731.293184,1725.986816,0.0,1731.293184,31611.846656
703057.769284,1731.293184,1725.986816,0.0,1731.293184,31611.826176
703157.71377,1731.293184,1725.986816,0.0,1731.293184,31611.809792
703259.961674,1731.293184,1725.986816,0.0,1731.293184,31611.711488
703359.960488,1731.293184,1725.986816,0.0,1731.293184,31611.695104
703462.701307,1731.293184,1725.986816,0.0,1731.293184,31611.67872
703560.383408,1731.293184,1725.986816,0.0,1731.293184,31611.92448
703663.570287,1731.293184,1725.986816,0.0,1731.293184,31611.908096
703762.861616,1731.293184,1725.986816,0.0,1731.293184,31611.891712
703862.916207,1731.293184,1725.986816,0.0,1731.293184,31611.875328
703963.205435,1731.293184,1725.986816,0.0,1731.293184,31611.858944
704064.016619,1731.293184,1725.986816,0.0,1731.293184,31611.84256
704164.495415,1731.293184,1725.986816,0.0,1731.293184,31611.826176
704264.350547,1731.293184,1725.986816,0.0,1731.293184,31612.071936
704363.096971,1731.293184,1725.986816,0.0,1731.293184,31612.055552
704460.093618,1731.293184,1725.986816,0.0,1731.293184,31612.039168
704557.684971,1731.293184,1725.986816,0.0,1731.293184,31612.022784
704657.805978,1731.293184,1725.986816,0.0,1731.293184,31612.0064
704757.621243,1731.293184,1725.986816,0.0,1731.293184,31611.57632
704856.454474,1731.293184,1725.986816,0.0,1731.293184,31611.559936
704953.250867,1731.293184,1725.986816,0.0,1731.293184,31611.539456
705052.415118,1731.293184,1725.986816,0.0,1731.293184,31611.523072
705153.199472,1731.293184,1725.986816,0.0,1731.293184,31611.506688
705253.232749,1731.293184,1725.986816,0.0,1731.293184,31611.22816
705356.288815,1731.293184,1725.986816,0.0,1731.293184,31610.83904
705456.126069,1731.293184,1725.986816,0.0,1731.293184,31610.822656
705555.904193,1731.293184,1725.986816,0.0,1731.293184,31611.33056
705656.155899,1731.293184,1725.986816,0.0,1731.293184,31611.57632
705756.500309,1731.293184,1725.986816,0.0,1731.293184,31611.305984
705856.759438,1731.293184,1725.986816,0.0,1731.293184,31611.2896
705956.920001,1731.293184,1725.986816,0.0,1731.293184,31611.273216
706056.391526,1731.293184,1725.986816,0.0,1731.293184,31611.256832
706154.079459,1731.293184,1725.986816,0.0,1731.293184,31611.502592
706251.463107,1731.293184,1725.986816,0.0,1731.293184,31611.486208
706351.406553,1731.293184,1725.986816,0.0,1731.293184,31611.469824
706452.128868,1731.293184,1725.986816,0.0,1731.293184,31611.715584
706552.38708,1731.293184,1725.986816,0.0,1731.293184,31611.6992
706652.38729,1731.293184,1725.986816,0.0,1731.293184,31611.94496
706751.990478,1731.293184,1725.986816,0.0,1731.293184,31611.666432
706853.10363,1731.293184,1725.986816,0.0,1731.293184,31611.650048
706951.940323,1731.293184,1725.986816,0.0,1731.293184,31611.633664
707048.768789,1731.293184,1725.986816,0.0,1731.293184,31611.61728
707148.238886,1731.293184,1725.986816,0.0,1731.293184,31611.86304
707247.980962,1731.293184,1725.986816,0.0,1731.293184,31611.846656
707348.239087,1731.293184,1725.986816,0.0,1731.293184,31611.830272
707448.76042,1731.293184,1725.986816,0.0,1731.293184,31611.813888
707549.532965,1731.293184,1725.986816,0.0,1731.293184,31611.797504
707652.014629,1731.293184,1725.986816,0.0,1731.293184,31612.043264
707752.375928,1731.293184,1725.986816,0.0,1731.293184,31611.764736
707852.451673,1731.293184,1725.986816,0.0,1731.293184,31611.748352
707952.596957,1731.293184,1725.986816,0.0,1731.293184,31611.731968
708052.96694,1731.293184,1725.986816,0.0,1731.293184,31611.715584
708153.25325,1731.293184,1725.986816,0.0,1731.293184,31611.6992
708253.132039,1731.293184,1725.986816,0.0,1731.293184,31611.682816
708351.750894,1731.293184,1725.986816,0.0,1731.293184,31611.666432
708448.765906,1731.293184,1725.986816,0.0,1731.293184,31611.650048
708548.226173,1731.293184,1725.986816,0.0,1731.293184,31611.633664
708648.811203,1731.293184,1725.986816,0.0,1731.293184,31611.879424
708748.866056,1731.293184,1725.986816,0.0,1731.293184,31611.871232
708850.836781,1731.293184,1725.986816,0.0,1731.293184,31611.854848
708950.810746,1731.293184,1725.986816,0.0,1731.293184,31611.838464
709050.636126,1731.293184,1725.986816,0.0,1731.293184,31611.82208
709151.013558,1731.293184,1725.986816,0.0,1731.293184,31612.06784
709250.723392,1731.293184,1725.986816,0.0,1731.293184,31612.051456
709349.179522,1731.293184,1725.986816,0.0,1731.293184,31612.035072
709445.976564,1731.293184,1725.986816,0.0,1731.293184,31612.018688
709545.488536,1731.293184,1725.986816,0.0,1731.293184,31612.002304
709645.708231,1731.293184,1725.986816,0.0,1731.293184,31612.248064
709745.887441,1731.293184,1725.986816,0.0,1731.293184,31611.96544
709849.463614,1731.293184,1725.986816,0.0,1731.293184,31611.949056
709952.980693,1731.293184,1725.986816,0.0,1731.293184,31611.932672
710052.658278,1731.293184,1725.986816,0.0,1731.293184,31611.392
710152.501421,1731.293184,1725.986816,0.0,1731.293184,31611.37152
710252.757012,1731.293184,1725.986816,0.0,1731.293184,31611.355136
710355.045683,1731.293184,1725.986816,0.0,1731.293184,31611.600896
710458.030819,1731.293184,1725.986816,0.0,1731.293184,31611.584512
710563.805438,1731.293184,1725.986816,0.0,1731.293184,31611.568128
710668.953496,1731.293184,1725.986816,0.0,1731.293184,31611.527168
710768.756945,1731.293184,1725.986816,0.0,1731.293184,31613.833216
710868.319652,1731.293184,1725.986816,0.0,1731.293184,31613.636608
710968.506566,1731.293184,1725.986816,0.0,1731.293184,31613.882368
711070.730728,1731.293184,1725.986816,0.0,1731.293184,31613.865984
711173.257593,1731.293184,1725.986816,0.0,1731.293184,31613.857792
711276.971293,1737.826304,1732.519936,0.0,1737.826304,31620.653056
711377.642606,1737.826304,1732.519936,0.0,1737.826304,31620.640768
711477.253923,1737.826304,1732.519936,0.0,1737.826304,31620.624384
711575.200852,1737.826304,1732.519936,0.0,1737.826304,31620.608
711676.561748,1737.826304,1732.519936,0.0,1737.826304,31620.85376
711773.887458,1737.826304,1732.519936,0.0,1737.826304,31620.58752
711873.841109,1737.826304,1732.519936,0.0,1737.826304,31620.571136
711973.839771,1737.826304,1732.519936,0.0,1737.826304,31620.816896
712074.410913,1737.826304,1732.519936,0.0,1737.826304,31621.287936
712174.736031,1737.826304,1732.519936,0.0,1737.826304,31620.759552
712275.06243,1737.826304,1732.519936,0.0,1737.826304,31620.231168
712375.569301,1737.826304,1732.519936,0.0,1737.826304,31620.214784
712476.019159,1737.826304,1732.519936,0.0,1737.826304,31620.460544
712576.634961,1737.826304,1732.519936,0.0,1737.826304,31620.182016
712676.9134,1737.826304,1732.519936,0.0,1737.826304,31620.427776
712776.205269,1737.826304,1732.519936,0.0,1737.826304,31620.149248
712876.998491,1737.826304,1732.519936,0.0,1737.826304,31620.34176
712974.742876,1737.826304,1732.519936,0.0,1737.826304,31620.325376
713072.117106,1737.826304,1732.519936,0.0,1737.826304,31620.308992
713172.398238,1737.826304,1732.519936,0.0,1737.826304,31620.292608
713272.624057,1737.826304,1732.519936,0.0,1737.826304,31620.01408
713372.87159,1737.826304,1732.519936,0.0,1737.826304,31619.997696
713473.684662,1737.826304,1732.519936,0.0,1737.826304,31619.981312
713573.884516,1737.826304,1732.519936,0.0,1737.826304,31620.227072
713674.603759,1737.826304,1732.519936,0.0,1737.826304,31620.468736
713775.272928,1737.826304,1732.519936,0.0,1737.826304,31620.194304
713875.793232,1737.826304,1732.519936,0.0,1737.826304,31620.17792
713975.899411,1737.826304,1732.519936,0.0,1737.826304,31620.161536
714074.775363,1737.826304,1732.519936,0.0,1737.826304,31620.145152
714171.719676,1737.826304,1732.519936,0.0,1737.826304,31620.124672
714269.539623,1737.826304,1732.519936,0.0,1737.826304,31619.85024
714369.836341,1737.826304,1732.519936,0.0,1737.826304,31619.842048
714470.30181,1737.826304,1732.519936,0.0,1737.826304,31619.837952
714571.067638,1737.826304,1732.519936,0.0,1737.826304,31619.82976
714671.504193,1737.826304,1732.519936,0.0,1737.826304,31620.087808
714771.625311,1737.826304,1732.519936,0.0,1737.826304,31619.833856
714873.442543,1737.826304,1732.519936,0.0,1737.826304,31619.936256
714973.62149,1737.826304,1732.519936,0.0,1737.826304,31619.919872
715073.242485,1737.826304,1732.519936,0.0,1737.826304,31619.80928
715171.866541,1737.826304,1732.519936,0.0,1737.826304,31619.792896
715269.279281,1737.826304,1732.519936,0.0,1737.826304,31619.657728
715367.202693,1737.826304,1732.519936,0.0,1737.826304,31619.3792
715467.702734,1737.826304,1732.519936,0.0,1737.826304,31619.362816
715568.299029,1737.826304,1732.519936,0.0,1737.826304,31619.342336
715671.061571,1737.826304,1732.519936,0.0,1737.826304,31619.588096
715772.779547,1737.826304,1732.519936,0.0,1737.826304,31619.309568
715872.491241,1737.826304,1732.519936,0.0,1737.826304,31619.293184
715973.068633,1737.826304,1732.519936,0.0,1737.826304,31619.2768
716073.125806,1737.826304,1732.519936,0.0,1737.826304,31619.260416
716173.461776,1737.826304,1732.519936,0.0,1737.826304,31619.506176
716274.086359,1737.826304,1732.519936,0.0,1737.826304,31619.489792
716377.428653,1737.826304,1732.519936,0.0,1737.826304,31619.473408
716479.298513,1737.826304,1732.519936,0.0,1737.826304,31619.719168
716579.412213,1737.826304,1732.519936,0.0,1737.826304,31619.964928
716681.418979,1737.826304,1732.519936,0.0,1737.826304,31620.210688
716784.841188,1737.826304,1732.519936,0.0,1737.826304,31619.940352
716889.850533,1737.826304,1732.519936,0.0,1737.826304,31619.923968
716992.709407,1737.826304,1732.519936,0.0,1737.826304,31619.907584
717094.574773,1737.826304,1732.519936,0.0,1737.826304,31619.62496
717194.294387,1737.826304,1732.519936,0.0,1737.826304,31619.87072
717294.226551,1737.826304,1732.519936,0.0,1737.826304,31619.854336
717399.010771,1737.826304,1732.519936,0.0,1737.826304,31619.837952
717501.293253,1737.826304,1732.519936,0.0,1737.826304,31620.083712
717604.090533,1737.826304,1732.519936,0.0,1737.826304,31619.80928
717725.648373,1737.826304,1732.519936,0.0,1737.826304,31620.038656
717825.796528,1737.834496,1732.528128,0.0,1737.834496,31619.760128
717925.954653,1737.834496,1732.528128,0.0,1737.834496,31619.743744
718025.992226,1737.834496,1732.528128,0.0,1737.834496,31619.72736
718125.551611,1737.834496,1732.528128,0.0,1737.834496,31619.97312
718223.52517,1737.834496,1732.528128,0.0,1737.834496,31620.21888
718320.813721,1737.834496,1732.528128,0.0,1737.834496,31620.202496
718420.837077,1737.834496,1732.528128,0.0,1737.834496,31620.186112
718521.212158,1737.834496,1732.528128,0.0,1737.834496,31620.169728
718621.695181,1737.834496,1732.528128,0.0,1737.834496,31620.153344
718722.333829,1737.834496,1732.528128,0.0,1737.834496,31620.399104
718822.973903,1737.834496,1732.528128,0.0,1737.834496,31620.120576
718923.60094,1737.834496,1732.528128,0.0,1737.834496,31620.104192
719023.906549,1737.834496,1732.528128,0.0,1737.834496,31620.087808
719124.183543,1737.834496,1732.528128,0.0,1737.834496,31620.071424
719224.055509,1737.834496,1732.528128,0.0,1737.834496,31620.05504
719322.746523,1737.834496,1732.528128,0.0,1737.834496,31620.038656
719419.781619,1737.834496,1732.528128,0.0,1737.834496,31620.022272
719519.31146,1737.834496,1732.528128,0.0,1737.834496,31620.005888
719619.852267,1737.834496,1732.528128,0.0,1737.834496,31619.989504
719720.141267,1737.834496,1732.528128,0.0,1737.834496,31620.235264
719820.63655,1737.834496,1732.528128,0.0,1737.834496,31620.222976
719921.133865,1737.834496,1732.528128,0.0,1737.834496,31620.206592
720021.600992,1737.834496,1732.528128,0.0,1737.834496,31620.190208
720122.033227,1737.834496,1732.528128,0.0,1737.834496,31620.173824
720222.69036,1737.834496,1732.528128,0.0,1737.834496,31619.633152
720322.957122,1737.834496,1732.528128,0.0,1737.834496,31619.616768
720422.747585,1737.834496,1732.528128,0.0,1737.834496,31619.600384
720521.600953,1737.834496,1732.528128,0.0,1737.834496,31619.584
720618.891086,1737.834496,1732.528128,0.0,1737.834496,31619.567616
720716.642141,1737.834496,1732.528128,0.0,1737.834496,31619.547136
720816.981824,1737.834496,1732.528128,0.0,1737.834496,31619.485696
720917.435575,1737.834496,1732.528128,0.0,1737.834496,31619.469312
721017.788087,1737.834496,1732.528128,0.0,1737.834496,31619.452928
721117.544929,1737.834496,1732.528128,0.0,1737.834496,31619.436544
721215.854963,1737.834496,1732.528128,0.0,1737.834496,31619.42016
721313.086452,1737.834496,1732.528128,0.0,1737.834496,31619.403776
721412.833518,1737.834496,1732.528128,0.0,1737.834496,31619.649536
721512.890279,1737.834496,1732.528128,0.0,1737.834496,31619.858432
721613.23613,1737.834496,1732.528128,0.0,1737.834496,31619.842048
721713.851587,1737.834496,1732.528128,0.0,1737.834496,31619.825664
721814.689442,1737.834496,1732.528128,0.0,1737.834496,31618.891776
721915.599589,1737.834496,1732.528128,0.0,1737.834496,31618.875392
722015.998061,1737.834496,1732.528128,0.0,1737.834496,31618.715648
722116.159304,1737.834496,1732.528128,0.0,1737.834496,31618.961408
722214.925346,1737.834496,1732.528128,0.0,1737.834496,31618.945024
722312.624698,1737.834496,1732.528128,0.0,1737.834496,31618.92864
722409.287908,1737.834496,1732.528128,0.0,1737.834496,31618.912256
722508.890106,1737.834496,1732.528128,0.0,1737.834496,31619.158016
722607.800549,1737.834496,1732.528128,0.0,1737.834496,31618.883584
722704.74951,1737.834496,1732.528128,0.0,1737.834496,31618.8672
722801.282269,1737.834496,1732.528128,0.0,1737.834496,31618.859008
722901.07971,1737.834496,1732.528128,0.0,1737.834496,31618.842624
722999.48816,1737.834496,1732.528128,0.0,1737.834496,31619.084288
723096.106385,1737.834496,1732.528128,0.0,1737.834496,31619.067904
723195.134907,1737.834496,1732.528128,0.0,1737.834496,31619.05152
723294.822623,1737.834496,1732.528128,0.0,1737.834496,31618.772992
723394.202652,1737.834496,1732.528128,0.0,1737.834496,31618.486272
723491.878779,1737.834496,1732.528128,0.0,1737.834496,31618.469888
723591.680873,1737.834496,1732.528128,0.0,1737.834496,31618.453504
723694.083549,1737.834496,1732.528128,0.0,1737.834496,31618.43712
723792.912316,1737.834496,1732.528128,0.0,1737.834496,31618.424832
723892.010491,1737.834496,1732.528128,0.0,1737.834496,31618.408448
723993.484995,1737.834496,1732.528128,0.0,1737.834496,31618.392064
724097.658404,1737.834496,1732.528128,0.0,1737.834496,31618.633728
724199.876947,1737.834496,1732.528128,0.0,1737.834496,31618.617344
724302.099403,1737.834496,1732.528128,0.0,1737.834496,31618.60096
724404.160113,1737.834496,1732.528128,0.0,1737.834496,31618.584576
724505.862728,1737.834496,1732.528128,0.0,1737.834496,31618.568192
724607.737902,1737.834496,1732.528128,0.0,1737.834496,31618.813952
724709.270937,1737.834496,1732.528128,0.0,1737.834496,31618.797568
724811.925055,1737.834496,1732.528128,0.0,1737.834496,31619.043328
724915.145376,1737.834496,1732.528128,0.0,1737.834496,31619.026944
724993.689746,1737.834496,1732.528128,0.0,1737.834496,31619.25632
